step,sim_time,x,y,yaw,subgoal,num_nodes,sg_x,sg_y,sg_yaw,goal_local_x,goal_local_y,goal_bearing_deg,pred_bearing_deg,modality,controller,v,w,latency,dist,similarity,state,wp0_x,wp0_y,wp0_yaw_deg,wp1_x,wp1_y,wp1_yaw_deg,wp2_x,wp2_y,wp2_yaw_deg,wp3_x,wp3_y,wp3_yaw_deg,wp4_x,wp4_y,wp4_yaw_deg,wp5_x,wp5_y,wp5_yaw_deg,wp6_x,wp6_y,wp6_yaw_deg,wp7_x,wp7_y,wp7_yaw_deg
1,1000.1,0,0,0,0,24,0,0,0,0,0,0,104.21,6,trajectory,0.041077,1,0.13105,0,1,running,0.023546,0.036086,0.43684,0.006435,0.068461,176.15,-0.0079257,0.048692,7.6434,-0.037259,0.042882,119.26,-0.0070727,0.027921,-132.59,-0.010345,0.036973,-44.352,-0.0032331,0.056387,-130.08,-0.015008,0.072643,-97.426
2,1000.3,0,0,0,0,24,0,0,0,0,0,0,104.21,6,trajectory,0.041077,1,0.10856,0,1,running,0.023546,0.036086,0.43684,0.006435,0.068461,176.15,-0.0079257,0.048692,7.6434,-0.037259,0.042882,119.26,-0.0070727,0.027921,-132.59,-0.010345,0.036973,-44.352,-0.0032331,0.056387,-130.08,-0.015008,0.072643,-97.426
3,1000.4,0,0,0,0,24,0,0,0,0,0,0,104.21,6,trajectory,0.041077,1,0.10691,0,1,running,0.023546,0.036086,0.43684,0.006435,0.068461,176.15,-0.0079257,0.048692,7.6434,-0.037259,0.042882,119.26,-0.0070727,0.027921,-132.59,-0.010345,0.036973,-44.352,-0.0032331,0.056387,-130.08,-0.015008,0.072643,-97.426
4,1000.6,0,0,0,0,24,0,0,0,0,0,0,104.21,6,trajectory,0.041077,1,0.10907,0,1,running,0.023546,0.036086,0.43684,0.006435,0.068461,176.15,-0.0079257,0.048692,7.6434,-0.037259,0.042882,119.26,-0.0070727,0.027921,-132.59,-0.010345,0.036973,-44.352,-0.0032331,0.056387,-130.08,-0.015008,0.072643,-97.426
5,1000.7,0,0,0,0,24,0,0,0,0,0,0,104.21,6,trajectory,0.041077,1,0.10713,0,1,running,0.023546,0.036086,0.43684,0.006435,0.068461,176.15,-0.0079257,0.048692,7.6434,-0.037259,0.042882,119.26,-0.0070727,0.027921,-132.59,-0.010345,0.036973,-44.352,-0.0032331,0.056387,-130.08,-0.015008,0.072643,-97.426
6,1000.8,0,0,0,0,24,0,0,0,0,0,0,104.21,6,trajectory,0.041077,1,0.12367,0,1,running,0.023546,0.036086,0.43684,0.006435,0.068461,176.15,-0.0079257,0.048692,7.6434,-0.037259,0.042882,119.26,-0.0070727,0.027921,-132.59,-0.010345,0.036973,-44.352,-0.0032331,0.056387,-130.08,-0.015008,0.072643,-97.426
7,1001,0,0,0,0,24,0,0,0,0,0,0,104.21,6,trajectory,0.041077,1,0.11095,0,1,running,0.023546,0.036086,0.43684,0.006435,0.068461,176.15,-0.0079257,0.048692,7.6434,-0.037259,0.042882,119.26,-0.0070727,0.027921,-132.59,-0.010345,0.036973,-44.352,-0.0032331,0.056387,-130.08,-0.015008,0.072643,-97.426
8,1001.1,0,0,0,0,24,0,0,0,0,0,0,104.21,6,trajectory,0.041077,1,0.10775,0,1,running,0.023546,0.036086,0.43684,0.006435,0.068461,176.15,-0.0079257,0.048692,7.6434,-0.037259,0.042882,119.26,-0.0070727,0.027921,-132.59,-0.010345,0.036973,-44.352,-0.0032331,0.056387,-130.08,-0.015008,0.072643,-97.426
9,1001.2,0,0,0,0,24,0,0,0,0,0,0,104.21,6,trajectory,0.041077,1,0.1034,0,1,running,0.023546,0.036086,0.43684,0.006435,0.068461,176.15,-0.0079257,0.048692,7.6434,-0.037259,0.042882,119.26,-0.0070727,0.027921,-132.59,-0.010345,0.036973,-44.352,-0.0032331,0.056387,-130.08,-0.015008,0.072643,-97.426
10,1001.4,0,0,0,0,24,0,0,0,0,0,0,104.21,6,trajectory,0.041077,1,0.1039,0,1,running,0.023546,0.036086,0.43684,0.006435,0.068461,176.15,-0.0079257,0.048692,7.6434,-0.037259,0.042882,119.26,-0.0070727,0.027921,-132.59,-0.010345,0.036973,-44.352,-0.0032331,0.056387,-130.08,-0.015008,0.072643,-97.426
11,1001.5,0,0,0,0,24,0,0,0,0,0,0,104.21,6,trajectory,0.041077,1,0.10517,0,1,running,0.023546,0.036086,0.43684,0.006435,0.068461,176.15,-0.0079257,0.048692,7.6434,-0.037259,0.042882,119.26,-0.0070727,0.027921,-132.59,-0.010345,0.036973,-44.352,-0.0032331,0.056387,-130.08,-0.015008,0.072643,-97.426
12,1001.6,0,0,0,0,24,0,0,0,0,0,0,104.21,6,trajectory,0.041077,1,0.10604,0,1,running,0.023546,0.036086,0.43684,0.006435,0.068461,176.15,-0.0079257,0.048692,7.6434,-0.037259,0.042882,119.26,-0.0070727,0.027921,-132.59,-0.010345,0.036973,-44.352,-0.0032331,0.056387,-130.08,-0.015008,0.072643,-97.426
13,1001.7,0,0,0,0,24,0,0,0,0,0,0,104.21,6,trajectory,0.041077,1,0.10553,0,1,running,0.023546,0.036086,0.43684,0.006435,0.068461,176.15,-0.0079257,0.048692,7.6434,-0.037259,0.042882,119.26,-0.0070727,0.027921,-132.59,-0.010345,0.036973,-44.352,-0.0032331,0.056387,-130.08,-0.015008,0.072643,-97.426
14,1001.9,0,0,0,0,24,0,0,0,0,0,0,104.21,6,trajectory,0.041077,1,0.10669,0,1,running,0.023546,0.036086,0.43684,0.006435,0.068461,176.15,-0.0079257,0.048692,7.6434,-0.037259,0.042882,119.26,-0.0070727,0.027921,-132.59,-0.010345,0.036973,-44.352,-0.0032331,0.056387,-130.08,-0.015008,0.072643,-97.426
15,1002,0,0,0,0,24,0,0,0,0,0,0,104.21,6,trajectory,0.041077,1,0.103,0,1,running,0.023546,0.036086,0.43684,0.006435,0.068461,176.15,-0.0079257,0.048692,7.6434,-0.037259,0.042882,119.26,-0.0070727,0.027921,-132.59,-0.010345,0.036973,-44.352,-0.0032331,0.056387,-130.08,-0.015008,0.072643,-97.426
16,1002.1,0,0,0,0,24,0,0,0,0,0,0,104.21,6,trajectory,0.041077,1,0.10673,0,1,running,0.023546,0.036086,0.43684,0.006435,0.068461,176.15,-0.0079257,0.048692,7.6434,-0.037259,0.042882,119.26,-0.0070727,0.027921,-132.59,-0.010345,0.036973,-44.352,-0.0032331,0.056387,-130.08,-0.015008,0.072643,-97.426
17,1002.3,0.036,2.16e-06,0.00012,0,24,0,0,0,-0.036,2.16e-06,180,104.21,6,trajectory,0.041077,1,0.10467,0.036,1,running,0.023546,0.036086,0.43684,0.006435,0.068461,176.15,-0.0079257,0.048692,7.6434,-0.037259,0.042882,119.26,-0.0070727,0.027921,-132.59,-0.010345,0.036973,-44.352,-0.0032331,0.056387,-130.08,-0.015008,0.072643,-97.426
18,1002.4,0.12,2.4e-05,0.0004,0,24,0,0,0,-0.12,2.4e-05,179.99,104.21,6,trajectory,0.041077,1,0.10423,0.12,1,running,0.023546,0.036086,0.43684,0.006435,0.068461,176.15,-0.0079257,0.048692,7.6434,-0.037259,0.042882,119.26,-0.0070727,0.027921,-132.59,-0.010345,0.036973,-44.352,-0.0032331,0.056387,-130.08,-0.015008,0.072643,-97.426
19,1002.5,0.192,6.144e-05,0.00064,0,24,0,0,0,-0.192,6.144e-05,179.98,104.21,6,trajectory,0.041077,1,0.1056,0.192,1,running,0.023546,0.036086,0.43684,0.006435,0.068461,176.15,-0.0079257,0.048692,7.6434,-0.037259,0.042882,119.26,-0.0070727,0.027921,-132.59,-0.010345,0.036973,-44.352,-0.0032331,0.056387,-130.08,-0.015008,0.072643,-97.426
20,1002.6,0.264,0.00011616,0.00088,0,24,0,0,0,-0.264,0.00011616,179.97,104.21,6,trajectory,0.041077,1,0.10522,0.264,1,running,0.023546,0.036086,0.43684,0.006435,0.068461,176.15,-0.0079257,0.048692,7.6434,-0.037259,0.042882,119.26,-0.0070727,0.027921,-132.59,-0.010345,0.036973,-44.352,-0.0032331,0.056387,-130.08,-0.015008,0.072643,-97.426
21,1002.8,0.348,0.00020184,0.00116,1,24,1.044,0.0018166,0.00348,0.696,0.00080736,0.066463,104.21,6,trajectory,0.041077,1,0.10821,0.348,1,running,0.023546,0.036086,0.43684,0.006435,0.068461,176.15,-0.0079257,0.048692,7.6434,-0.037259,0.042882,119.26,-0.0070727,0.027921,-132.59,-0.010345,0.036973,-44.352,-0.0032331,0.056387,-130.08,-0.015008,0.072643,-97.426
22,1002.9,0.42,0.000294,0.0014,1,24,1.044,0.0018166,0.00348,0.624,0.00064896,0.059588,104.21,6,trajectory,0.041077,1,0.10691,0.624,1,running,0.023546,0.036086,0.43684,0.006435,0.068461,176.15,-0.0079257,0.048692,7.6434,-0.037259,0.042882,119.26,-0.0070727,0.027921,-132.59,-0.010345,0.036973,-44.352,-0.0032331,0.056387,-130.08,-0.015008,0.072643,-97.426
23,1003,0.504,0.00042336,0.00168,1,24,1.044,0.0018166,0.00348,0.54,0.000486,0.051566,104.21,6,trajectory,0.041077,1,0.11202,0.54,1,running,0.023546,0.036086,0.43684,0.006435,0.068461,176.15,-0.0079257,0.048692,7.6434,-0.037259,0.042882,119.26,-0.0070727,0.027921,-132.59,-0.010345,0.036973,-44.352,-0.0032331,0.056387,-130.08,-0.015008,0.072643,-97.426
24,1003.2,0.588,0.00057624,0.00196,1,24,1.044,0.0018166,0.00348,0.456,0.00034656,0.043545,104.21,6,trajectory,0.041077,1,0.11523,0.456,1,running,0.023546,0.036086,0.43684,0.006435,0.068461,176.15,-0.0079257,0.048692,7.6434,-0.037259,0.042882,119.26,-0.0070727,0.027921,-132.59,-0.010345,0.036973,-44.352,-0.0032331,0.056387,-130.08,-0.015008,0.072643,-97.426
25,1003.3,0.672,0.00075264,0.00224,2,24,2.124,0.0075189,0.00708,1.452,0.0035138,0.13866,104.21,6,trajectory,0.041077,1,0.11889,0.372,1,running,0.023546,0.036086,0.43684,0.006435,0.068461,176.15,-0.0079257,0.048692,7.6434,-0.037259,0.042882,119.26,-0.0070727,0.027921,-132.59,-0.010345,0.036973,-44.352,-0.0032331,0.056387,-130.08,-0.015008,0.072643,-97.426
26,1003.5,0.756,0.00095256,0.00252,2,24,2.124,0.0075189,0.00708,1.368,0.003119,0.13063,104.21,6,trajectory,0.041077,1,0.11724,1.368,1,running,0.023546,0.036086,0.43684,0.006435,0.068461,176.15,-0.0079257,0.048692,7.6434,-0.037259,0.042882,119.26,-0.0070727,0.027921,-132.59,-0.010345,0.036973,-44.352,-0.0032331,0.056387,-130.08,-0.015008,0.072643,-97.426
27,1003.6,0.852,0.0012098,0.00284,2,24,2.124,0.0075189,0.00708,1.272,0.0026966,0.12147,104.21,6,trajectory,0.041077,1,0.10974,1.272,1,running,0.023546,0.036086,0.43684,0.006435,0.068461,176.15,-0.0079257,0.048692,7.6434,-0.037259,0.042882,119.26,-0.0070727,0.027921,-132.59,-0.010345,0.036973,-44.352,-0.0032331,0.056387,-130.08,-0.015008,0.072643,-97.426
28,1003.7,0.924,0.001423,0.00308,2,24,2.124,0.0075189,0.00708,1.2,0.0024,0.11459,104.21,6,trajectory,0.041077,1,0.10802,1.2,1,running,0.023546,0.036086,0.43684,0.006435,0.068461,176.15,-0.0079257,0.048692,7.6434,-0.037259,0.042882,119.26,-0.0070727,0.027921,-132.59,-0.010345,0.036973,-44.352,-0.0032331,0.056387,-130.08,-0.015008,0.072643,-97.426
29,1003.9,1.008,0.0016934,0.00336,3,24,3.2039,0.017109,0.01068,2.196,0.0080373,0.2097,104.21,6,trajectory,0.041077,1,0.1063,1.116,1,running,0.023546,0.036086,0.43684,0.006435,0.068461,176.15,-0.0079257,0.048692,7.6434,-0.037259,0.042882,119.26,-0.0070727,0.027921,-132.59,-0.010345,0.036973,-44.352,-0.0032331,0.056387,-130.08,-0.015008,0.072643,-97.426
30,1004,1.08,0.001944,0.0036,3,24,3.2039,0.017109,0.01068,2.124,0.0075189,0.20283,104.21,6,trajectory,0.041077,1,0.10572,2.124,1,running,0.023546,0.036086,0.43684,0.006435,0.068461,176.15,-0.0079257,0.048692,7.6434,-0.037259,0.042882,119.26,-0.0070727,0.027921,-132.59,-0.010345,0.036973,-44.352,-0.0032331,0.056387,-130.08,-0.015008,0.072643,-97.426
31,1004.1,1.164,0.0022582,0.00388,3,24,3.2039,0.017109,0.01068,2.04,0.006936,0.19481,104.21,6,trajectory,0.041077,1,0.10749,2.04,1,running,0.023546,0.036086,0.43684,0.006435,0.068461,176.15,-0.0079257,0.048692,7.6434,-0.037259,0.042882,119.26,-0.0070727,0.027921,-132.59,-0.010345,0.036973,-44.352,-0.0032331,0.056387,-130.08,-0.015008,0.072643,-97.426
32,1004.3,1.248,0.0025958,0.00416,3,24,3.2039,0.017109,0.01068,1.956,0.0063765,0.18678,104.21,6,trajectory,0.041077,1,0.10475,1.956,1,running,0.023546,0.036086,0.43684,0.006435,0.068461,176.15,-0.0079257,0.048692,7.6434,-0.037259,0.042882,119.26,-0.0070727,0.027921,-132.59,-0.010345,0.036973,-44.352,-0.0032331,0.056387,-130.08,-0.015008,0.072643,-97.426
33,1004.4,1.32,0.002904,0.0044,4,24,4.2839,0.030587,0.01428,2.964,0.014642,0.28304,104.21,6,trajectory,0.041077,1,0.10604,1.884,1,running,0.023546,0.036086,0.43684,0.006435,0.068461,176.15,-0.0079257,0.048692,7.6434,-0.037259,0.042882,119.26,-0.0070727,0.027921,-132.59,-0.010345,0.036973,-44.352,-0.0032331,0.056387,-130.08,-0.015008,0.072643,-97.426
34,1004.5,1.404,0.0032854,0.00468,4,24,4.2839,0.030587,0.01428,2.88,0.013824,0.27502,104.21,6,trajectory,0.041077,1,0.11283,2.88,1,running,0.023546,0.036086,0.43684,0.006435,0.068461,176.15,-0.0079257,0.048692,7.6434,-0.037259,0.042882,119.26,-0.0070727,0.027921,-132.59,-0.010345,0.036973,-44.352,-0.0032331,0.056387,-130.08,-0.015008,0.072643,-97.426
35,1004.7,1.488,0.0036902,0.00496,4,24,4.2839,0.030587,0.01428,2.796,0.013029,0.267,104.21,6,trajectory,0.041077,1,0.10579,2.796,1,running,0.023546,0.036086,0.43684,0.006435,0.068461,176.15,-0.0079257,0.048692,7.6434,-0.037259,0.042882,119.26,-0.0070727,0.027921,-132.59,-0.010345,0.036973,-44.352,-0.0032331,0.056387,-130.08,-0.015008,0.072643,-97.426
36,1004.8,1.572,0.0041186,0.00524,4,24,4.2839,0.030587,0.01428,2.712,0.012258,0.25898,104.21,6,trajectory,0.041077,1,0.1167,2.712,1,running,0.023546,0.036086,0.43684,0.006435,0.068461,176.15,-0.0079257,0.048692,7.6434,-0.037259,0.042882,119.26,-0.0070727,0.027921,-132.59,-0.010345,0.036973,-44.352,-0.0032331,0.056387,-130.08,-0.015008,0.072643,-97.426
37,1004.9,1.656,0.0045705,0.00552,4,24,4.2839,0.030587,0.01428,2.628,0.011511,0.25096,104.21,6,trajectory,0.041077,1,0.10615,2.628,1,running,0.023546,0.036086,0.43684,0.006435,0.068461,176.15,-0.0079257,0.048692,7.6434,-0.037259,0.042882,119.26,-0.0070727,0.027921,-132.59,-0.010345,0.036973,-44.352,-0.0032331,0.056387,-130.08,-0.015008,0.072643,-97.426
38,1005.1,1.728,0.0049766,0.00576,4,24,4.2839,0.030587,0.01428,2.556,0.010888,0.24408,104.21,6,trajectory,0.041077,1,0.10686,2.556,1,running,0.023546,0.036086,0.43684,0.006435,0.068461,176.15,-0.0079257,0.048692,7.6434,-0.037259,0.042882,119.26,-0.0070727,0.027921,-132.59,-0.010345,0.036973,-44.352,-0.0032331,0.056387,-130.08,-0.015008,0.072643,-97.426
39,1005.2,1.812,0.0054722,0.00604,4,24,4.2839,0.030587,0.01428,2.472,0.010185,0.23606,104.21,6,trajectory,0.041077,1,0.10594,2.472,1,running,0.023546,0.036086,0.43684,0.006435,0.068461,176.15,-0.0079257,0.048692,7.6434,-0.037259,0.042882,119.26,-0.0070727,0.027921,-132.59,-0.010345,0.036973,-44.352,-0.0032331,0.056387,-130.08,-0.015008,0.072643,-97.426
40,1005.3,1.884,0.0059157,0.00628,5,24,5.3637,0.047953,0.01788,3.4799,0.020184,0.33232,104.21,6,trajectory,0.041077,1,0.10559,2.4,1,running,0.023546,0.036086,0.43684,0.006435,0.068461,176.15,-0.0079257,0.048692,7.6434,-0.037259,0.042882,119.26,-0.0070727,0.027921,-132.59,-0.010345,0.036973,-44.352,-0.0032331,0.056387,-130.08,-0.015008,0.072643,-97.426
41,1005.5,1.968,0.006455,0.00656,5,24,5.3637,0.047953,0.01788,3.3959,0.019221,0.32429,104.21,6,trajectory,0.041077,1,0.10628,3.396,1,running,0.023546,0.036086,0.43684,0.006435,0.068461,176.15,-0.0079257,0.048692,7.6434,-0.037259,0.042882,119.26,-0.0070727,0.027921,-132.59,-0.010345,0.036973,-44.352,-0.0032331,0.056387,-130.08,-0.015008,0.072643,-97.426
42,1005.6,2.052,0.0070178,0.00684,5,24,5.3637,0.047953,0.01788,3.3119,0.018282,0.31627,104.21,6,trajectory,0.041077,1,0.10675,3.312,1,running,0.023546,0.036086,0.43684,0.006435,0.068461,176.15,-0.0079257,0.048692,7.6434,-0.037259,0.042882,119.26,-0.0070727,0.027921,-132.59,-0.010345,0.036973,-44.352,-0.0032331,0.056387,-130.08,-0.015008,0.072643,-97.426
43,1005.7,2.124,0.0075189,0.00708,5,24,5.3637,0.047953,0.01788,3.2399,0.017496,0.3094,104.21,6,trajectory,0.041077,1,0.10734,3.24,1,running,0.023546,0.036086,0.43684,0.006435,0.068461,176.15,-0.0079257,0.048692,7.6434,-0.037259,0.042882,119.26,-0.0070727,0.027921,-132.59,-0.010345,0.036973,-44.352,-0.0032331,0.056387,-130.08,-0.015008,0.072643,-97.426
44,1005.9,2.208,0.0081254,0.00736,5,24,5.3637,0.047953,0.01788,3.1559,0.0166,0.30138,104.21,6,trajectory,0.041077,1,0.10988,3.156,1,running,0.023546,0.036086,0.43684,0.006435,0.068461,176.15,-0.0079257,0.048692,7.6434,-0.037259,0.042882,119.26,-0.0070727,0.027921,-132.59,-0.010345,0.036973,-44.352,-0.0032331,0.056387,-130.08,-0.015008,0.072643,-97.426
45,1006,2.28,0.008664,0.0076,5,24,5.3637,0.047953,0.01788,3.0839,0.015852,0.2945,104.21,6,trajectory,0.041077,1,0.11815,3.084,1,running,0.023546,0.036086,0.43684,0.006435,0.068461,176.15,-0.0079257,0.048692,7.6434,-0.037259,0.042882,119.26,-0.0070727,0.027921,-132.59,-0.010345,0.036973,-44.352,-0.0032331,0.056387,-130.08,-0.015008,0.072643,-97.426
46,1006.1,2.364,0.0093141,0.00788,5,24,5.3637,0.047953,0.01788,3,0.015,0.28648,104.21,6,trajectory,0.041077,1,0.1097,3,1,running,0.023546,0.036086,0.43684,0.006435,0.068461,176.15,-0.0079257,0.048692,7.6434,-0.037259,0.042882,119.26,-0.0070727,0.027921,-132.59,-0.010345,0.036973,-44.352,-0.0032331,0.056387,-130.08,-0.015008,0.072643,-97.426
47,1006.3,2.448,0.0099878,0.00816,5,24,5.3637,0.047953,0.01788,2.916,0.014172,0.27846,104.21,6,trajectory,0.041077,1,0.11107,2.916,1,running,0.023546,0.036086,0.43684,0.006435,0.068461,176.15,-0.0079257,0.048692,7.6434,-0.037259,0.042882,119.26,-0.0070727,0.027921,-132.59,-0.010345,0.036973,-44.352,-0.0032331,0.056387,-130.08,-0.015008,0.072643,-97.426
48,1006.4,2.532,0.010685,0.00844,5,24,5.3637,0.047953,0.01788,2.832,0.013367,0.27044,104.21,6,trajectory,0.041077,1,0.10787,2.832,1,running,0.023546,0.036086,0.43684,0.006435,0.068461,176.15,-0.0079257,0.048692,7.6434,-0.037259,0.042882,119.26,-0.0070727,0.027921,-132.59,-0.010345,0.036973,-44.352,-0.0032331,0.056387,-130.08,-0.015008,0.072643,-97.426
49,1006.5,2.604,0.011301,0.00868,5,24,5.3637,0.047953,0.01788,2.76,0.012696,0.26356,104.21,6,trajectory,0.041077,1,0.10462,2.76,1,running,0.023546,0.036086,0.43685,0.006435,0.068461,176.15,-0.0079257,0.048692,7.6434,-0.037259,0.042882,119.26,-0.0070727,0.027921,-132.59,-0.010345,0.036973,-44.352,-0.0032331,0.056387,-130.08,-0.015008,0.072643,-97.426
50,1006.7,2.688,0.012042,0.00896,5,24,5.3637,0.047953,0.01788,2.676,0.011935,0.25554,104.21,6,trajectory,0.041077,1,0.10399,2.676,1,running,0.023546,0.036086,0.43684,0.006435,0.068461,176.15,-0.0079257,0.048692,7.6434,-0.037259,0.042882,119.26,-0.0070727,0.027921,-132.59,-0.010345,0.036973,-44.352,-0.0032331,0.056387,-130.08,-0.015008,0.072643,-97.426
51,1006.8,2.76,0.012696,0.0092,5,24,5.3637,0.047953,0.01788,2.604,0.011301,0.24866,104.21,6,trajectory,0.041077,1,0.10531,2.604,1,running,0.023546,0.036086,0.43684,0.006435,0.068461,176.15,-0.0079257,0.048692,7.6434,-0.037259,0.042882,119.26,-0.0070727,0.027921,-132.59,-0.010345,0.036973,-44.352,-0.0032331,0.056387,-130.08,-0.015008,0.072643,-97.426
52,1006.9,2.844,0.01348,0.00948,5,24,5.3637,0.047953,0.01788,2.52,0.010584,0.24064,104.21,6,trajectory,0.041077,1,0.10515,2.52,1,running,0.023546,0.036086,0.43684,0.006435,0.068461,176.15,-0.0079257,0.048692,7.6434,-0.037259,0.042882,119.26,-0.0070727,0.027921,-132.59,-0.010345,0.036973,-44.352,-0.0032331,0.056387,-130.08,-0.015008,0.072643,-97.426
53,1007.1,2.916,0.014172,0.00972,5,24,5.3637,0.047953,0.01788,2.448,0.0099878,0.23377,104.21,6,trajectory,0.041077,1,0.10502,2.448,1,running,0.023546,0.036086,0.43684,0.006435,0.068461,176.15,-0.0079257,0.048692,7.6434,-0.037259,0.042882,119.26,-0.0070727,0.027921,-132.59,-0.010345,0.036973,-44.352,-0.0032331,0.056387,-130.08,-0.015008,0.072643,-97.426
54,1007.2,3,0.015,0.01,6,24,6.4435,0.069206,0.02148,3.4439,0.019768,0.32888,104.21,6,trajectory,0.041077,1,0.10885,2.364,1,running,0.023546,0.036086,0.43684,0.006435,0.068461,176.15,-0.0079257,0.048692,7.6434,-0.037259,0.042882,119.26,-0.0070727,0.027921,-132.59,-0.010345,0.036973,-44.352,-0.0032331,0.056387,-130.08,-0.015008,0.072643,-97.426
55,1007.3,3.0719,0.015729,0.01024,6,24,6.4435,0.069206,0.02148,3.3719,0.01895,0.322,104.21,6,trajectory,0.041077,1,0.10825,3.372,1,running,0.023546,0.036086,0.43684,0.006435,0.068461,176.15,-0.0079257,0.048692,7.6434,-0.037259,0.042882,119.26,-0.0070727,0.027921,-132.59,-0.010345,0.036973,-44.352,-0.0032331,0.056387,-130.08,-0.015008,0.072643,-97.426
56,1007.5,3.1559,0.0166,0.01052,6,24,6.4435,0.069206,0.02148,3.2879,0.018018,0.31398,104.21,6,trajectory,0.041077,1,0.10506,3.288,1,running,0.023546,0.036086,0.43684,0.006435,0.068461,176.15,-0.0079257,0.048692,7.6434,-0.037259,0.042882,119.26,-0.0070727,0.027921,-132.59,-0.010345,0.036973,-44.352,-0.0032331,0.056387,-130.08,-0.015008,0.072643,-97.426
57,1007.6,3.2399,0.017496,0.0108,6,24,6.4435,0.069206,0.02148,3.2039,0.017109,0.30596,104.21,6,trajectory,0.041077,1,0.1227,3.204,1,running,0.023546,0.036086,0.43684,0.006435,0.068461,176.15,-0.0079257,0.048692,7.6434,-0.037259,0.042882,119.26,-0.0070727,0.027921,-132.59,-0.010345,0.036973,-44.352,-0.0032331,0.056387,-130.08,-0.015008,0.072643,-97.426
58,1007.7,3.3239,0.018415,0.01108,6,24,6.4435,0.069206,0.02148,3.1199,0.016224,0.29794,104.21,6,trajectory,0.041077,1,0.1198,3.12,1,running,0.023546,0.036086,0.43684,0.006435,0.068461,176.15,-0.0079257,0.048692,7.6434,-0.037259,0.042882,119.26,-0.0070727,0.027921,-132.59,-0.010345,0.036973,-44.352,-0.0032331,0.056387,-130.08,-0.015008,0.072643,-97.426
59,1007.9,3.4079,0.019357,0.01136,6,24,6.4435,0.069206,0.02148,3.0359,0.015362,0.28992,104.21,6,trajectory,0.041077,1,0.10447,3.036,1,running,0.023546,0.036086,0.43684,0.006435,0.068461,176.15,-0.0079257,0.048692,7.6434,-0.037259,0.042882,119.26,-0.0070727,0.027921,-132.59,-0.010345,0.036973,-44.352,-0.0032331,0.056387,-130.08,-0.015008,0.072643,-97.426
60,1008,3.4919,0.020323,0.01164,6,24,6.4435,0.069206,0.02148,2.952,0.014524,0.2819,104.21,6,trajectory,0.041077,1,0.11655,2.952,1,running,0.023546,0.036086,0.43684,0.006435,0.068461,176.15,-0.0079257,0.048692,7.6434,-0.037259,0.042882,119.26,-0.0070727,0.027921,-132.59,-0.010345,0.036973,-44.352,-0.0032331,0.056387,-130.08,-0.015008,0.072643,-97.426
61,1008.1,3.5759,0.021313,0.01192,6,24,6.4435,0.069206,0.02148,2.868,0.013709,0.27387,104.21,6,trajectory,0.041077,1,0.10504,2.868,1,running,0.023546,0.036086,0.43684,0.006435,0.068461,176.15,-0.0079257,0.048692,7.6434,-0.037259,0.042882,119.26,-0.0070727,0.027921,-132.59,-0.010345,0.036973,-44.352,-0.0032331,0.056387,-130.08,-0.015008,0.072643,-97.426
62,1008.3,3.6479,0.02218,0.01216,6,24,6.4435,0.069206,0.02148,2.796,0.013029,0.267,104.21,6,trajectory,0.041077,1,0.11155,2.796,1,running,0.023546,0.036086,0.43684,0.006435,0.068461,176.15,-0.0079257,0.048692,7.6434,-0.037259,0.042882,119.26,-0.0070727,0.027921,-132.59,-0.010345,0.036973,-44.352,-0.0032331,0.056387,-130.08,-0.015008,0.072643,-97.426
63,1008.4,3.7319,0.023213,0.01244,6,24,6.4435,0.069206,0.02148,2.712,0.012258,0.25898,104.21,6,trajectory,0.041077,1,0.10617,2.712,1,running,0.023546,0.036086,0.43684,0.006435,0.068461,176.15,-0.0079257,0.048692,7.6434,-0.037259,0.042882,119.26,-0.0070727,0.027921,-132.59,-0.010345,0.036973,-44.352,-0.0032331,0.056387,-130.08,-0.015008,0.072643,-97.426
64,1008.5,3.8039,0.024117,0.01268,6,24,6.4435,0.069206,0.02148,2.64,0.011616,0.2521,104.21,6,trajectory,0.041077,1,0.10346,2.64,1,running,0.023546,0.036086,0.43684,0.006435,0.068461,176.15,-0.0079257,0.048692,7.6434,-0.037259,0.042882,119.26,-0.0070727,0.027921,-132.59,-0.010345,0.036973,-44.352,-0.0032331,0.056387,-130.08,-0.015008,0.072643,-97.426
65,1008.7,3.8879,0.025194,0.01296,6,24,6.4435,0.069206,0.02148,2.556,0.010888,0.24408,104.21,6,trajectory,0.041077,1,0.10328,2.556,1,running,0.023546,0.036086,0.43684,0.006435,0.068461,176.15,-0.0079257,0.048692,7.6434,-0.037259,0.042882,119.26,-0.0070727,0.027921,-132.59,-0.010345,0.036973,-44.352,-0.0032331,0.056387,-130.08,-0.015008,0.072643,-97.426
66,1008.8,3.9599,0.026136,0.0132,6,24,6.4435,0.069206,0.02148,2.484,0.010284,0.2372,104.21,6,trajectory,0.041077,1,0.10228,2.484,1,running,0.023546,0.036086,0.43684,0.006435,0.068461,176.15,-0.0079257,0.048692,7.6434,-0.037259,0.042882,119.26,-0.0070727,0.027921,-132.59,-0.010345,0.036973,-44.352,-0.0032331,0.056387,-130.08,-0.015008,0.072643,-97.426
67,1008.9,4.0319,0.027095,0.01344,7,24,7.4382,0.19515,0.37631,3.4082,0.12226,2.0544,104.21,6,trajectory,0.041077,1,0.1073,2.412,1,running,0.023546,0.036086,0.43684,0.006435,0.068461,176.15,-0.0079257,0.048692,7.6434,-0.037259,0.042882,119.26,-0.0070727,0.027921,-132.59,-0.010345,0.036973,-44.352,-0.0032331,0.056387,-130.08,-0.015008,0.072643,-97.426
68,1009,4.1159,0.028235,0.01372,7,24,7.4382,0.19515,0.37631,3.3243,0.12132,2.09,104.21,6,trajectory,0.041077,1,0.11026,3.3265,1,running,0.023546,0.036086,0.43684,0.006435,0.068461,176.15,-0.0079257,0.048692,7.6434,-0.037259,0.042882,119.26,-0.0070727,0.027921,-132.59,-0.010345,0.036973,-44.352,-0.0032331,0.056387,-130.08,-0.015008,0.072643,-97.426
69,1009.2,4.1999,0.0294,0.014,7,24,7.4382,0.19515,0.37631,3.2403,0.1204,2.1279,104.21,6,trajectory,0.041077,1,0.10326,3.2425,1,running,0.023546,0.036086,0.43684,0.006435,0.068461,176.15,-0.0079257,0.048692,7.6434,-0.037259,0.042882,119.26,-0.0070727,0.027921,-132.59,-0.010345,0.036973,-44.352,-0.0032331,0.056387,-130.08,-0.015008,0.072643,-97.426
70,1009.3,4.2719,0.030416,0.01424,7,24,7.4382,0.19515,0.37631,3.1683,0.11963,2.1623,104.21,6,trajectory,0.041077,1,0.10379,3.1706,1,running,0.023546,0.036086,0.43684,0.006435,0.068461,176.15,-0.0079257,0.048692,7.6434,-0.037259,0.042882,119.26,-0.0070727,0.027921,-132.59,-0.010345,0.036973,-44.352,-0.0032331,0.056387,-130.08,-0.015008,0.072643,-97.426
71,1009.4,4.3558,0.031624,0.01452,7,24,7.4382,0.19515,0.37631,3.0844,0.11875,2.2049,104.21,6,trajectory,0.041077,1,0.10466,3.0867,1,running,0.023546,0.036086,0.43684,0.006435,0.068461,176.15,-0.0079257,0.048692,7.6434,-0.037259,0.042882,119.26,-0.0070727,0.027921,-132.59,-0.010345,0.036973,-44.352,-0.0032331,0.056387,-130.08,-0.015008,0.072643,-97.426
72,1009.6,4.4278,0.032678,0.01476,7,24,7.4382,0.19515,0.37631,3.0124,0.11802,2.2436,104.21,6,trajectory,0.041077,1,0.10856,3.0147,1,running,0.023546,0.036086,0.43684,0.006435,0.068461,176.15,-0.0079257,0.048692,7.6434,-0.037259,0.042882,119.26,-0.0070727,0.027921,-132.59,-0.010345,0.036973,-44.352,-0.0032331,0.056387,-130.08,-0.015008,0.072643,-97.426
73,1009.7,4.5118,0.03393,0.01504,7,24,7.4382,0.19515,0.37631,2.9284,0.11719,2.2916,104.21,6,trajectory,0.041077,1,0.10551,2.9308,1,running,0.023546,0.036086,0.43684,0.006435,0.068461,176.15,-0.0079257,0.048692,7.6434,-0.037259,0.042882,119.26,-0.0070727,0.027921,-132.59,-0.010345,0.036973,-44.352,-0.0032331,0.056387,-130.08,-0.015008,0.072643,-97.426
74,1009.8,4.5838,0.035021,0.01528,7,24,7.4382,0.19515,0.37631,2.8565,0.11649,2.3354,104.21,6,trajectory,0.041077,1,0.10427,2.8588,1,running,0.023546,0.036086,0.43684,0.006435,0.068461,176.15,-0.0079257,0.048692,7.6434,-0.037259,0.042882,119.26,-0.0070727,0.027921,-132.59,-0.010345,0.036973,-44.352,-0.0032331,0.056387,-130.08,-0.015008,0.072643,-97.426
75,1010,4.6558,0.03613,0.01552,7,24,7.4382,0.19515,0.37631,2.7845,0.11582,2.3818,104.21,6,trajectory,0.041077,1,0.11017,2.7869,1,running,0.023546,0.036086,0.43684,0.006435,0.068461,176.15,-0.0079257,0.048692,7.6434,-0.037259,0.042882,119.26,-0.0070727,0.027921,-132.59,-0.010345,0.036973,-44.352,-0.0032331,0.056387,-130.08,-0.015008,0.072643,-97.426
76,1010.1,4.7398,0.037445,0.0158,7,24,7.4382,0.19515,0.37631,2.7005,0.11505,2.4395,104.21,6,trajectory,0.041077,1,0.10336,2.703,1,running,0.023546,0.036086,0.43684,0.006435,0.068461,176.15,-0.0079257,0.048692,7.6434,-0.037259,0.042882,119.26,-0.0070727,0.027921,-132.59,-0.010345,0.036973,-44.352,-0.0032331,0.056387,-130.08,-0.015008,0.072643,-97.426
77,1010.2,4.8118,0.038591,0.01604,7,24,7.4382,0.19515,0.37631,2.6285,0.11441,2.4923,104.21,6,trajectory,0.041077,1,0.10992,2.631,1,running,0.023546,0.036086,0.43684,0.006435,0.068461,176.15,-0.0079257,0.048692,7.6434,-0.037259,0.042882,119.26,-0.0070727,0.027921,-132.59,-0.010345,0.036973,-44.352,-0.0032331,0.056387,-130.08,-0.015008,0.072643,-97.426
78,1010.4,4.8958,0.03995,0.01632,7,24,7.4382,0.19515,0.37631,2.5446,0.11369,2.5582,104.21,6,trajectory,0.041077,1,0.10815,2.5471,1,running,0.023546,0.036086,0.43684,0.006435,0.068461,176.15,-0.0079257,0.048692,7.6434,-0.037259,0.042882,119.26,-0.0070727,0.027921,-132.59,-0.010345,0.036973,-44.352,-0.0032331,0.056387,-130.08,-0.015008,0.072643,-97.426
79,1010.5,4.9798,0.041333,0.0166,7,24,7.4382,0.19515,0.37631,2.4606,0.11299,2.629,104.21,6,trajectory,0.041077,1,0.11357,2.4632,1,running,0.023546,0.036086,0.43684,0.006435,0.068461,176.15,-0.0079257,0.048692,7.6434,-0.037259,0.042882,119.26,-0.0070727,0.027921,-132.59,-0.010345,0.036973,-44.352,-0.0032331,0.056387,-130.08,-0.015008,0.072643,-97.426
80,1010.6,5.0518,0.042537,0.01684,8,24,8.1293,0.88577,1.2068,3.0913,0.79129,14.358,104.21,6,trajectory,0.041077,1,0.12936,2.3913,1,running,0.023546,0.036086,0.43684,0.006435,0.068461,176.15,-0.0079257,0.048692,7.6434,-0.037259,0.042882,119.26,-0.0070727,0.027921,-132.59,-0.010345,0.036973,-44.352,-0.0032331,0.056387,-130.08,-0.015008,0.072643,-97.426
81,1010.8,5.1477,0.044169,0.01716,8,24,8.1293,0.88577,1.2068,2.9956,0.79031,14.779,104.21,6,trajectory,0.041077,1,0.10361,3.0981,1,running,0.023546,0.036086,0.43684,0.006435,0.068461,176.15,-0.0079257,0.048692,7.6434,-0.037259,0.042882,119.26,-0.0070727,0.027921,-132.59,-0.010345,0.036973,-44.352,-0.0032331,0.056387,-130.08,-0.015008,0.072643,-97.426
82,1010.9,5.2317,0.045622,0.01744,8,24,8.1293,0.88577,1.2068,2.9118,0.78948,15.17,104.21,6,trajectory,0.041077,1,0.10329,3.0169,1,running,0.023546,0.036086,0.43684,0.006435,0.068461,176.15,-0.0079257,0.048692,7.6434,-0.037259,0.042882,119.26,-0.0070727,0.027921,-132.59,-0.010345,0.036973,-44.352,-0.0032331,0.056387,-130.08,-0.015008,0.072643,-97.426
83,1011,5.3037,0.046886,0.01768,8,24,8.1293,0.88577,1.2068,2.84,0.78879,15.522,104.21,6,trajectory,0.041077,1,0.10361,2.9475,1,running,0.023546,0.036086,0.43685,0.006435,0.068461,176.15,-0.0079257,0.048692,7.6434,-0.037259,0.042882,119.26,-0.0070727,0.027921,-132.59,-0.010345,0.036973,-44.352,-0.0032331,0.056387,-130.08,-0.015008,0.072643,-97.426
84,1011.2,5.3877,0.048383,0.01796,8,24,8.1293,0.88577,1.2068,2.7562,0.78801,15.956,104.21,6,trajectory,0.041077,1,0.10147,2.8666,1,running,0.023546,0.036086,0.43684,0.006435,0.068461,176.15,-0.0079257,0.048692,7.6434,-0.037259,0.042882,119.26,-0.0070727,0.027921,-132.59,-0.010345,0.036973,-44.352,-0.0032331,0.056387,-130.08,-0.015008,0.072643,-97.426
85,1011.3,5.4597,0.049685,0.0182,8,24,8.1293,0.88577,1.2068,2.6844,0.78736,16.347,104.21,6,trajectory,0.041077,1,0.10461,2.7975,1,running,0.023546,0.036086,0.43684,0.006435,0.068461,176.15,-0.0079257,0.048692,7.6434,-0.037259,0.042882,119.26,-0.0070727,0.027921,-132.59,-0.010345,0.036973,-44.352,-0.0032331,0.056387,-130.08,-0.015008,0.072643,-97.426
86,1011.4,5.5317,0.051004,0.01844,8,24,8.1293,0.88577,1.2068,2.6126,0.78672,16.759,104.21,6,trajectory,0.041077,1,0.10563,2.7285,1,running,0.023546,0.036086,0.43684,0.006435,0.068461,176.15,-0.0079257,0.048692,7.6434,-0.037259,0.042882,119.26,-0.0070727,0.027921,-132.59,-0.010345,0.036973,-44.352,-0.0032331,0.056387,-130.08,-0.015008,0.072643,-97.426
87,1011.5,5.6157,0.052564,0.01872,8,24,8.1293,0.88577,1.2068,2.5288,0.786,17.266,104.21,6,trajectory,0.041077,1,0.11112,2.6481,1,running,0.023546,0.036086,0.43684,0.006435,0.068461,176.15,-0.0079257,0.048692,7.6434,-0.037259,0.042882,119.26,-0.0070727,0.027921,-132.59,-0.010345,0.036973,-44.352,-0.0032331,0.056387,-130.08,-0.015008,0.072643,-97.426
88,1011.7,5.6877,0.053921,0.01896,8,24,8.1293,0.88577,1.2068,2.457,0.7854,17.727,104.21,6,trajectory,0.041077,1,0.11016,2.5795,1,running,0.023546,0.036086,0.43684,0.006435,0.068461,176.15,-0.0079257,0.048692,7.6434,-0.037259,0.042882,119.26,-0.0070727,0.027921,-132.59,-0.010345,0.036973,-44.352,-0.0032331,0.056387,-130.08,-0.015008,0.072643,-97.426
89,1011.8,5.7716,0.055525,0.01924,8,24,8.1293,0.88577,1.2068,2.3732,0.78473,18.297,104.21,6,trajectory,0.041077,1,0.11046,2.4996,1,running,0.023546,0.036086,0.43684,0.006435,0.068461,176.15,-0.0079257,0.048692,7.6434,-0.037259,0.042882,119.26,-0.0070727,0.027921,-132.59,-0.010345,0.036973,-44.352,-0.0032331,0.056387,-130.08,-0.015008,0.072643,-97.426
90,1012,5.8556,0.057153,0.01952,9,24,8.2082,1.9457,1.6302,2.389,1.8423,37.638,104.21,6,trajectory,0.041077,1,0.10669,2.42,1,running,0.023546,0.036086,0.43684,0.006435,0.068461,176.15,-0.0079257,0.048692,7.6434,-0.037259,0.042882,119.26,-0.0070727,0.027921,-132.59,-0.010345,0.036973,-44.352,-0.0032331,0.056387,-130.08,-0.015008,0.072643,-97.426
91,1012.1,5.9276,0.058567,0.01976,9,24,8.2082,1.9457,1.6302,2.3174,1.8417,38.475,104.21,6,trajectory,0.041077,1,0.10852,2.9601,1,running,0.023546,0.036086,0.43684,0.006435,0.068461,176.15,-0.0079257,0.048692,7.6434,-0.037259,0.042882,119.26,-0.0070727,0.027921,-132.59,-0.010345,0.036973,-44.352,-0.0032331,0.056387,-130.08,-0.015008,0.072643,-97.426
92,1012.2,6.0236,0.060479,0.02008,9,24,8.2082,1.9457,1.6302,2.222,1.841,39.642,104.21,6,trajectory,0.041077,1,0.11565,2.8856,1,running,0.023546,0.036086,0.43684,0.006435,0.068461,176.15,-0.0079257,0.048692,7.6434,-0.037259,0.042882,119.26,-0.0070727,0.027921,-132.59,-0.010345,0.036973,-44.352,-0.0032331,0.056387,-130.08,-0.015008,0.072643,-97.426
93,1012.4,6.1076,0.062177,0.02036,9,24,8.2082,1.9457,1.6302,2.1385,1.8404,40.714,104.21,6,trajectory,0.041077,1,0.11967,2.8214,1,running,0.023546,0.036086,0.43684,0.006435,0.068461,176.15,-0.0079257,0.048692,7.6434,-0.037259,0.042882,119.26,-0.0070727,0.027921,-132.59,-0.010345,0.036973,-44.352,-0.0032331,0.056387,-130.08,-0.015008,0.072643,-97.426
94,1012.5,6.1916,0.063899,0.02064,9,24,8.2082,1.9457,1.6302,2.0551,1.8398,41.836,104.21,6,trajectory,0.041077,1,0.10623,2.7583,1,running,0.023546,0.036086,0.43684,0.006435,0.068461,176.15,-0.0079257,0.048692,7.6434,-0.037259,0.042882,119.26,-0.0070727,0.027921,-132.59,-0.010345,0.036973,-44.352,-0.0032331,0.056387,-130.08,-0.015008,0.072643,-97.426
95,1012.6,6.2635,0.065394,0.02088,9,24,8.2082,1.9457,1.6302,1.9835,1.8393,42.84,104.21,6,trajectory,0.041077,1,0.11065,2.705,1,running,0.023546,0.036086,0.43684,0.006435,0.068461,176.15,-0.0079257,0.048692,7.6434,-0.037259,0.042882,119.26,-0.0070727,0.027921,-132.59,-0.010345,0.036973,-44.352,-0.0032331,0.056387,-130.08,-0.015008,0.072643,-97.426
96,1012.8,6.3475,0.067159,0.02116,9,24,8.2082,1.9457,1.6302,1.9,1.8388,44.061,104.21,6,trajectory,0.041077,1,0.10666,2.6441,1,running,0.023546,0.036086,0.43684,0.006435,0.068461,176.15,-0.0079257,0.048692,7.6434,-0.037259,0.042882,119.26,-0.0070727,0.027921,-132.59,-0.010345,0.036973,-44.352,-0.0032331,0.056387,-130.08,-0.015008,0.072643,-97.426
97,1012.9,6.4315,0.068948,0.02144,9,24,8.2082,1.9457,1.6302,1.8165,1.8382,45.34,104.21,6,trajectory,0.041077,1,0.10943,2.5844,1,running,0.023546,0.036086,0.43685,0.006435,0.068461,176.15,-0.0079257,0.048692,7.6434,-0.037259,0.042882,119.26,-0.0070727,0.027921,-132.59,-0.010345,0.036973,-44.352,-0.0032331,0.056387,-130.08,-0.015008,0.072643,-97.426
98,1013,6.5035,0.070501,0.02168,9,24,8.2082,1.9457,1.6302,1.745,1.8378,46.484,104.21,6,trajectory,0.041077,1,0.10779,2.5343,1,running,0.023546,0.036086,0.43685,0.006435,0.068461,176.15,-0.0079257,0.048692,7.6434,-0.037259,0.042882,119.26,-0.0070727,0.027921,-132.59,-0.010345,0.036973,-44.352,-0.0032331,0.056387,-130.08,-0.015008,0.072643,-97.426
99,1013.2,6.5873,0.072349,0.022703,9,24,8.2082,1.9457,1.6302,1.663,1.8361,47.831,104.21,6,trajectory,0.041077,1,0.11624,2.4773,1,running,0.023546,0.036086,0.43684,0.006435,0.068461,176.15,-0.0079257,0.048692,7.6434,-0.037259,0.042882,119.26,-0.0070727,0.027921,-132.59,-0.010345,0.036973,-44.352,-0.0032331,0.056387,-130.08,-0.015008,0.072643,-97.426
100,1013.3,6.6701,0.074387,0.02714,10,24,8.1534,3.0173,1.6101,1.5626,2.9016,61.697,104.21,6,trajectory,0.041077,1,0.10776,2.4223,1,running,0.023546,0.036086,0.43684,0.006435,0.068461,176.15,-0.0079257,0.048692,7.6434,-0.037259,0.042882,119.26,-0.0070727,0.027921,-132.59,-0.010345,0.036973,-44.352,-0.0032331,0.056387,-130.08,-0.015008,0.072643,-97.426
101,1013.4,6.7402,0.076523,0.034518,10,24,8.1534,3.0173,1.6101,1.5138,2.8903,62.356,104.21,6,trajectory,0.041077,1,0.10964,3.2627,1,running,0.023546,0.036086,0.43685,0.006435,0.068461,176.15,-0.0079257,0.048692,7.6434,-0.037259,0.042882,119.26,-0.0070727,0.027921,-132.59,-0.010345,0.036973,-44.352,-0.0032331,0.056387,-130.08,-0.015008,0.072643,-97.426
102,1013.6,6.8201,0.079836,0.049417,10,24,8.1534,3.0173,1.6101,1.4768,2.868,62.755,104.21,6,trajectory,0.041077,1,0.10665,3.2259,1,running,0.023546,0.036086,0.43684,0.006435,0.068461,176.15,-0.0079257,0.048692,7.6434,-0.037259,0.042882,119.26,-0.0070727,0.027921,-132.59,-0.010345,0.036973,-44.352,-0.0032331,0.056387,-130.08,-0.015008,0.072643,-97.426
103,1013.7,6.8983,0.084465,0.069852,10,24,8.1534,3.0173,1.6101,1.4568,2.8381,62.829,104.21,6,trajectory,0.041077,1,0.10758,3.1901,1,running,0.023546,0.036086,0.43684,0.006435,0.068461,176.15,-0.0079257,0.048692,7.6434,-0.037259,0.042882,119.26,-0.0070727,0.027921,-132.59,-0.010345,0.036973,-44.352,-0.0032331,0.056387,-130.08,-0.015008,0.072643,-97.426
104,1013.8,6.964,0.089759,0.091568,10,24,8.1534,3.0173,1.6101,1.4521,2.8065,62.643,104.21,6,trajectory,0.041077,1,0.10566,3.1599,1,running,0.023546,0.036086,0.43684,0.006435,0.068461,176.15,-0.0079257,0.048692,7.6434,-0.037259,0.042882,119.26,-0.0070727,0.027921,-132.59,-0.010345,0.036973,-44.352,-0.0032331,0.056387,-130.08,-0.015008,0.072643,-97.426
105,1014,7.039,0.097756,0.1219,10,24,8.1534,3.0173,1.6101,1.4611,2.7624,62.124,104.21,6,trajectory,0.041077,1,0.11102,3.125,1,running,0.023546,0.036086,0.43684,0.006435,0.068461,176.15,-0.0079257,0.048692,7.6434,-0.037259,0.042882,119.26,-0.0070727,0.027921,-132.59,-0.010345,0.036973,-44.352,-0.0032331,0.056387,-130.08,-0.015008,0.072643,-97.426
106,1014.1,7.1115,0.10792,0.15772,10,24,8.1534,3.0173,1.6101,1.486,2.7096,61.26,104.21,6,trajectory,0.041077,1,0.11012,3.0903,1,running,0.023546,0.036086,0.43684,0.006435,0.068461,176.15,-0.0079257,0.048692,7.6434,-0.037259,0.042882,119.26,-0.0070727,0.027921,-132.59,-0.010345,0.036973,-44.352,-0.0032331,0.056387,-130.08,-0.015008,0.072643,-97.426
107,1014.2,7.1721,0.11861,0.19164,10,24,8.1534,3.0173,1.6101,1.5154,2.6587,60.318,104.21,6,trajectory,0.041077,1,0.10842,3.0603,1,running,0.023546,0.036086,0.43684,0.006435,0.068461,176.15,-0.0079257,0.048692,7.6434,-0.037259,0.042882,119.26,-0.0070727,0.027921,-132.59,-0.010345,0.036973,-44.352,-0.0032331,0.056387,-130.08,-0.015008,0.072643,-97.426
108,1014.4,7.2413,0.13355,0.23419,10,24,8.1534,3.0173,1.6101,1.5563,2.5934,59.032,104.21,6,trajectory,0.041077,1,0.10744,3.0245,1,running,0.023546,0.036086,0.43684,0.006435,0.068461,176.15,-0.0079257,0.048692,7.6434,-0.037259,0.042882,119.26,-0.0070727,0.027921,-132.59,-0.010345,0.036973,-44.352,-0.0032331,0.056387,-130.08,-0.015008,0.072643,-97.426
109,1014.5,7.3088,0.15124,0.27947,10,24,8.1534,3.0173,1.6101,1.6024,2.5219,57.568,104.21,6,trajectory,0.041077,1,0.10846,2.9879,1,running,0.023546,0.036086,0.43684,0.006435,0.068461,176.15,-0.0079257,0.048692,7.6434,-0.037259,0.042882,119.26,-0.0070727,0.027921,-132.59,-0.010345,0.036973,-44.352,-0.0032331,0.056387,-130.08,-0.015008,0.072643,-97.426
110,1014.6,7.3651,0.16863,0.32008,10,24,8.1534,3.0173,1.6101,1.6446,2.456,56.192,104.21,6,trajectory,0.041077,1,0.12576,2.9557,1,running,0.023546,0.036086,0.43684,0.006435,0.068461,176.15,-0.0079257,0.048692,7.6434,-0.037259,0.042882,119.26,-0.0070727,0.027921,-132.59,-0.010345,0.036973,-44.352,-0.0032331,0.056387,-130.08,-0.015008,0.072643,-97.426
111,1014.8,7.4382,0.19515,0.37631,10,24,8.1534,3.0173,1.6101,1.7023,2.3618,54.218,104.21,6,trajectory,0.041077,1,0.10886,2.9114,1,running,0.023546,0.036086,0.43684,0.006435,0.068461,176.15,-0.0079257,0.048692,7.6434,-0.037259,0.042882,119.26,-0.0070727,0.027921,-132.59,-0.010345,0.036973,-44.352,-0.0032331,0.056387,-130.08,-0.015008,0.072643,-97.426
112,1014.9,7.4912,0.21743,0.41976,10,24,8.1534,3.0173,1.6101,1.7458,2.2869,52.642,104.21,6,trajectory,0.041077,1,0.11032,2.8771,1,running,0.023546,0.036086,0.43684,0.006435,0.068461,176.15,-0.0079257,0.048692,7.6434,-0.037259,0.042882,119.26,-0.0070727,0.027921,-132.59,-0.010345,0.036973,-44.352,-0.0032331,0.056387,-130.08,-0.015008,0.072643,-97.426
113,1015,7.5517,0.24635,0.47158,10,24,8.1534,3.0173,1.6101,1.7948,2.1952,50.73,104.21,6,trajectory,0.041077,1,0.10631,2.8355,1,running,0.023546,0.036086,0.43684,0.006435,0.068461,176.15,-0.0079257,0.048692,7.6434,-0.037259,0.042882,119.26,-0.0070727,0.027921,-132.59,-0.010345,0.036973,-44.352,-0.0032331,0.056387,-130.08,-0.015008,0.072643,-97.426
114,1015.2,7.6021,0.27348,0.51678,10,24,8.1534,3.0173,1.6101,1.835,2.1131,49.03,104.21,6,trajectory,0.041077,1,0.10597,2.7987,1,running,0.023546,0.036086,0.43684,0.006435,0.068461,176.15,-0.0079257,0.048692,7.6434,-0.037259,0.042882,119.26,-0.0070727,0.027921,-132.59,-0.010345,0.036973,-44.352,-0.0032331,0.056387,-130.08,-0.015008,0.072643,-97.426
115,1015.3,7.6588,0.30777,0.57022,10,24,8.1534,3.0173,1.6101,1.879,2.0139,46.985,104.21,6,trajectory,0.041077,1,0.10715,2.7543,1,running,0.023546,0.036086,0.43684,0.006435,0.068461,176.15,-0.0079257,0.048692,7.6434,-0.037259,0.042882,119.26,-0.0070727,0.027921,-132.59,-0.010345,0.036973,-44.352,-0.0032331,0.056387,-130.08,-0.015008,0.072643,-97.426
116,1015.4,7.7057,0.33936,0.61651,10,24,8.1534,3.0173,1.6101,1.9136,1.9261,45.186,104.21,6,trajectory,0.041077,1,0.10578,2.7151,1,running,0.023546,0.036086,0.43684,0.006435,0.068461,176.15,-0.0079257,0.048692,7.6434,-0.037259,0.042882,119.26,-0.0070727,0.027921,-132.59,-0.010345,0.036973,-44.352,-0.0032331,0.056387,-130.08,-0.015008,0.072643,-97.426
117,1015.6,7.7583,0.37882,0.67099,10,24,8.1534,3.0173,1.6101,1.95,1.8208,43.038,104.21,6,trajectory,0.041077,1,0.11195,2.6679,1,running,0.023546,0.036086,0.43684,0.006435,0.068461,176.15,-0.0079257,0.048692,7.6434,-0.037259,0.042882,119.26,-0.0070727,0.027921,-132.59,-0.010345,0.036973,-44.352,-0.0032331,0.056387,-130.08,-0.015008,0.072643,-97.426
118,1015.7,7.8017,0.41501,0.71814,10,24,8.1534,3.0173,1.6101,1.9771,1.7282,41.158,104.21,6,trajectory,0.041077,1,0.10619,2.6259,1,running,0.023546,0.036086,0.43684,0.006435,0.068461,176.15,-0.0079257,0.048692,7.6434,-0.037259,0.042882,119.26,-0.0070727,0.027921,-132.59,-0.010345,0.036973,-44.352,-0.0032331,0.056387,-130.08,-0.015008,0.072643,-97.426
119,1015.8,7.8498,0.45942,0.77318,10,24,8.1534,3.0173,1.6101,2.0037,1.6186,38.932,104.21,6,trajectory,0.041077,1,0.10562,2.5758,1,running,0.023546,0.036086,0.43684,0.006435,0.068461,176.15,-0.0079257,0.048692,7.6434,-0.037259,0.042882,119.26,-0.0070727,0.027921,-132.59,-0.010345,0.036973,-44.352,-0.0032331,0.056387,-130.08,-0.015008,0.072643,-97.426
120,1016,7.8889,0.49944,0.82046,10,24,8.1534,3.0173,1.6101,2.0221,1.5235,36.995,104.21,6,trajectory,0.041077,1,0.10498,2.5317,1,running,0.023546,0.036086,0.43684,0.006435,0.068461,176.15,-0.0079257,0.048692,7.6434,-0.037259,0.042882,119.26,-0.0070727,0.027921,-132.59,-0.010345,0.036973,-44.352,-0.0032331,0.056387,-130.08,-0.015008,0.072643,-97.426
121,1016.1,7.932,0.54829,0.87565,10,24,8.1534,3.0173,1.6101,2.0379,1.4114,34.705,104.21,6,trajectory,0.041077,1,0.10693,2.4789,1,running,0.023546,0.036086,0.43684,0.006435,0.068461,176.15,-0.0079257,0.048692,7.6434,-0.037259,0.042882,119.26,-0.0070727,0.027921,-132.59,-0.010345,0.036973,-44.352,-0.0032331,0.056387,-130.08,-0.015008,0.072643,-97.426
122,1016.2,7.967,0.59234,0.92329,11,24,8.0973,4.0656,1.7128,2.8488,1.9911,34.951,104.21,6,trajectory,0.041077,1,0.10536,2.4321,1,running,0.023546,0.036086,0.43685,0.006435,0.068461,176.15,-0.0079257,0.048692,7.6434,-0.037259,0.042882,119.26,-0.0070727,0.027921,-132.59,-0.010345,0.036973,-44.352,-0.0032331,0.056387,-130.08,-0.015008,0.072643,-97.426
123,1016.3,7.9998,0.63786,0.97081,11,24,8.0973,4.0656,1.7128,2.8841,1.8549,32.747,104.21,6,trajectory,0.041077,1,0.10416,3.4291,1,running,0.023546,0.036086,0.43684,0.006435,0.068461,176.15,-0.0079257,0.048692,7.6434,-0.037259,0.042882,119.26,-0.0070727,0.027921,-132.59,-0.010345,0.036973,-44.352,-0.0032331,0.056387,-130.08,-0.015008,0.072643,-97.426
124,1016.5,8.035,0.69259,1.026,11,24,8.0973,4.0656,1.7128,2.9169,1.6948,30.158,104.21,6,trajectory,0.041077,1,0.10357,3.3735,1,running,0.023546,0.036086,0.43684,0.006435,0.068461,176.15,-0.0079257,0.048692,7.6434,-0.037259,0.042882,119.26,-0.0070727,0.027921,-132.59,-0.010345,0.036973,-44.352,-0.0032331,0.056387,-130.08,-0.015008,0.072643,-97.426
125,1016.6,8.0674,0.74954,1.0814,11,24,8.0973,4.0656,1.7128,2.9408,1.5326,27.526,104.21,6,trajectory,0.041077,1,0.10541,3.3161,1,running,0.023546,0.036086,0.43684,0.006435,0.068461,176.15,-0.0079257,0.048692,7.6434,-0.037259,0.042882,119.26,-0.0070727,0.027921,-132.59,-0.010345,0.036973,-44.352,-0.0032331,0.056387,-130.08,-0.015008,0.072643,-97.426
126,1016.7,8.0926,0.7997,1.1287,11,24,8.0973,4.0656,1.7128,2.9539,1.393,25.247,104.21,6,trajectory,0.041077,1,0.1151,3.2659,1,running,0.023546,0.036086,0.43684,0.006435,0.068461,176.15,-0.0079257,0.048692,7.6434,-0.037259,0.042882,119.26,-0.0070727,0.027921,-132.59,-0.010345,0.036973,-44.352,-0.0032331,0.056387,-130.08,-0.015008,0.072643,-97.426
127,1016.9,8.119,0.85966,1.1837,11,24,8.0973,4.0656,1.7128,2.9604,1.2304,22.569,104.21,6,trajectory,0.041077,1,0.10288,3.206,1,running,0.023546,0.036086,0.43684,0.006435,0.068461,176.15,-0.0079257,0.048692,7.6434,-0.037259,0.042882,119.26,-0.0070727,0.027921,-132.59,-0.010345,0.036973,-44.352,-0.0032331,0.056387,-130.08,-0.015008,0.072643,-97.426
128,1017,8.1391,0.91228,1.2299,11,24,8.0973,4.0656,1.7128,2.9579,1.0936,20.29,104.21,6,trajectory,0.041077,1,0.1086,3.1536,1,running,0.023546,0.036086,0.43684,0.006435,0.068461,176.15,-0.0079257,0.048692,7.6434,-0.037259,0.042882,119.26,-0.0070727,0.027921,-132.59,-0.010345,0.036973,-44.352,-0.0032331,0.056387,-130.08,-0.015008,0.072643,-97.426
129,1017.1,8.1597,0.9758,1.2831,11,24,8.0973,4.0656,1.7128,2.9451,0.93654,17.641,104.21,6,trajectory,0.041077,1,0.1049,3.0904,1,running,0.023546,0.036086,0.43684,0.006435,0.068461,176.15,-0.0079257,0.048692,7.6434,-0.037259,0.042882,119.26,-0.0070727,0.027921,-132.59,-0.010345,0.036973,-44.352,-0.0032331,0.056387,-130.08,-0.015008,0.072643,-97.426
130,1017.3,8.1749,1.0316,1.3265,11,24,8.0973,4.0656,1.7128,2.9251,0.8091,15.462,104.21,6,trajectory,0.041077,1,0.10477,3.0349,1,running,0.023546,0.036086,0.43684,0.006435,0.068461,176.15,-0.0079257,0.048692,7.6434,-0.037259,0.042882,119.26,-0.0070727,0.027921,-132.59,-0.010345,0.036973,-44.352,-0.0032331,0.056387,-130.08,-0.015008,0.072643,-97.426
131,1017.4,8.1899,1.0985,1.374,11,24,8.0973,4.0656,1.7128,2.8917,0.67103,13.065,104.21,6,trajectory,0.041077,1,0.10275,2.9685,1,running,0.023546,0.036086,0.43685,0.006435,0.068461,176.15,-0.0079257,0.048692,7.6434,-0.037259,0.042882,119.26,-0.0070727,0.027921,-132.59,-0.010345,0.036973,-44.352,-0.0032331,0.056387,-130.08,-0.015008,0.072643,-97.426
132,1017.5,8.2004,1.1576,1.4128,11,24,8.0973,4.0656,1.7128,2.8555,0.55949,11.086,104.21,6,trajectory,0.041077,1,0.10429,2.9098,1,running,0.023546,0.036086,0.43684,0.006435,0.068461,176.15,-0.0079257,0.048692,7.6434,-0.037259,0.042882,119.26,-0.0070727,0.027921,-132.59,-0.010345,0.036973,-44.352,-0.0032331,0.056387,-130.08,-0.015008,0.072643,-97.426
133,1017.6,8.2089,1.218,1.4487,11,24,8.0973,4.0656,1.7128,2.8127,0.45769,9.2424,104.21,6,trajectory,0.041077,1,0.10419,2.8497,1,running,0.023546,0.036086,0.43684,0.006435,0.068461,176.15,-0.0079257,0.048692,7.6434,-0.037259,0.042882,119.26,-0.0070727,0.027921,-132.59,-0.010345,0.036973,-44.352,-0.0032331,0.056387,-130.08,-0.015008,0.072643,-97.426
134,1017.8,8.2164,1.2903,1.4866,11,24,8.0973,4.0656,1.7128,2.7554,0.35212,7.2826,104.21,6,trajectory,0.041077,1,0.10677,2.7778,1,running,0.023546,0.036086,0.43684,0.006435,0.068461,176.15,-0.0079257,0.048692,7.6434,-0.037259,0.042882,119.26,-0.0070727,0.027921,-132.59,-0.010345,0.036973,-44.352,-0.0032331,0.056387,-130.08,-0.015008,0.072643,-97.426
135,1017.9,8.2208,1.3537,1.5154,11,24,8.0973,4.0656,1.7128,2.7008,0.27337,5.7797,104.21,6,trajectory,0.041077,1,0.10671,2.7146,1,running,0.023546,0.036086,0.43684,0.006435,0.068461,176.15,-0.0079257,0.048692,7.6434,-0.037259,0.042882,119.26,-0.0070727,0.027921,-132.59,-0.010345,0.036973,-44.352,-0.0032331,0.056387,-130.08,-0.015008,0.072643,-97.426
136,1018,8.2239,1.4293,1.5443,11,24,8.0973,4.0656,1.7128,2.632,0.19639,4.2674,104.21,6,trajectory,0.041077,1,0.10532,2.6393,1,running,0.023546,0.036086,0.43684,0.006435,0.068461,176.15,-0.0079257,0.048692,7.6434,-0.037259,0.042882,119.26,-0.0070727,0.027921,-132.59,-0.010345,0.036973,-44.352,-0.0032331,0.056387,-130.08,-0.015008,0.072643,-97.426
137,1018.2,8.2249,1.4953,1.5655,11,24,8.0973,4.0656,1.7128,2.5695,0.14122,3.1458,104.21,6,trajectory,0.041077,1,0.10347,2.5734,1,running,0.023546,0.036086,0.43684,0.006435,0.068461,176.15,-0.0079257,0.048692,7.6434,-0.037259,0.042882,119.26,-0.0070727,0.027921,-132.59,-0.010345,0.036973,-44.352,-0.0032331,0.056387,-130.08,-0.015008,0.072643,-97.426
138,1018.3,8.2246,1.5624,1.5834,11,24,8.0973,4.0656,1.7128,2.5046,0.095707,2.1884,104.21,6,trajectory,0.041077,1,0.10568,2.5064,1,running,0.023546,0.036086,0.43684,0.006435,0.068461,176.15,-0.0079257,0.048692,7.6434,-0.037259,0.042882,119.26,-0.0070727,0.027921,-132.59,-0.010345,0.036973,-44.352,-0.0032331,0.056387,-130.08,-0.015008,0.072643,-97.426
139,1018.4,8.2229,1.6418,1.6003,11,24,8.0973,4.0656,1.7128,2.4264,0.054065,1.2764,104.21,6,trajectory,0.041077,1,0.10767,2.427,1,running,0.023546,0.036086,0.43684,0.006435,0.068461,176.15,-0.0079257,0.048692,7.6434,-0.037259,0.042882,119.26,-0.0070727,0.027921,-132.59,-0.010345,0.036973,-44.352,-0.0032331,0.056387,-130.08,-0.015008,0.072643,-97.426
140,1018.5,8.2205,1.7108,1.6115,12,24,7.5982,4.9707,2.5006,3.2826,0.48899,8.4727,104.21,6,trajectory,0.041077,1,0.10483,2.358,1,running,0.023546,0.036086,0.43684,0.006435,0.068461,176.15,-0.0079257,0.048692,7.6434,-0.037259,0.042882,119.26,-0.0070727,0.027921,-132.59,-0.010345,0.036973,-44.352,-0.0032331,0.056387,-130.08,-0.015008,0.072643,-97.426
141,1018.7,8.2167,1.7922,1.6211,12,24,7.5982,4.9707,2.5006,3.2056,0.458,8.1311,104.21,6,trajectory,0.041077,1,0.10281,3.2381,1,running,0.023546,0.036086,0.43685,0.006435,0.068461,176.15,-0.0079257,0.048692,7.6434,-0.037259,0.042882,119.26,-0.0070727,0.027921,-132.59,-0.010345,0.036973,-44.352,-0.0032331,0.056387,-130.08,-0.015008,0.072643,-97.426
142,1018.8,8.2123,1.8746,1.6271,12,24,7.5982,4.9707,2.5006,3.1258,0.43906,7.9956,104.21,6,trajectory,0.041077,1,0.10565,3.1565,1,running,0.023546,0.036086,0.43684,0.006435,0.068461,176.15,-0.0079257,0.048692,7.6434,-0.037259,0.042882,119.26,-0.0070727,0.027921,-132.59,-0.010345,0.036973,-44.352,-0.0032331,0.056387,-130.08,-0.015008,0.072643,-97.426
143,1018.9,8.2082,1.9457,1.6302,12,24,7.5982,4.9707,2.5006,3.0559,0.42942,7.9988,104.21,6,trajectory,0.041077,1,0.1065,3.0859,1,running,0.023546,0.036086,0.43685,0.006435,0.068461,176.15,-0.0079257,0.048692,7.6434,-0.037259,0.042882,119.26,-0.0070727,0.027921,-132.59,-0.010345,0.036973,-44.352,-0.0032331,0.056387,-130.08,-0.015008,0.072643,-97.426
144,1019.1,8.2032,2.0292,1.6318,12,24,7.5982,4.9707,2.5006,2.973,0.42439,8.1241,104.21,6,trajectory,0.041077,1,0.10547,3.0031,1,running,0.023546,0.036086,0.43684,0.006435,0.068461,176.15,-0.0079257,0.048692,7.6434,-0.037259,0.042882,119.26,-0.0070727,0.027921,-132.59,-0.010345,0.036973,-44.352,-0.0032331,0.056387,-130.08,-0.015008,0.072643,-97.426
145,1019.2,8.1988,2.101,1.6318,12,24,7.5982,4.9707,2.5006,2.9011,0.42452,8.3252,104.21,6,trajectory,0.041077,1,0.10497,2.932,1,running,0.023546,0.036086,0.43684,0.006435,0.068461,176.15,-0.0079257,0.048692,7.6434,-0.037259,0.042882,119.26,-0.0070727,0.027921,-132.59,-0.010345,0.036973,-44.352,-0.0032331,0.056387,-130.08,-0.015008,0.072643,-97.426
146,1019.3,8.1944,2.1725,1.6308,12,24,7.5982,4.9707,2.5006,2.829,0.42735,8.5903,104.21,6,trajectory,0.041077,1,0.10644,2.8611,1,running,0.023546,0.036086,0.43684,0.006435,0.068461,176.15,-0.0079257,0.048692,7.6434,-0.037259,0.042882,119.26,-0.0070727,0.027921,-132.59,-0.010345,0.036973,-44.352,-0.0032331,0.056387,-130.08,-0.015008,0.072643,-97.426
147,1019.5,8.1895,2.2558,1.6289,12,24,7.5982,4.9707,2.5006,2.7447,0.43258,8.9563,104.21,6,trajectory,0.041077,1,0.1065,2.7786,1,running,0.023546,0.036086,0.43685,0.006435,0.068461,176.15,-0.0079257,0.048692,7.6434,-0.037259,0.042882,119.26,-0.0070727,0.027921,-132.59,-0.010345,0.036973,-44.352,-0.0032331,0.056387,-130.08,-0.015008,0.072643,-97.426
148,1019.6,8.1854,2.3271,1.6269,12,24,7.5982,4.9707,2.5006,2.6724,0.43818,9.3115,104.21,6,trajectory,0.041077,1,0.10553,2.7081,1,running,0.023546,0.036086,0.43684,0.006435,0.068461,176.15,-0.0079257,0.048692,7.6434,-0.037259,0.042882,119.26,-0.0070727,0.027921,-132.59,-0.010345,0.036973,-44.352,-0.0032331,0.056387,-130.08,-0.015008,0.072643,-97.426
149,1019.7,8.1809,2.4102,1.6242,12,24,7.5982,4.9707,2.5006,2.588,0.44509,9.7582,104.21,6,trajectory,0.041077,1,0.10627,2.626,1,running,0.023546,0.036086,0.43684,0.006435,0.068461,176.15,-0.0079257,0.048692,7.6434,-0.037259,0.042882,119.26,-0.0070727,0.027921,-132.59,-0.010345,0.036973,-44.352,-0.0032331,0.056387,-130.08,-0.015008,0.072643,-97.426
150,1019.8,8.1771,2.4814,1.6219,12,24,7.5982,4.9707,2.5006,2.5157,0.45092,10.162,104.21,6,trajectory,0.041077,1,0.10499,2.5558,1,running,0.023546,0.036086,0.43684,0.006435,0.068461,176.15,-0.0079257,0.048692,7.6434,-0.037259,0.042882,119.26,-0.0070727,0.027921,-132.59,-0.010345,0.036973,-44.352,-0.0032331,0.056387,-130.08,-0.015008,0.072643,-97.426
151,1020,8.173,2.5645,1.6194,12,24,7.5982,4.9707,2.5006,2.4313,0.45729,10.652,104.21,6,trajectory,0.041077,1,0.10637,2.4739,1,running,0.023546,0.036086,0.43684,0.006435,0.068461,176.15,-0.0079257,0.048692,7.6434,-0.037259,0.042882,119.26,-0.0070727,0.027921,-132.59,-0.010345,0.036973,-44.352,-0.0032331,0.056387,-130.08,-0.015008,0.072643,-97.426
152,1020.1,8.1696,2.6359,1.6173,13,24,6.6283,5.2194,-3.1143,2.6524,1.4196,28.156,104.21,6,trajectory,0.041077,1,0.10654,2.4038,1,running,0.023546,0.036086,0.43684,0.006435,0.068461,176.15,-0.0079257,0.048692,7.6434,-0.037259,0.042882,119.26,-0.0070727,0.027921,-132.59,-0.010345,0.036973,-44.352,-0.0032331,0.056387,-130.08,-0.015008,0.072643,-97.426
153,1020.2,8.1669,2.6953,1.6157,13,24,6.6283,5.2194,-3.1143,2.5906,1.4237,28.792,104.21,6,trajectory,0.041077,1,0.10713,2.956,1,running,0.023546,0.036086,0.43685,0.006435,0.068461,176.15,-0.0079257,0.048692,7.6434,-0.037259,0.042882,119.26,-0.0070727,0.027921,-132.59,-0.010345,0.036973,-44.352,-0.0032331,0.056387,-130.08,-0.015008,0.072643,-97.426
154,1020.4,8.1669,2.6953,1.6157,13,24,6.6283,5.2194,-3.1143,2.5906,1.4237,28.792,104.21,6,trajectory,0.041077,1,0.10538,2.956,1,running,0.023546,0.036086,0.43685,0.006435,0.068461,176.15,-0.0079257,0.048692,7.6434,-0.037259,0.042882,119.26,-0.0070727,0.027921,-132.59,-0.010345,0.036973,-44.352,-0.0032331,0.056387,-130.08,-0.015008,0.072643,-97.426
155,1020.5,8.1669,2.6953,1.6157,13,24,6.6283,5.2194,-3.1143,2.5906,1.4237,28.792,104.21,6,trajectory,0.041077,1,0.10475,2.956,1,running,0.023546,0.036086,0.43684,0.006435,0.068461,176.15,-0.0079257,0.048692,7.6434,-0.037259,0.042882,119.26,-0.0070727,0.027921,-132.59,-0.010345,0.036973,-44.352,-0.0032331,0.056387,-130.08,-0.015008,0.072643,-97.426
156,1020.6,8.1669,2.6953,1.6157,13,24,6.6283,5.2194,-3.1143,2.5906,1.4237,28.792,104.21,6,trajectory,0.041077,1,0.10592,2.956,1,running,0.023546,0.036086,0.43684,0.006435,0.068461,176.15,-0.0079257,0.048692,7.6434,-0.037259,0.042882,119.26,-0.0070727,0.027921,-132.59,-0.010345,0.036973,-44.352,-0.0032331,0.056387,-130.08,-0.015008,0.072643,-97.426
157,1020.8,8.1669,2.6953,1.6157,13,24,6.6283,5.2194,-3.1143,2.5906,1.4237,28.792,104.21,6,trajectory,0.041077,1,0.10879,2.956,1,running,0.023546,0.036086,0.43684,0.006435,0.068461,176.15,-0.0079257,0.048692,7.6434,-0.037259,0.042882,119.26,-0.0070727,0.027921,-132.59,-0.010345,0.036973,-44.352,-0.0032331,0.056387,-130.08,-0.015008,0.072643,-97.426
158,1020.9,8.1669,2.6953,1.6157,13,24,6.6283,5.2194,-3.1143,2.5906,1.4237,28.792,104.21,6,trajectory,0.041077,1,0.10519,2.956,1,running,0.023546,0.036086,0.43684,0.006435,0.068461,176.15,-0.0079257,0.048692,7.6434,-0.037259,0.042882,119.26,-0.0070727,0.027921,-132.59,-0.010345,0.036973,-44.352,-0.0032331,0.056387,-130.08,-0.015008,0.072643,-97.426
159,1021,8.1669,2.6953,1.6157,13,24,6.6283,5.2194,-3.1143,2.5906,1.4237,28.792,104.21,6,trajectory,0.041077,1,0.104,2.956,1,running,0.023546,0.036086,0.43684,0.006435,0.068461,176.15,-0.0079257,0.048692,7.6434,-0.037259,0.042882,119.26,-0.0070727,0.027921,-132.59,-0.010345,0.036973,-44.352,-0.0032331,0.056387,-130.08,-0.015008,0.072643,-97.426
160,1021.1,8.1669,2.6953,1.6157,13,24,6.6283,5.2194,-3.1143,2.5906,1.4237,28.792,104.21,6,trajectory,0.041077,1,0.1047,2.956,1,running,0.023546,0.036086,0.43684,0.006435,0.068461,176.15,-0.0079257,0.048692,7.6434,-0.037259,0.042882,119.26,-0.0070727,0.027921,-132.59,-0.010345,0.036973,-44.352,-0.0032331,0.056387,-130.08,-0.015008,0.072643,-97.426
161,1021.3,8.1669,2.6953,1.6157,13,24,6.6283,5.2194,-3.1143,2.5906,1.4237,28.792,104.21,6,trajectory,0.041077,1,0.11164,2.956,1,running,0.023546,0.036086,0.43684,0.006435,0.068461,176.15,-0.0079257,0.048692,7.6434,-0.037259,0.042882,119.26,-0.0070727,0.027921,-132.59,-0.010345,0.036973,-44.352,-0.0032331,0.056387,-130.08,-0.015008,0.072643,-97.426
162,1021.4,8.1669,2.6953,1.6157,13,24,6.6283,5.2194,-3.1143,2.5906,1.4237,28.792,104.21,6,trajectory,0.041077,1,0.11107,2.956,1,running,0.023546,0.036086,0.43684,0.006435,0.068461,176.15,-0.0079257,0.048692,7.6434,-0.037259,0.042882,119.26,-0.0070727,0.027921,-132.59,-0.010345,0.036973,-44.352,-0.0032331,0.056387,-130.08,-0.015008,0.072643,-97.426
163,1021.5,8.1669,2.6953,1.6157,13,24,6.6283,5.2194,-3.1143,2.5906,1.4237,28.792,104.21,6,trajectory,0.041077,1,0.10755,2.956,1,running,0.023546,0.036086,0.43684,0.006435,0.068461,176.15,-0.0079257,0.048692,7.6434,-0.037259,0.042882,119.26,-0.0070727,0.027921,-132.59,-0.010345,0.036973,-44.352,-0.0032331,0.056387,-130.08,-0.015008,0.072643,-97.426
164,1021.7,8.1669,2.6953,1.6157,13,24,6.6283,5.2194,-3.1143,2.5906,1.4237,28.792,104.21,6,trajectory,0.041077,1,0.10779,2.956,1,running,0.023546,0.036086,0.43684,0.006435,0.068461,176.15,-0.0079257,0.048692,7.6434,-0.037259,0.042882,119.26,-0.0070727,0.027921,-132.59,-0.010345,0.036973,-44.352,-0.0032331,0.056387,-130.08,-0.015008,0.072643,-97.426
165,1021.8,8.1669,2.6953,1.6157,13,24,6.6283,5.2194,-3.1143,2.5906,1.4237,28.792,104.21,6,trajectory,0.041077,1,0.10869,2.956,1,running,0.023546,0.036086,0.43684,0.006435,0.068461,176.15,-0.0079257,0.048692,7.6434,-0.037259,0.042882,119.26,-0.0070727,0.027921,-132.59,-0.010345,0.036973,-44.352,-0.0032331,0.056387,-130.08,-0.015008,0.072643,-97.426
166,1021.9,8.1669,2.6953,1.6157,13,24,6.6283,5.2194,-3.1143,2.5906,1.4237,28.792,104.21,6,trajectory,0.041077,1,0.10864,2.956,1,running,0.023546,0.036086,0.43684,0.006435,0.068461,176.15,-0.0079257,0.048692,7.6434,-0.037259,0.042882,119.26,-0.0070727,0.027921,-132.59,-0.010345,0.036973,-44.352,-0.0032331,0.056387,-130.08,-0.015008,0.072643,-97.426
167,1022.1,8.1669,2.6953,1.6157,13,24,6.6283,5.2194,-3.1143,2.5906,1.4237,28.792,104.21,6,trajectory,0.041077,1,0.10402,2.956,1,running,0.023546,0.036086,0.43684,0.006435,0.068461,176.15,-0.0079257,0.048692,7.6434,-0.037259,0.042882,119.26,-0.0070727,0.027921,-132.59,-0.010345,0.036973,-44.352,-0.0032331,0.056387,-130.08,-0.015008,0.072643,-97.426
168,1022.2,8.1669,2.6953,1.6157,13,24,6.6283,5.2194,-3.1143,2.5906,1.4237,28.792,104.21,6,trajectory,0.041077,1,0.10484,2.956,1,running,0.023546,0.036086,0.43684,0.006435,0.068461,176.15,-0.0079257,0.048692,7.6434,-0.037259,0.042882,119.26,-0.0070727,0.027921,-132.59,-0.010345,0.036973,-44.352,-0.0032331,0.056387,-130.08,-0.015008,0.072643,-97.426
169,1022.3,8.1669,2.6953,1.6157,13,24,6.6283,5.2194,-3.1143,2.5906,1.4237,28.792,104.21,6,trajectory,0.041077,1,0.10976,2.956,1,running,0.023546,0.036086,0.43684,0.006435,0.068461,176.15,-0.0079257,0.048692,7.6434,-0.037259,0.042882,119.26,-0.0070727,0.027921,-132.59,-0.010345,0.036973,-44.352,-0.0032331,0.056387,-130.08,-0.015008,0.072643,-97.426
170,1022.4,8.1669,2.6953,1.6157,13,24,6.6283,5.2194,-3.1143,2.5906,1.4237,28.792,104.21,6,trajectory,0.041077,1,0.10641,2.956,1,running,0.023546,0.036086,0.43684,0.006435,0.068461,176.15,-0.0079257,0.048692,7.6434,-0.037259,0.042882,119.26,-0.0070727,0.027921,-132.59,-0.010345,0.036973,-44.352,-0.0032331,0.056387,-130.08,-0.015008,0.072643,-97.426
171,1022.6,8.1669,2.6953,1.6157,13,24,6.6283,5.2194,-3.1143,2.5906,1.4237,28.792,104.21,6,trajectory,0.041077,1,0.10372,2.956,1,running,0.023546,0.036086,0.43684,0.006435,0.068461,176.15,-0.0079257,0.048692,7.6434,-0.037259,0.042882,119.26,-0.0070727,0.027921,-132.59,-0.010345,0.036973,-44.352,-0.0032331,0.056387,-130.08,-0.015008,0.072643,-97.426
172,1022.7,8.1669,2.6953,1.6157,13,24,6.6283,5.2194,-3.1143,2.5906,1.4237,28.792,104.21,6,trajectory,0.041077,1,0.10672,2.956,1,running,0.023546,0.036086,0.43684,0.006435,0.068461,176.15,-0.0079257,0.048692,7.6434,-0.037259,0.042882,119.26,-0.0070727,0.027921,-132.59,-0.010345,0.036973,-44.352,-0.0032331,0.056387,-130.08,-0.015008,0.072643,-97.426
173,1022.8,8.1669,2.6953,1.6157,13,24,6.6283,5.2194,-3.1143,2.5906,1.4237,28.792,104.21,6,trajectory,0.041077,1,0.10584,2.956,1,running,0.023546,0.036086,0.43684,0.006435,0.068461,176.15,-0.0079257,0.048692,7.6434,-0.037259,0.042882,119.26,-0.0070727,0.027921,-132.59,-0.010345,0.036973,-44.352,-0.0032331,0.056387,-130.08,-0.015008,0.072643,-97.426
174,1023,8.1669,2.6953,1.6157,13,24,6.6283,5.2194,-3.1143,2.5906,1.4237,28.792,104.21,6,trajectory,0.041077,1,0.10472,2.956,1,running,0.023546,0.036086,0.43684,0.006435,0.068461,176.15,-0.0079257,0.048692,7.6434,-0.037259,0.042882,119.26,-0.0070727,0.027921,-132.59,-0.010345,0.036973,-44.352,-0.0032331,0.056387,-130.08,-0.015008,0.072643,-97.426
175,1023.1,8.1669,2.6953,1.6157,13,24,6.6283,5.2194,-3.1143,2.5906,1.4237,28.792,104.21,6,trajectory,0.041077,1,0.1047,2.956,1,running,0.023546,0.036086,0.43684,0.006435,0.068461,176.15,-0.0079257,0.048692,7.6434,-0.037259,0.042882,119.26,-0.0070727,0.027921,-132.59,-0.010345,0.036973,-44.352,-0.0032331,0.056387,-130.08,-0.015008,0.072643,-97.426
176,1023.2,8.1669,2.6953,1.6157,13,24,6.6283,5.2194,-3.1143,2.5906,1.4237,28.792,104.21,6,trajectory,0.041077,1,0.10768,2.956,1,running,0.023546,0.036086,0.43684,0.006435,0.068461,176.15,-0.0079257,0.048692,7.6434,-0.037259,0.042882,119.26,-0.0070727,0.027921,-132.59,-0.010345,0.036973,-44.352,-0.0032331,0.056387,-130.08,-0.015008,0.072643,-97.426
177,1023.3,8.1669,2.6953,1.6157,13,24,6.6283,5.2194,-3.1143,2.5906,1.4237,28.792,104.21,6,trajectory,0.041077,1,0.10544,2.956,1,running,0.023546,0.036086,0.43684,0.006435,0.068461,176.15,-0.0079257,0.048692,7.6434,-0.037259,0.042882,119.26,-0.0070727,0.027921,-132.59,-0.010345,0.036973,-44.352,-0.0032331,0.056387,-130.08,-0.015008,0.072643,-97.426
178,1023.5,8.1669,2.6953,1.6157,13,24,6.6283,5.2194,-3.1143,2.5906,1.4237,28.792,104.21,6,trajectory,0.041077,1,0.11043,2.956,1,running,0.023546,0.036086,0.43684,0.006435,0.068461,176.15,-0.0079257,0.048692,7.6434,-0.037259,0.042882,119.26,-0.0070727,0.027921,-132.59,-0.010345,0.036973,-44.352,-0.0032331,0.056387,-130.08,-0.015008,0.072643,-97.426
179,1023.6,8.1669,2.6953,1.6157,13,24,6.6283,5.2194,-3.1143,2.5906,1.4237,28.792,104.21,6,trajectory,0.041077,1,0.10704,2.956,1,running,0.023546,0.036086,0.43684,0.006435,0.068461,176.15,-0.0079257,0.048692,7.6434,-0.037259,0.042882,119.26,-0.0070727,0.027921,-132.59,-0.010345,0.036973,-44.352,-0.0032331,0.056387,-130.08,-0.015008,0.072643,-97.426
180,1023.7,8.1669,2.6953,1.6157,13,24,6.6283,5.2194,-3.1143,2.5906,1.4237,28.792,104.21,6,trajectory,0.041077,1,0.1061,2.956,1,running,0.023546,0.036086,0.43684,0.006435,0.068461,176.15,-0.0079257,0.048692,7.6434,-0.037259,0.042882,119.26,-0.0070727,0.027921,-132.59,-0.010345,0.036973,-44.352,-0.0032331,0.056387,-130.08,-0.015008,0.072643,-97.426
181,1023.9,8.1669,2.6953,1.6157,13,24,6.6283,5.2194,-3.1143,2.5906,1.4237,28.792,104.21,6,trajectory,0.041077,1,0.10374,2.956,1,running,0.023546,0.036086,0.43684,0.006435,0.068461,176.15,-0.0079257,0.048692,7.6434,-0.037259,0.042882,119.26,-0.0070727,0.027921,-132.59,-0.010345,0.036973,-44.352,-0.0032331,0.056387,-130.08,-0.015008,0.072643,-97.426
182,1024,8.1669,2.6953,1.6157,13,24,6.6283,5.2194,-3.1143,2.5906,1.4237,28.792,104.21,6,trajectory,0.041077,1,0.10445,2.956,1,running,0.023546,0.036086,0.43684,0.006435,0.068461,176.15,-0.0079257,0.048692,7.6434,-0.037259,0.042882,119.26,-0.0070727,0.027921,-132.59,-0.010345,0.036973,-44.352,-0.0032331,0.056387,-130.08,-0.015008,0.072643,-97.426
183,1024.1,8.1669,2.6953,1.6157,13,24,6.6283,5.2194,-3.1143,2.5906,1.4237,28.792,104.21,6,trajectory,0.041077,1,0.10523,2.956,1,running,0.023546,0.036086,0.43684,0.006435,0.068461,176.15,-0.0079257,0.048692,7.6434,-0.037259,0.042882,119.26,-0.0070727,0.027921,-132.59,-0.010345,0.036973,-44.352,-0.0032331,0.056387,-130.08,-0.015008,0.072643,-97.426
184,1024.3,8.1669,2.6953,1.6157,13,24,6.6283,5.2194,-3.1143,2.5906,1.4237,28.792,104.21,6,trajectory,0.041077,1,0.10404,2.956,1,running,0.023546,0.036086,0.43684,0.006435,0.068461,176.15,-0.0079257,0.048692,7.6434,-0.037259,0.042882,119.26,-0.0070727,0.027921,-132.59,-0.010345,0.036973,-44.352,-0.0032331,0.056387,-130.08,-0.015008,0.072643,-97.426
185,1024.4,8.1669,2.6953,1.6157,13,24,6.6283,5.2194,-3.1143,2.5906,1.4237,28.792,104.21,6,trajectory,0.041077,1,0.10486,2.956,1,running,0.023546,0.036086,0.43684,0.006435,0.068461,176.15,-0.0079257,0.048692,7.6434,-0.037259,0.042882,119.26,-0.0070727,0.027921,-132.59,-0.010345,0.036973,-44.352,-0.0032331,0.056387,-130.08,-0.015008,0.072643,-97.426
186,1024.5,8.1669,2.6953,1.6157,13,24,6.6283,5.2194,-3.1143,2.5906,1.4237,28.792,104.21,6,trajectory,0.041077,1,0.1097,2.956,1,running,0.023546,0.036086,0.43684,0.006435,0.068461,176.15,-0.0079257,0.048692,7.6434,-0.037259,0.042882,119.26,-0.0070727,0.027921,-132.59,-0.010345,0.036973,-44.352,-0.0032331,0.056387,-130.08,-0.015008,0.072643,-97.426
187,1024.6,8.1669,2.6953,1.6157,13,24,6.6283,5.2194,-3.1143,2.5906,1.4237,28.792,104.21,6,trajectory,0.041077,1,0.11366,2.956,1,running,0.023546,0.036086,0.43684,0.006435,0.068461,176.15,-0.0079257,0.048692,7.6434,-0.037259,0.042882,119.26,-0.0070727,0.027921,-132.59,-0.010345,0.036973,-44.352,-0.0032331,0.056387,-130.08,-0.015008,0.072643,-97.426
188,1024.8,8.1669,2.6953,1.6157,13,24,6.6283,5.2194,-3.1143,2.5906,1.4237,28.792,104.21,6,trajectory,0.041077,1,0.11037,2.956,1,running,0.023546,0.036086,0.43684,0.006435,0.068461,176.15,-0.0079257,0.048692,7.6434,-0.037259,0.042882,119.26,-0.0070727,0.027921,-132.59,-0.010345,0.036973,-44.352,-0.0032331,0.056387,-130.08,-0.015008,0.072643,-97.426
189,1024.9,8.1669,2.6953,1.6157,13,24,6.6283,5.2194,-3.1143,2.5906,1.4237,28.792,104.21,6,trajectory,0.041077,1,0.1047,2.956,1,running,0.023546,0.036086,0.43684,0.006435,0.068461,176.15,-0.0079257,0.048692,7.6434,-0.037259,0.042882,119.26,-0.0070727,0.027921,-132.59,-0.010345,0.036973,-44.352,-0.0032331,0.056387,-130.08,-0.015008,0.072643,-97.426
190,1025,8.1669,2.6953,1.6157,13,24,6.6283,5.2194,-3.1143,2.5906,1.4237,28.792,104.21,6,trajectory,0.041077,1,0.10404,2.956,1,running,0.023546,0.036086,0.43684,0.006435,0.068461,176.15,-0.0079257,0.048692,7.6434,-0.037259,0.042882,119.26,-0.0070727,0.027921,-132.59,-0.010345,0.036973,-44.352,-0.0032331,0.056387,-130.08,-0.015008,0.072643,-97.426
191,1025.2,8.1669,2.6953,1.6157,13,24,6.6283,5.2194,-3.1143,2.5906,1.4237,28.792,104.21,6,trajectory,0.041077,1,0.13764,2.956,1,running,0.023546,0.036086,0.43684,0.006435,0.068461,176.15,-0.0079257,0.048692,7.6434,-0.037259,0.042882,119.26,-0.0070727,0.027921,-132.59,-0.010345,0.036973,-44.352,-0.0032331,0.056387,-130.08,-0.015008,0.072643,-97.426
192,1025.3,8.1669,2.6953,1.6157,13,24,6.6283,5.2194,-3.1143,2.5906,1.4237,28.792,104.21,6,trajectory,0.041077,1,0.10427,2.956,1,running,0.023546,0.036086,0.43684,0.006435,0.068461,176.15,-0.0079257,0.048692,7.6434,-0.037259,0.042882,119.26,-0.0070727,0.027921,-132.59,-0.010345,0.036973,-44.352,-0.0032331,0.056387,-130.08,-0.015008,0.072643,-97.426
193,1025.5,8.1669,2.6953,1.6157,13,24,6.6283,5.2194,-3.1143,2.5906,1.4237,28.792,104.21,6,trajectory,0.041077,1,0.10596,2.956,1,running,0.023546,0.036086,0.43684,0.006435,0.068461,176.15,-0.0079257,0.048692,7.6434,-0.037259,0.042882,119.26,-0.0070727,0.027921,-132.59,-0.010345,0.036973,-44.352,-0.0032331,0.056387,-130.08,-0.015008,0.072643,-97.426
194,1025.6,8.1669,2.6953,1.6157,13,24,6.6283,5.2194,-3.1143,2.5906,1.4237,28.792,104.21,6,trajectory,0.041077,1,0.10354,2.956,1,running,0.023546,0.036086,0.43684,0.006435,0.068461,176.15,-0.0079257,0.048692,7.6434,-0.037259,0.042882,119.26,-0.0070727,0.027921,-132.59,-0.010345,0.036973,-44.352,-0.0032331,0.056387,-130.08,-0.015008,0.072643,-97.426
195,1025.7,8.1669,2.6953,1.6157,13,24,6.6283,5.2194,-3.1143,2.5906,1.4237,28.792,104.21,6,trajectory,0.041077,1,0.10774,2.956,1,running,0.023546,0.036086,0.43684,0.006435,0.068461,176.15,-0.0079257,0.048692,7.6434,-0.037259,0.042882,119.26,-0.0070727,0.027921,-132.59,-0.010345,0.036973,-44.352,-0.0032331,0.056387,-130.08,-0.015008,0.072643,-97.426
196,1025.8,8.1669,2.6953,1.6157,13,24,6.6283,5.2194,-3.1143,2.5906,1.4237,28.792,104.21,6,trajectory,0.041077,1,0.10669,2.956,1,running,0.023546,0.036086,0.43684,0.006435,0.068461,176.15,-0.0079257,0.048692,7.6434,-0.037259,0.042882,119.26,-0.0070727,0.027921,-132.59,-0.010345,0.036973,-44.352,-0.0032331,0.056387,-130.08,-0.015008,0.072643,-97.426
197,1026,8.1669,2.6953,1.6157,13,24,6.6283,5.2194,-3.1143,2.5906,1.4237,28.792,104.21,6,trajectory,0.041077,1,0.10685,2.956,1,running,0.023546,0.036086,0.43684,0.006435,0.068461,176.15,-0.0079257,0.048692,7.6434,-0.037259,0.042882,119.26,-0.0070727,0.027921,-132.59,-0.010345,0.036973,-44.352,-0.0032331,0.056387,-130.08,-0.015008,0.072643,-97.426
198,1026.1,8.1669,2.6953,1.6157,13,24,6.6283,5.2194,-3.1143,2.5906,1.4237,28.792,104.21,6,trajectory,0.041077,1,0.10608,2.956,1,running,0.023546,0.036086,0.43684,0.006435,0.068461,176.15,-0.0079257,0.048692,7.6434,-0.037259,0.042882,119.26,-0.0070727,0.027921,-132.59,-0.010345,0.036973,-44.352,-0.0032331,0.056387,-130.08,-0.015008,0.072643,-97.426
199,1026.2,8.1658,2.7192,1.6152,13,24,6.6283,5.2194,-3.1143,2.566,1.4249,29.044,104.21,6,trajectory,0.041077,1,0.10416,2.9351,1,running,0.023546,0.036086,0.43684,0.006435,0.068461,176.15,-0.0079257,0.048692,7.6434,-0.037259,0.042882,119.26,-0.0070727,0.027921,-132.59,-0.010345,0.036973,-44.352,-0.0032331,0.056387,-130.08,-0.015008,0.072643,-97.426
200,1026.4,8.1627,2.7907,1.6138,13,24,6.6283,5.2194,-3.1143,2.4925,1.4285,29.819,104.21,6,trajectory,0.041077,1,0.10471,2.8728,1,running,0.023546,0.036086,0.43684,0.006435,0.068461,176.15,-0.0079257,0.048692,7.6434,-0.037259,0.042882,119.26,-0.0070727,0.027921,-132.59,-0.010345,0.036973,-44.352,-0.0032331,0.056387,-130.08,-0.015008,0.072643,-97.426
201,1026.5,8.1597,2.8622,1.6124,13,24,6.6283,5.2194,-3.1143,2.4189,1.4319,30.624,104.21,6,trajectory,0.041077,1,0.10614,2.811,1,running,0.023546,0.036086,0.43684,0.006435,0.068461,176.15,-0.0079257,0.048692,7.6434,-0.037259,0.042882,119.26,-0.0070727,0.027921,-132.59,-0.010345,0.036973,-44.352,-0.0032331,0.056387,-130.08,-0.015008,0.072643,-97.426
202,1026.6,8.1562,2.9457,1.6111,13,24,6.6283,5.2194,-3.1143,2.3334,1.4352,31.595,104.21,6,trajectory,0.041077,1,0.10379,2.7394,1,running,0.023546,0.036086,0.43684,0.006435,0.068461,176.15,-0.0079257,0.048692,7.6434,-0.037259,0.042882,119.26,-0.0070727,0.027921,-132.59,-0.010345,0.036973,-44.352,-0.0032331,0.056387,-130.08,-0.015008,0.072643,-97.426
203,1026.7,8.1534,3.0173,1.6101,13,24,6.6283,5.2194,-3.1143,2.2603,1.4374,32.453,104.21,6,trajectory,0.041077,1,0.10548,2.6786,1,running,0.023546,0.036086,0.43684,0.006435,0.068461,176.15,-0.0079257,0.048692,7.6434,-0.037259,0.042882,119.26,-0.0070727,0.027921,-132.59,-0.010345,0.036973,-44.352,-0.0032331,0.056387,-130.08,-0.015008,0.072643,-97.426
204,1026.9,8.1501,3.101,1.6093,13,24,6.6283,5.2194,-3.1143,2.1754,1.4392,33.488,104.21,6,trajectory,0.041077,1,0.10451,2.6084,1,running,0.023546,0.036086,0.43684,0.006435,0.068461,176.15,-0.0079257,0.048692,7.6434,-0.037259,0.042882,119.26,-0.0070727,0.027921,-132.59,-0.010345,0.036973,-44.352,-0.0032331,0.056387,-130.08,-0.015008,0.072643,-97.426
205,1027,8.1474,3.1727,1.6088,13,24,6.6283,5.2194,-3.1143,2.1029,1.4403,34.407,104.21,6,trajectory,0.041077,1,0.10553,2.5488,1,running,0.023546,0.036086,0.43684,0.006435,0.068461,176.15,-0.0079257,0.048692,7.6434,-0.037259,0.042882,119.26,-0.0070727,0.027921,-132.59,-0.010345,0.036973,-44.352,-0.0032331,0.056387,-130.08,-0.015008,0.072643,-97.426
206,1027.1,8.1442,3.2565,1.6084,13,24,6.6283,5.2194,-3.1143,2.0185,1.441,35.522,104.21,6,trajectory,0.041077,1,0.11707,2.4801,1,running,0.023546,0.036086,0.43685,0.006435,0.068461,176.15,-0.0079257,0.048692,7.6434,-0.037259,0.042882,119.26,-0.0070727,0.027921,-132.59,-0.010345,0.036973,-44.352,-0.0032331,0.056387,-130.08,-0.015008,0.072643,-97.426
207,1027.3,8.1411,3.3403,1.6083,14,24,5.6037,5.1498,-3.0764,1.9033,2.4678,52.359,104.21,6,trajectory,0.041077,1,0.10698,2.4124,1,running,0.023546,0.036086,0.43684,0.006435,0.068461,176.15,-0.0079257,0.048692,7.6434,-0.037259,0.042882,119.26,-0.0070727,0.027921,-132.59,-0.010345,0.036973,-44.352,-0.0032331,0.056387,-130.08,-0.015008,0.072643,-97.426
208,1027.4,8.1384,3.4122,1.6083,14,24,5.6037,5.1498,-3.0764,1.8314,2.4678,53.421,104.21,6,trajectory,0.041077,1,0.10875,3.0731,1,running,0.023546,0.036086,0.43684,0.006435,0.068461,176.15,-0.0079257,0.048692,7.6434,-0.037259,0.042882,119.26,-0.0070727,0.027921,-132.59,-0.010345,0.036973,-44.352,-0.0032331,0.056387,-130.08,-0.015008,0.072643,-97.426
209,1027.5,8.1348,3.5081,1.6084,14,24,5.6037,5.1498,-3.0764,1.7358,2.4675,54.876,104.21,6,trajectory,0.041077,1,0.1057,3.0169,1,running,0.023546,0.036086,0.43684,0.006435,0.068461,176.15,-0.0079257,0.048692,7.6434,-0.037259,0.042882,119.26,-0.0070727,0.027921,-132.59,-0.010345,0.036973,-44.352,-0.0032331,0.056387,-130.08,-0.015008,0.072643,-97.426
210,1027.7,8.1321,3.5799,1.6091,14,24,5.6037,5.1498,-3.0764,1.6657,2.4663,55.966,104.21,6,trajectory,0.041077,1,0.10534,2.9761,1,running,0.023546,0.036086,0.43684,0.006435,0.068461,176.15,-0.0079257,0.048692,7.6434,-0.037259,0.042882,119.26,-0.0070727,0.027921,-132.59,-0.010345,0.036973,-44.352,-0.0032331,0.056387,-130.08,-0.015008,0.072643,-97.426
211,1027.8,8.1292,3.6512,1.6117,14,24,5.6037,5.1498,-3.0764,1.6006,2.4621,56.972,104.21,6,trajectory,0.041077,1,0.10957,2.9367,1,running,0.023546,0.036086,0.43684,0.006435,0.068461,176.15,-0.0079257,0.048692,7.6434,-0.037259,0.042882,119.26,-0.0070727,0.027921,-132.59,-0.010345,0.036973,-44.352,-0.0032331,0.056387,-130.08,-0.015008,0.072643,-97.426
212,1027.9,8.1256,3.7335,1.6181,14,24,5.6037,5.1498,-3.0764,1.534,2.4521,57.97,104.21,6,trajectory,0.041077,1,0.1072,2.8924,1,running,0.023546,0.036086,0.43684,0.006435,0.068461,176.15,-0.0079257,0.048692,7.6434,-0.037259,0.042882,119.26,-0.0070727,0.027921,-132.59,-0.010345,0.036973,-44.352,-0.0032331,0.056387,-130.08,-0.015008,0.072643,-97.426
213,1028.1,8.1214,3.814,1.6307,14,24,5.6037,5.1498,-3.0764,1.4842,2.4331,58.618,104.21,6,trajectory,0.041077,1,0.10741,2.8501,1,running,0.023546,0.036086,0.43684,0.006435,0.068461,176.15,-0.0079257,0.048692,7.6434,-0.037259,0.042882,119.26,-0.0070727,0.027921,-132.59,-0.010345,0.036973,-44.352,-0.0032331,0.056387,-130.08,-0.015008,0.072643,-97.426
214,1028.2,8.1168,3.8817,1.6461,14,24,5.6037,5.1498,-3.0764,1.4536,2.4106,58.91,104.21,6,trajectory,0.041077,1,0.10651,2.8149,1,running,0.023546,0.036086,0.43685,0.006435,0.068461,176.15,-0.0079257,0.048692,7.6434,-0.037259,0.042882,119.26,-0.0070727,0.027921,-132.59,-0.010345,0.036973,-44.352,-0.0032331,0.056387,-130.08,-0.015008,0.072643,-97.426
215,1028.3,8.1101,3.9588,1.6696,14,24,5.6037,5.1498,-3.0764,1.4325,2.3766,58.921,104.21,6,trajectory,0.041077,1,0.10641,2.775,1,running,0.023546,0.036086,0.43684,0.006435,0.068461,176.15,-0.0079257,0.048692,7.6434,-0.037259,0.042882,119.26,-0.0070727,0.027921,-132.59,-0.010345,0.036973,-44.352,-0.0032331,0.056387,-130.08,-0.015008,0.072643,-97.426
216,1028.5,8.1029,4.0235,1.694,14,24,5.6037,5.1498,-3.0764,1.4249,2.3419,58.682,104.21,6,trajectory,0.041077,1,0.10503,2.7413,1,running,0.023546,0.036086,0.43684,0.006435,0.068461,176.15,-0.0079257,0.048692,7.6434,-0.037259,0.042882,119.26,-0.0070727,0.027921,-132.59,-0.010345,0.036973,-44.352,-0.0032331,0.056387,-130.08,-0.015008,0.072643,-97.426
217,1028.6,8.0942,4.0863,1.7228,14,24,5.6037,5.1498,-3.0764,1.4283,2.3008,58.168,104.21,6,trajectory,0.041077,1,0.10577,2.7081,1,running,0.023546,0.036086,0.43684,0.006435,0.068461,176.15,-0.0079257,0.048692,7.6434,-0.037259,0.042882,119.26,-0.0070727,0.027921,-132.59,-0.010345,0.036973,-44.352,-0.0032331,0.056387,-130.08,-0.015008,0.072643,-97.426
218,1028.7,8.0819,4.1579,1.7603,14,24,5.6037,5.1498,-3.0764,1.4409,2.2471,57.332,104.21,6,trajectory,0.041077,1,0.10516,2.6694,1,running,0.023546,0.036086,0.43684,0.006435,0.068461,176.15,-0.0079257,0.048692,7.6434,-0.037259,0.042882,119.26,-0.0070727,0.027921,-132.59,-0.010345,0.036973,-44.352,-0.0032331,0.056387,-130.08,-0.015008,0.072643,-97.426
219,1028.8,8.0693,4.2179,1.7952,14,24,5.6037,5.1498,-3.0764,1.4571,2.1965,56.442,104.21,6,trajectory,0.041077,1,0.10364,2.6359,1,running,0.023546,0.036086,0.43684,0.006435,0.068461,176.15,-0.0079257,0.048692,7.6434,-0.037259,0.042882,119.26,-0.0070727,0.027921,-132.59,-0.010345,0.036973,-44.352,-0.0032331,0.056387,-130.08,-0.015008,0.072643,-97.426
220,1029,8.0522,4.2862,1.8388,14,24,5.6037,5.1498,-3.0764,1.4812,2.1324,55.217,104.21,6,trajectory,0.041077,1,0.10528,2.5964,1,running,0.023546,0.036086,0.43684,0.006435,0.068461,176.15,-0.0079257,0.048692,7.6434,-0.037259,0.042882,119.26,-0.0070727,0.027921,-132.59,-0.010345,0.036973,-44.352,-0.0032331,0.056387,-130.08,-0.015008,0.072643,-97.426
221,1029.1,8.0354,4.3432,1.8782,14,24,5.6037,5.1498,-3.0764,1.5046,2.0736,54.036,104.21,6,trajectory,0.041077,1,0.10617,2.5619,1,running,0.023546,0.036086,0.43684,0.006435,0.068461,176.15,-0.0079257,0.048692,7.6434,-0.037259,0.042882,119.26,-0.0070727,0.027921,-132.59,-0.010345,0.036973,-44.352,-0.0032331,0.056387,-130.08,-0.015008,0.072643,-97.426
222,1029.2,8.0164,4.399,1.9192,14,24,5.6037,5.1498,-3.0764,1.5295,2.0113,52.749,104.21,6,trajectory,0.041077,1,0.10532,2.5268,1,running,0.023546,0.036086,0.43684,0.006435,0.068461,176.15,-0.0079257,0.048692,7.6434,-0.037259,0.042882,119.26,-0.0070727,0.027921,-132.59,-0.010345,0.036973,-44.352,-0.0032331,0.056387,-130.08,-0.015008,0.072643,-97.426
223,1029.3,7.9916,4.4622,1.9687,14,24,5.6037,5.1498,-3.0764,1.5592,1.9349,51.136,104.21,6,trajectory,0.041077,1,0.10493,2.485,1,running,0.023546,0.036086,0.43684,0.006435,0.068461,176.15,-0.0079257,0.048692,7.6434,-0.037259,0.042882,119.26,-0.0070727,0.027921,-132.59,-0.010345,0.036973,-44.352,-0.0032331,0.056387,-130.08,-0.015008,0.072643,-97.426
224,1029.5,7.9682,4.5147,2.0123,15,24,4.529,5.0884,-3.0863,1.9883,2.8643,55.233,104.21,6,trajectory,0.041077,1,0.1056,2.4483,1,running,0.023546,0.036086,0.43684,0.006435,0.068461,176.15,-0.0079257,0.048692,7.6434,-0.037259,0.042882,119.26,-0.0070727,0.027921,-132.59,-0.010345,0.036973,-44.352,-0.0032331,0.056387,-130.08,-0.015008,0.072643,-97.426
225,1029.6,7.938,4.5746,2.0643,15,24,4.529,5.0884,-3.0863,2.0673,2.7589,53.154,104.21,6,trajectory,0.041077,1,0.10981,3.4475,1,running,0.023546,0.036086,0.43684,0.006435,0.068461,176.15,-0.0079257,0.048692,7.6434,-0.037259,0.042882,119.26,-0.0070727,0.027921,-132.59,-0.010345,0.036973,-44.352,-0.0032331,0.056387,-130.08,-0.015008,0.072643,-97.426
226,1029.7,7.9048,4.6325,2.1172,15,24,4.529,5.0884,-3.0863,2.1437,2.6474,51.002,104.21,6,trajectory,0.041077,1,0.10687,3.4065,1,running,0.023546,0.036086,0.43684,0.006435,0.068461,176.15,-0.0079257,0.048692,7.6434,-0.037259,0.042882,119.26,-0.0070727,0.027921,-132.59,-0.010345,0.036973,-44.352,-0.0032331,0.056387,-130.08,-0.015008,0.072643,-97.426
227,1029.9,7.8742,4.6804,2.1632,15,24,4.529,5.0884,-3.0863,2.2063,2.5474,49.104,104.21,6,trajectory,0.041077,1,0.10218,3.37,1,running,0.023546,0.036086,0.43684,0.006435,0.068461,176.15,-0.0079257,0.048692,7.6434,-0.037259,0.042882,119.26,-0.0070727,0.027921,-132.59,-0.010345,0.036973,-44.352,-0.0032331,0.056387,-130.08,-0.015008,0.072643,-97.426
228,1030,7.8416,4.7266,2.2096,15,24,4.529,5.0884,-3.0863,2.2655,2.4436,47.166,104.21,6,trajectory,0.041077,1,0.10279,3.3323,1,running,0.023546,0.036086,0.43684,0.006435,0.068461,176.15,-0.0079257,0.048692,7.6434,-0.037259,0.042882,119.26,-0.0070727,0.027921,-132.59,-0.010345,0.036973,-44.352,-0.0032331,0.056387,-130.08,-0.015008,0.072643,-97.426
229,1030.1,7.8012,4.7779,2.264,15,24,4.529,5.0884,-3.0863,2.3297,2.3187,44.864,104.21,6,trajectory,0.041077,1,0.10398,3.2869,1,running,0.023546,0.036086,0.43684,0.006435,0.068461,176.15,-0.0079257,0.048692,7.6434,-0.037259,0.042882,119.26,-0.0070727,0.027921,-132.59,-0.010345,0.036973,-44.352,-0.0032331,0.056387,-130.08,-0.015008,0.072643,-97.426
230,1030.3,7.7642,4.8204,2.3111,15,24,4.529,5.0884,-3.0863,2.38,2.2076,42.848,104.21,6,trajectory,0.041077,1,0.10623,3.2463,1,running,0.023546,0.036086,0.43684,0.006435,0.068461,176.15,-0.0079257,0.048692,7.6434,-0.037259,0.042882,119.26,-0.0070727,0.027921,-132.59,-0.010345,0.036973,-44.352,-0.0032331,0.056387,-130.08,-0.015008,0.072643,-97.426
231,1030.4,7.7253,4.861,2.3584,15,24,4.529,5.0884,-3.0863,2.4255,2.0941,40.807,104.21,6,trajectory,0.041077,1,0.10453,3.2044,1,running,0.023546,0.036086,0.43684,0.006435,0.068461,176.15,-0.0079257,0.048692,7.6434,-0.037259,0.042882,119.26,-0.0070727,0.027921,-132.59,-0.010345,0.036973,-44.352,-0.0032331,0.056387,-130.08,-0.015008,0.072643,-97.426
232,1030.5,7.6778,4.9058,2.4136,15,24,4.529,5.0884,-3.0863,2.472,1.9589,38.395,104.21,6,trajectory,0.041077,1,0.10563,3.1541,1,running,0.023546,0.036086,0.43684,0.006435,0.068461,176.15,-0.0079257,0.048692,7.6434,-0.037259,0.042882,119.26,-0.0070727,0.027921,-132.59,-0.010345,0.036973,-44.352,-0.0032331,0.056387,-130.08,-0.015008,0.072643,-97.426
233,1030.6,7.6352,4.942,2.4609,15,24,4.529,5.0884,-3.0863,2.5061,1.8411,36.304,104.21,6,trajectory,0.041077,1,0.10477,3.1097,1,running,0.023546,0.036086,0.43685,0.006435,0.068461,176.15,-0.0079257,0.048692,7.6434,-0.037259,0.042882,119.26,-0.0070727,0.027921,-132.59,-0.010345,0.036973,-44.352,-0.0032331,0.056387,-130.08,-0.015008,0.072643,-97.426
234,1030.8,7.5831,4.9819,2.5165,15,24,4.529,5.0884,-3.0863,2.5389,1.7008,33.819,104.21,6,trajectory,0.041077,1,0.10712,3.0559,1,running,0.023546,0.036086,0.43684,0.006435,0.068461,176.15,-0.0079257,0.048692,7.6434,-0.037259,0.042882,119.26,-0.0070727,0.027921,-132.59,-0.010345,0.036973,-44.352,-0.0032331,0.056387,-130.08,-0.015008,0.072643,-97.426
235,1030.9,7.5368,5.0136,2.564,15,24,4.529,5.0884,-3.0863,2.5607,1.5796,31.669,104.21,6,trajectory,0.041077,1,0.10329,3.0087,1,running,0.023546,0.036086,0.43684,0.006435,0.068461,176.15,-0.0079257,0.048692,7.6434,-0.037259,0.042882,119.26,-0.0070727,0.027921,-132.59,-0.010345,0.036973,-44.352,-0.0032331,0.056387,-130.08,-0.015008,0.072643,-97.426
236,1031,7.4893,5.043,2.6113,15,24,4.529,5.0884,-3.0863,2.5767,1.458,29.503,104.21,6,trajectory,0.041077,1,0.1048,2.9607,1,running,0.023546,0.036086,0.43684,0.006435,0.068461,176.15,-0.0079257,0.048692,7.6434,-0.037259,0.042882,119.26,-0.0070727,0.027921,-132.59,-0.010345,0.036973,-44.352,-0.0032331,0.056387,-130.08,-0.015008,0.072643,-97.426
237,1031.1,7.4319,5.0745,2.6667,15,24,4.529,5.0884,-3.0863,2.588,1.315,26.935,104.21,6,trajectory,0.041077,1,0.10426,2.9029,1,running,0.023546,0.036086,0.43684,0.006435,0.068461,176.15,-0.0079257,0.048692,7.6434,-0.037259,0.042882,119.26,-0.0070727,0.027921,-132.59,-0.010345,0.036973,-44.352,-0.0032331,0.056387,-130.08,-0.015008,0.072643,-97.426
238,1031.3,7.3813,5.099,2.7141,15,24,4.529,5.0884,-3.0863,2.5912,1.1922,24.706,104.21,6,trajectory,0.041077,1,0.10484,2.8523,1,running,0.023546,0.036086,0.43684,0.006435,0.068461,176.15,-0.0079257,0.048692,7.6434,-0.037259,0.042882,119.26,-0.0070727,0.027921,-132.59,-0.010345,0.036973,-44.352,-0.0032331,0.056387,-130.08,-0.015008,0.072643,-97.426
239,1031.4,7.3297,5.1211,2.7612,15,24,4.529,5.0884,-3.0863,2.5884,1.0701,22.461,104.21,6,trajectory,0.041077,1,0.10654,2.8009,1,running,0.023546,0.036086,0.43684,0.006435,0.068461,176.15,-0.0079257,0.048692,7.6434,-0.037259,0.042882,119.26,-0.0070727,0.027921,-132.59,-0.010345,0.036973,-44.352,-0.0032331,0.056387,-130.08,-0.015008,0.072643,-97.426
240,1031.5,7.268,5.1438,2.8155,15,24,4.529,5.0884,-3.0863,2.5769,0.93003,19.845,104.21,6,trajectory,0.041077,1,0.10533,2.7396,1,running,0.023546,0.036086,0.43684,0.006435,0.068461,176.15,-0.0079257,0.048692,7.6434,-0.037259,0.042882,119.26,-0.0070727,0.027921,-132.59,-0.010345,0.036973,-44.352,-0.0032331,0.056387,-130.08,-0.015008,0.072643,-97.426
241,1031.7,7.2135,5.1609,2.8613,15,24,4.529,5.0884,-3.0863,2.5596,0.81235,17.608,104.21,6,trajectory,0.041077,1,0.10379,2.6854,1,running,0.023546,0.036086,0.43684,0.006435,0.068461,176.15,-0.0079257,0.048692,7.6434,-0.037259,0.042882,119.26,-0.0070727,0.027921,-132.59,-0.010345,0.036973,-44.352,-0.0032331,0.056387,-130.08,-0.015008,0.072643,-97.426
242,1031.8,7.1481,5.1779,2.9126,15,24,4.529,5.0884,-3.0863,2.5305,0.68161,15.075,104.21,6,trajectory,0.041077,1,0.10427,2.6207,1,running,0.023546,0.036086,0.43684,0.006435,0.068461,176.15,-0.0079257,0.048692,7.6434,-0.037259,0.042882,119.26,-0.0070727,0.027921,-132.59,-0.010345,0.036973,-44.352,-0.0032331,0.056387,-130.08,-0.015008,0.072643,-97.426
243,1031.9,7.0907,5.19,2.9538,15,24,4.529,5.0884,-3.0863,2.4977,0.57803,13.03,104.21,6,trajectory,0.041077,1,0.10812,2.5637,1,running,0.023546,0.036086,0.43684,0.006435,0.068461,176.15,-0.0079257,0.048692,7.6434,-0.037259,0.042882,119.26,-0.0070727,0.027921,-132.59,-0.010345,0.036973,-44.352,-0.0032331,0.056387,-130.08,-0.015008,0.072643,-97.426
244,1032,7.0219,5.2014,2.9985,15,24,4.529,5.0884,-3.0863,2.4514,0.4673,10.793,104.21,6,trajectory,0.041077,1,0.10764,2.4955,1,running,0.023546,0.036086,0.43684,0.006435,0.068461,176.15,-0.0079257,0.048692,7.6434,-0.037259,0.042882,119.26,-0.0070727,0.027921,-132.59,-0.010345,0.036973,-44.352,-0.0032331,0.056387,-130.08,-0.015008,0.072643,-97.426
245,1032.2,6.9613,5.209,3.0348,16,24,3.451,5.0262,-3.0817,3.4708,0.55609,9.1027,104.21,6,trajectory,0.041077,1,0.105,2.4353,1,running,0.023546,0.036086,0.43684,0.006435,0.068461,176.15,-0.0079257,0.048692,7.6434,-0.037259,0.042882,119.26,-0.0070727,0.027921,-132.59,-0.010345,0.036973,-44.352,-0.0032331,0.056387,-130.08,-0.015008,0.072643,-97.426
246,1032.3,6.889,5.2154,3.0731,16,24,3.451,5.0262,-3.0817,3.417,0.42385,7.071,104.21,6,trajectory,0.041077,1,0.10547,3.4431,1,running,0.023546,0.036086,0.43684,0.006435,0.068461,176.15,-0.0079257,0.048692,7.6434,-0.037259,0.042882,119.26,-0.0070727,0.027921,-132.59,-0.010345,0.036973,-44.352,-0.0032331,0.056387,-130.08,-0.015008,0.072643,-97.426
247,1032.4,6.8149,5.2192,3.107,16,24,3.451,5.0262,-3.0817,3.3551,0.30925,5.2661,104.21,6,trajectory,0.041077,1,0.10328,3.3694,1,running,0.023546,0.036086,0.43684,0.006435,0.068461,176.15,-0.0079257,0.048692,7.6434,-0.037259,0.042882,119.26,-0.0070727,0.027921,-132.59,-0.010345,0.036973,-44.352,-0.0032331,0.056387,-130.08,-0.015008,0.072643,-97.426
248,1032.6,6.75,5.2206,3.1319,16,24,3.451,5.0262,-3.0817,3.297,0.22618,3.9246,104.21,6,trajectory,0.041077,1,0.10506,3.3047,1,running,0.023546,0.036086,0.43684,0.006435,0.068461,176.15,-0.0079257,0.048692,7.6434,-0.037259,0.042882,119.26,-0.0070727,0.027921,-132.59,-0.010345,0.036973,-44.352,-0.0032331,0.056387,-130.08,-0.015008,0.072643,-97.426
249,1032.7,6.684,5.2205,-3.1297,16,24,3.451,5.0262,-3.0817,3.2351,0.15571,2.7557,104.21,6,trajectory,0.041077,1,0.10609,3.2388,1,running,0.023546,0.036086,0.43684,0.006435,0.068461,176.15,-0.0079257,0.048692,7.6434,-0.037259,0.042882,119.26,-0.0070727,0.027921,-132.59,-0.010345,0.036973,-44.352,-0.0032331,0.056387,-130.08,-0.015008,0.072643,-97.426
250,1032.8,6.6057,5.2187,-3.1087,16,24,3.451,5.0262,-3.0817,3.1593,0.088603,1.6064,104.21,6,trajectory,0.041077,1,0.11158,3.1606,1,running,0.023546,0.036086,0.43684,0.006435,0.068461,176.15,-0.0079257,0.048692,7.6434,-0.037259,0.042882,119.26,-0.0070727,0.027921,-132.59,-0.010345,0.036973,-44.352,-0.0032331,0.056387,-130.08,-0.015008,0.072643,-97.426
251,1033,6.5376,5.2159,-3.0949,16,24,3.451,5.0262,-3.0817,3.092,0.045599,0.84491,104.21,6,trajectory,0.041077,1,0.10671,3.0923,1,running,0.023546,0.036086,0.43684,0.006435,0.068461,176.15,-0.0079257,0.048692,7.6434,-0.037259,0.042882,119.26,-0.0070727,0.027921,-132.59,-0.010345,0.036973,-44.352,-0.0032331,0.056387,-130.08,-0.015008,0.072643,-97.426
252,1033.1,6.457,5.2117,-3.0826,16,24,3.451,5.0262,-3.0817,3.0116,0.0079235,0.15074,104.21,6,trajectory,0.041077,1,0.10349,3.0116,1,running,0.023546,0.036086,0.43684,0.006435,0.068461,176.15,-0.0079257,0.048692,7.6434,-0.037259,0.042882,119.26,-0.0070727,0.027921,-132.59,-0.010345,0.036973,-44.352,-0.0032331,0.056387,-130.08,-0.015008,0.072643,-97.426
253,1033.2,6.3871,5.2073,-3.075,16,24,3.451,5.0262,-3.0817,2.9416,-0.014775,-0.28777,104.21,6,trajectory,0.041077,1,0.10535,2.9416,1,running,0.023546,0.036086,0.43684,0.006435,0.068461,176.15,-0.0079257,0.048692,7.6434,-0.037259,0.042882,119.26,-0.0070727,0.027921,-132.59,-0.010345,0.036973,-44.352,-0.0032331,0.056387,-130.08,-0.015008,0.072643,-97.426
254,1033.3,6.3049,5.2015,-3.0687,16,24,3.451,5.0262,-3.0817,2.859,-0.032939,-0.66008,104.21,6,trajectory,0.041077,1,0.10345,2.8592,1,running,0.023546,0.036086,0.43685,0.006435,0.068461,176.15,-0.0079257,0.048692,7.6434,-0.037259,0.042882,119.26,-0.0070727,0.027921,-132.59,-0.010345,0.036973,-44.352,-0.0032331,0.056387,-130.08,-0.015008,0.072643,-97.426
255,1033.5,6.2338,5.1962,-3.0655,16,24,3.451,5.0262,-3.0817,2.7877,-0.042009,-0.86335,104.21,6,trajectory,0.041077,1,0.10427,2.788,1,running,0.023546,0.036086,0.43684,0.006435,0.068461,176.15,-0.0079257,0.048692,7.6434,-0.037259,0.042882,119.26,-0.0070727,0.027921,-132.59,-0.010345,0.036973,-44.352,-0.0032331,0.056387,-130.08,-0.015008,0.072643,-97.426
256,1033.6,6.1624,5.1907,-3.0641,16,24,3.451,5.0262,-3.0817,2.7159,-0.046034,-0.97104,104.21,6,trajectory,0.041077,1,0.10331,2.7163,1,running,0.023546,0.036086,0.43684,0.006435,0.068461,176.15,-0.0079257,0.048692,7.6434,-0.037259,0.042882,119.26,-0.0070727,0.027921,-132.59,-0.010345,0.036973,-44.352,-0.0032331,0.056387,-130.08,-0.015008,0.072643,-97.426
257,1033.7,6.0787,5.1842,-3.0639,16,24,3.451,5.0262,-3.0817,2.632,-0.046574,-1.0138,104.21,6,trajectory,0.041077,1,0.10566,2.6324,1,running,0.023546,0.036086,0.43684,0.006435,0.068461,176.15,-0.0079257,0.048692,7.6434,-0.037259,0.042882,119.26,-0.0070727,0.027921,-132.59,-0.010345,0.036973,-44.352,-0.0032331,0.056387,-130.08,-0.015008,0.072643,-97.426
258,1033.9,6.0073,5.1786,-3.0648,16,24,3.451,5.0262,-3.0817,2.5604,-0.044162,-0.98814,104.21,6,trajectory,0.041077,1,0.10436,2.5608,1,running,0.023546,0.036086,0.43685,0.006435,0.068461,176.15,-0.0079257,0.048692,7.6434,-0.037259,0.042882,119.26,-0.0070727,0.027921,-132.59,-0.010345,0.036973,-44.352,-0.0032331,0.056387,-130.08,-0.015008,0.072643,-97.426
259,1034,5.9241,5.1723,-3.0666,16,24,3.451,5.0262,-3.0817,2.477,-0.039513,-0.91389,104.21,6,trajectory,0.041077,1,0.10509,2.4773,1,running,0.023546,0.036086,0.43684,0.006435,0.068461,176.15,-0.0079257,0.048692,7.6434,-0.037259,0.042882,119.26,-0.0070727,0.027921,-132.59,-0.010345,0.036973,-44.352,-0.0032331,0.056387,-130.08,-0.015008,0.072643,-97.426
260,1034.1,5.8528,5.167,-3.0687,17,24,2.3731,4.9596,-3.0781,3.4856,-0.046729,-0.76808,104.21,6,trajectory,0.041077,1,0.10576,2.4059,1,running,0.023546,0.036086,0.43684,0.006435,0.068461,176.15,-0.0079257,0.048692,7.6434,-0.037259,0.042882,119.26,-0.0070727,0.027921,-132.59,-0.010345,0.036973,-44.352,-0.0032331,0.056387,-130.08,-0.015008,0.072643,-97.426
261,1034.2,5.7817,5.1619,-3.0709,17,24,2.3731,4.9596,-3.0781,3.4143,-0.039087,-0.65589,104.21,6,trajectory,0.041077,1,0.10562,3.4146,1,running,0.023546,0.036086,0.43684,0.006435,0.068461,176.15,-0.0079257,0.048692,7.6434,-0.037259,0.042882,119.26,-0.0070727,0.027921,-132.59,-0.010345,0.036973,-44.352,-0.0032331,0.056387,-130.08,-0.015008,0.072643,-97.426
262,1034.4,5.6986,5.1561,-3.0735,17,24,2.3731,4.9596,-3.0781,3.3312,-0.030161,-0.51875,104.21,6,trajectory,0.041077,1,0.10422,3.3313,1,running,0.023546,0.036086,0.43684,0.006435,0.068461,176.15,-0.0079257,0.048692,7.6434,-0.037259,0.042882,119.26,-0.0070727,0.027921,-132.59,-0.010345,0.036973,-44.352,-0.0032331,0.056387,-130.08,-0.015008,0.072643,-97.426
263,1034.5,5.6156,5.1506,-3.0761,17,24,2.3731,4.9596,-3.0781,3.248,-0.021731,-0.38333,104.21,6,trajectory,0.041077,1,0.10515,3.2481,1,running,0.023546,0.036086,0.43684,0.006435,0.068461,176.15,-0.0079257,0.048692,7.6434,-0.037259,0.042882,119.26,-0.0070727,0.027921,-132.59,-0.010345,0.036973,-44.352,-0.0032331,0.056387,-130.08,-0.015008,0.072643,-97.426
264,1034.6,5.5443,5.146,-3.0781,17,24,2.3731,4.9596,-3.0781,3.1766,-0.015218,-0.27449,104.21,6,trajectory,0.041077,1,0.10307,3.1767,1,running,0.023546,0.036086,0.43684,0.006435,0.068461,176.15,-0.0079257,0.048692,7.6434,-0.037259,0.042882,119.26,-0.0070727,0.027921,-132.59,-0.010345,0.036973,-44.352,-0.0032331,0.056387,-130.08,-0.015008,0.072643,-97.426
265,1034.8,5.473,5.1415,-3.08,17,24,2.3731,4.9596,-3.0781,3.1052,-0.0094038,-0.17351,104.21,6,trajectory,0.041077,1,0.10685,3.1052,1,running,0.023546,0.036086,0.43684,0.006435,0.068461,176.15,-0.0079257,0.048692,7.6434,-0.037259,0.042882,119.26,-0.0070727,0.027921,-132.59,-0.010345,0.036973,-44.352,-0.0032331,0.056387,-130.08,-0.015008,0.072643,-97.426
266,1034.9,5.3897,5.1364,-3.0818,17,24,2.3731,4.9596,-3.0781,3.0218,-0.0036619,-0.069434,104.21,6,trajectory,0.041077,1,0.10376,3.0218,1,running,0.023546,0.036086,0.43684,0.006435,0.068461,176.15,-0.0079257,0.048692,7.6434,-0.037259,0.042882,119.26,-0.0070727,0.027921,-132.59,-0.010345,0.036973,-44.352,-0.0032331,0.056387,-130.08,-0.015008,0.072643,-97.426
267,1035,5.3182,5.1322,-3.0832,17,24,2.3731,4.9596,-3.0781,2.9502,0.00035849,0.0069623,104.21,6,trajectory,0.041077,1,0.10651,2.9502,1,running,0.023546,0.036086,0.43684,0.006435,0.068461,176.15,-0.0079257,0.048692,7.6434,-0.037259,0.042882,119.26,-0.0070727,0.027921,-132.59,-0.010345,0.036973,-44.352,-0.0032331,0.056387,-130.08,-0.015008,0.072643,-97.426
268,1035.1,5.2348,5.1274,-3.0845,17,24,2.3731,4.9596,-3.0781,2.8666,0.004157,0.083088,104.21,6,trajectory,0.041077,1,0.10536,2.8666,1,running,0.023546,0.036086,0.43684,0.006435,0.068461,176.15,-0.0079257,0.048692,7.6434,-0.037259,0.042882,119.26,-0.0070727,0.027921,-132.59,-0.010345,0.036973,-44.352,-0.0032331,0.056387,-130.08,-0.015008,0.072643,-97.426
269,1035.3,5.1632,5.1233,-3.0853,17,24,2.3731,4.9596,-3.0781,2.7949,0.0065586,0.13445,104.21,6,trajectory,0.041077,1,0.10482,2.7949,1,running,0.023546,0.036086,0.43684,0.006435,0.068461,176.15,-0.0079257,0.048692,7.6434,-0.037259,0.042882,119.26,-0.0070727,0.027921,-132.59,-0.010345,0.036973,-44.352,-0.0032331,0.056387,-130.08,-0.015008,0.072643,-97.426
270,1035.4,5.0796,5.1186,-3.0861,17,24,2.3731,4.9596,-3.0781,2.7111,0.0086114,0.18199,104.21,6,trajectory,0.041077,1,0.10543,2.7111,1,running,0.023546,0.036086,0.43684,0.006435,0.068461,176.15,-0.0079257,0.048692,7.6434,-0.037259,0.042882,119.26,-0.0070727,0.027921,-132.59,-0.010345,0.036973,-44.352,-0.0032331,0.056387,-130.08,-0.015008,0.072643,-97.426
271,1035.5,5.0079,5.1147,-3.0865,17,24,2.3731,4.9596,-3.0781,2.6393,0.0097433,0.21151,104.21,6,trajectory,0.041077,1,0.10581,2.6393,1,running,0.023546,0.036086,0.43684,0.006435,0.068461,176.15,-0.0079257,0.048692,7.6434,-0.037259,0.042882,119.26,-0.0070727,0.027921,-132.59,-0.010345,0.036973,-44.352,-0.0032331,0.056387,-130.08,-0.015008,0.072643,-97.426
272,1035.7,4.9361,5.1107,-3.0868,17,24,2.3731,4.9596,-3.0781,2.5674,0.010451,0.23323,104.21,6,trajectory,0.041077,1,0.10279,2.5675,1,running,0.023546,0.036086,0.43684,0.006435,0.068461,176.15,-0.0079257,0.048692,7.6434,-0.037259,0.042882,119.26,-0.0070727,0.027921,-132.59,-0.010345,0.036973,-44.352,-0.0032331,0.056387,-130.08,-0.015008,0.072643,-97.426
273,1035.8,4.8524,5.1061,-3.0869,17,24,2.3731,4.9596,-3.0781,2.4835,0.010852,0.25034,104.21,6,trajectory,0.041077,1,0.10379,2.4836,1,running,0.023546,0.036086,0.43684,0.006435,0.068461,176.15,-0.0079257,0.048692,7.6434,-0.037259,0.042882,119.26,-0.0070727,0.027921,-132.59,-0.010345,0.036973,-44.352,-0.0032331,0.056387,-130.08,-0.015008,0.072643,-97.426
274,1035.9,4.7805,5.1022,-3.0869,18,24,1.3001,4.8882,-3.0574,3.4869,0.023555,0.38704,104.21,6,trajectory,0.041077,1,0.10463,2.4116,1,running,0.023546,0.036086,0.43685,0.006435,0.068461,176.15,-0.0079257,0.048692,7.6434,-0.037259,0.042882,119.26,-0.0070727,0.027921,-132.59,-0.010345,0.036973,-44.352,-0.0032331,0.056387,-130.08,-0.015008,0.072643,-97.426
275,1036,4.7087,5.0983,-3.0868,18,24,1.3001,4.8882,-3.0574,3.415,0.02326,0.39025,104.21,6,trajectory,0.041077,1,0.10244,3.415,1,running,0.023546,0.036086,0.43684,0.006435,0.068461,176.15,-0.0079257,0.048692,7.6434,-0.037259,0.042882,119.26,-0.0070727,0.027921,-132.59,-0.010345,0.036973,-44.352,-0.0032331,0.056387,-130.08,-0.015008,0.072643,-97.426
276,1036.2,4.6248,5.0937,-3.0867,18,24,1.3001,4.8882,-3.0574,3.331,0.022622,0.38911,104.21,6,trajectory,0.041077,1,0.10626,3.3311,1,running,0.023546,0.036086,0.43684,0.006435,0.068461,176.15,-0.0079257,0.048692,7.6434,-0.037259,0.042882,119.26,-0.0070727,0.027921,-132.59,-0.010345,0.036973,-44.352,-0.0032331,0.056387,-130.08,-0.015008,0.072643,-97.426
277,1036.3,4.541,5.0891,-3.0864,18,24,1.3001,4.8882,-3.0574,3.247,0.021736,0.38354,104.21,6,trajectory,0.041077,1,0.11055,3.2471,1,running,0.023546,0.036086,0.43684,0.006435,0.068461,176.15,-0.0079257,0.048692,7.6434,-0.037259,0.042882,119.26,-0.0070727,0.027921,-132.59,-0.010345,0.036973,-44.352,-0.0032331,0.056387,-130.08,-0.015008,0.072643,-97.426
278,1036.4,4.4571,5.0844,-3.0861,18,24,1.3001,4.8882,-3.0574,3.163,0.020711,0.37516,104.21,6,trajectory,0.041077,1,0.10542,3.1631,1,running,0.023546,0.036086,0.43685,0.006435,0.068461,176.15,-0.0079257,0.048692,7.6434,-0.037259,0.042882,119.26,-0.0070727,0.027921,-132.59,-0.010345,0.036973,-44.352,-0.0032331,0.056387,-130.08,-0.015008,0.072643,-97.426
279,1036.6,4.3852,5.0804,-3.0858,18,24,1.3001,4.8882,-3.0574,3.091,0.01975,0.36609,104.21,6,trajectory,0.041077,1,0.10385,3.0911,1,running,0.023546,0.036086,0.43684,0.006435,0.068461,176.15,-0.0079257,0.048692,7.6434,-0.037259,0.042882,119.26,-0.0070727,0.027921,-132.59,-0.010345,0.036973,-44.352,-0.0032331,0.056387,-130.08,-0.015008,0.072643,-97.426
280,1036.7,4.3134,5.0764,-3.0854,18,24,1.3001,4.8882,-3.0574,3.0191,0.018762,0.35607,104.21,6,trajectory,0.041077,1,0.10541,3.0191,1,running,0.023546,0.036086,0.43684,0.006435,0.068461,176.15,-0.0079257,0.048692,7.6434,-0.037259,0.042882,119.26,-0.0070727,0.027921,-132.59,-0.010345,0.036973,-44.352,-0.0032331,0.056387,-130.08,-0.015008,0.072643,-97.426
281,1036.8,4.2295,5.0716,-3.085,18,24,1.3001,4.8882,-3.0574,2.9351,0.017603,0.34362,104.21,6,trajectory,0.041077,1,0.10472,2.9351,1,running,0.023546,0.036086,0.43684,0.006435,0.068461,176.15,-0.0079257,0.048692,7.6434,-0.037259,0.042882,119.26,-0.0070727,0.027921,-132.59,-0.010345,0.036973,-44.352,-0.0032331,0.056387,-130.08,-0.015008,0.072643,-97.426
282,1037,4.1577,5.0676,-3.0847,18,24,1.3001,4.8882,-3.0574,2.8631,0.016624,0.33267,104.21,6,trajectory,0.041077,1,0.10359,2.8632,1,running,0.023546,0.036086,0.43684,0.006435,0.068461,176.15,-0.0079257,0.048692,7.6434,-0.037259,0.042882,119.26,-0.0070727,0.027921,-132.59,-0.010345,0.036973,-44.352,-0.0032331,0.056387,-130.08,-0.015008,0.072643,-97.426
283,1037.1,4.0858,5.0635,-3.0844,18,24,1.3001,4.8882,-3.0574,2.7912,0.015674,0.32174,104.21,6,trajectory,0.041077,1,0.10915,2.7912,1,running,0.023546,0.036086,0.43684,0.006435,0.068461,176.15,-0.0079257,0.048692,7.6434,-0.037259,0.042882,119.26,-0.0070727,0.027921,-132.59,-0.010345,0.036973,-44.352,-0.0032331,0.056387,-130.08,-0.015008,0.072643,-97.426
284,1037.2,4.002,5.0586,-3.084,18,24,1.3001,4.8882,-3.0574,2.7072,0.014615,0.30931,104.21,6,trajectory,0.041077,1,0.10542,2.7072,1,running,0.023546,0.036086,0.43684,0.006435,0.068461,176.15,-0.0079257,0.048692,7.6434,-0.037259,0.042882,119.26,-0.0070727,0.027921,-132.59,-0.010345,0.036973,-44.352,-0.0032331,0.056387,-130.08,-0.015008,0.072643,-97.426
285,1037.3,3.9301,5.0545,-3.0837,18,24,1.3001,4.8882,-3.0574,2.6352,0.013752,0.299,104.21,6,trajectory,0.041077,1,0.10636,2.6353,1,running,0.023546,0.036086,0.43684,0.006435,0.068461,176.15,-0.0079257,0.048692,7.6434,-0.037259,0.042882,119.26,-0.0070727,0.027921,-132.59,-0.010345,0.036973,-44.352,-0.0032331,0.056387,-130.08,-0.015008,0.072643,-97.426
286,1037.5,3.8463,5.0496,-3.0833,18,24,1.3001,4.8882,-3.0574,2.5512,0.012802,0.2875,104.21,6,trajectory,0.041077,1,0.1068,2.5513,1,running,0.023546,0.036086,0.43685,0.006435,0.068461,176.15,-0.0079257,0.048692,7.6434,-0.037259,0.042882,119.26,-0.0070727,0.027921,-132.59,-0.010345,0.036973,-44.352,-0.0032331,0.056387,-130.08,-0.015008,0.072643,-97.426
287,1037.6,3.7744,5.0454,-3.083,18,24,1.3001,4.8882,-3.0574,2.4793,0.012038,0.2782,104.21,6,trajectory,0.041077,1,0.10516,2.4793,1,running,0.023546,0.036086,0.43684,0.006435,0.068461,176.15,-0.0079257,0.048692,7.6434,-0.037259,0.042882,119.26,-0.0070727,0.027921,-132.59,-0.010345,0.036973,-44.352,-0.0032331,0.056387,-130.08,-0.015008,0.072643,-97.426
288,1037.7,3.6906,5.0405,-3.0826,19,24,0.35803,4.5693,-2.4596,3.3545,0.27403,4.6702,104.21,6,trajectory,0.041077,1,0.10571,2.3953,1,running,0.023546,0.036086,0.43684,0.006435,0.068461,176.15,-0.0079257,0.048692,7.6434,-0.037259,0.042882,119.26,-0.0070727,0.027921,-132.59,-0.010345,0.036973,-44.352,-0.0032331,0.056387,-130.08,-0.015008,0.072643,-97.426
289,1037.9,3.6187,5.0362,-3.0824,19,24,0.35803,4.5693,-2.4596,3.2826,0.27309,4.7557,104.21,6,trajectory,0.041077,1,0.1045,3.2939,1,running,0.023546,0.036086,0.43684,0.006435,0.068461,176.15,-0.0079257,0.048692,7.6434,-0.037259,0.042882,119.26,-0.0070727,0.027921,-132.59,-0.010345,0.036973,-44.352,-0.0032331,0.056387,-130.08,-0.015008,0.072643,-97.426
290,1038,3.5349,5.0312,-3.082,19,24,0.35803,4.5693,-2.4596,3.1987,0.27205,4.8613,104.21,6,trajectory,0.041077,1,0.10588,3.2103,1,running,0.023546,0.036086,0.43684,0.006435,0.068461,176.15,-0.0079257,0.048692,7.6434,-0.037259,0.042882,119.26,-0.0070727,0.027921,-132.59,-0.010345,0.036973,-44.352,-0.0032331,0.056387,-130.08,-0.015008,0.072643,-97.426
291,1038.1,3.451,5.0262,-3.0817,19,24,0.35803,4.5693,-2.4596,3.1148,0.27106,4.9736,104.21,6,trajectory,0.041077,1,0.10894,3.1266,1,running,0.023546,0.036086,0.43684,0.006435,0.068461,176.15,-0.0079257,0.048692,7.6434,-0.037259,0.042882,119.26,-0.0070727,0.027921,-132.59,-0.010345,0.036973,-44.352,-0.0032331,0.056387,-130.08,-0.015008,0.072643,-97.426
292,1038.3,3.3792,5.0219,-3.0815,19,24,0.35803,4.5693,-2.4596,3.0429,0.27026,5.0755,104.21,6,trajectory,0.041077,1,0.10675,3.0549,1,running,0.023546,0.036086,0.43684,0.006435,0.068461,176.15,-0.0079257,0.048692,7.6434,-0.037259,0.042882,119.26,-0.0070727,0.027921,-132.59,-0.010345,0.036973,-44.352,-0.0032331,0.056387,-130.08,-0.015008,0.072643,-97.426
293,1038.4,3.2953,5.0168,-3.0812,19,24,0.35803,4.5693,-2.4596,2.959,0.26937,5.2016,104.21,6,trajectory,0.041077,1,0.1052,2.9712,1,running,0.023546,0.036086,0.43684,0.006435,0.068461,176.15,-0.0079257,0.048692,7.6434,-0.037259,0.042882,119.26,-0.0070727,0.027921,-132.59,-0.010345,0.036973,-44.352,-0.0032331,0.056387,-130.08,-0.015008,0.072643,-97.426
294,1038.5,3.2235,5.0125,-3.0809,19,24,0.35803,4.5693,-2.4596,2.887,0.26864,5.3161,104.21,6,trajectory,0.041077,1,0.10592,2.8995,1,running,0.023546,0.036086,0.43684,0.006435,0.068461,176.15,-0.0079257,0.048692,7.6434,-0.037259,0.042882,119.26,-0.0070727,0.027921,-132.59,-0.010345,0.036973,-44.352,-0.0032331,0.056387,-130.08,-0.015008,0.072643,-97.426
295,1038.6,3.1396,5.0074,-3.0806,19,24,0.35803,4.5693,-2.4596,2.8031,0.26782,5.4578,104.21,6,trajectory,0.041077,1,0.10531,2.8159,1,running,0.023546,0.036086,0.43684,0.006435,0.068461,176.15,-0.0079257,0.048692,7.6434,-0.037259,0.042882,119.26,-0.0070727,0.027921,-132.59,-0.010345,0.036973,-44.352,-0.0032331,0.056387,-130.08,-0.015008,0.072643,-97.426
296,1038.8,3.0678,5.003,-3.0804,19,24,0.35803,4.5693,-2.4596,2.7312,0.26715,5.5867,104.21,6,trajectory,0.041077,1,0.10502,2.7442,1,running,0.023546,0.036086,0.43684,0.006435,0.068461,176.15,-0.0079257,0.048692,7.6434,-0.037259,0.042882,119.26,-0.0070727,0.027921,-132.59,-0.010345,0.036973,-44.352,-0.0032331,0.056387,-130.08,-0.015008,0.072643,-97.426
297,1038.9,2.9839,4.9978,-3.0801,19,24,0.35803,4.5693,-2.4596,2.6472,0.2664,5.7465,104.21,6,trajectory,0.041077,1,0.105,2.6606,1,running,0.023546,0.036086,0.43684,0.006435,0.068461,176.15,-0.0079257,0.048692,7.6434,-0.037259,0.042882,119.26,-0.0070727,0.027921,-132.59,-0.010345,0.036973,-44.352,-0.0032331,0.056387,-130.08,-0.015008,0.072643,-97.426
298,1039,2.9121,4.9934,-3.0799,19,24,0.35803,4.5693,-2.4596,2.5753,0.26578,5.8921,104.21,6,trajectory,0.041077,1,0.10469,2.589,1,running,0.023546,0.036086,0.43684,0.006435,0.068461,176.15,-0.0079257,0.048692,7.6434,-0.037259,0.042882,119.26,-0.0070727,0.027921,-132.59,-0.010345,0.036973,-44.352,-0.0032331,0.056387,-130.08,-0.015008,0.072643,-97.426
299,1039.2,2.8402,4.989,-3.0796,19,24,0.35803,4.5693,-2.4596,2.5034,0.26517,6.0466,104.21,6,trajectory,0.041077,1,0.1034,2.5174,1,running,0.023546,0.036086,0.43684,0.006435,0.068461,176.15,-0.0079257,0.048692,7.6434,-0.037259,0.042882,119.26,-0.0070727,0.027921,-132.59,-0.010345,0.036973,-44.352,-0.0032331,0.056387,-130.08,-0.015008,0.072643,-97.426
300,1039.3,2.7564,4.9837,-3.0794,19,24,0.35803,4.5693,-2.4596,2.4195,0.26449,6.2388,104.21,6,trajectory,0.041077,1,0.10333,2.4339,1,running,0.023546,0.036086,0.43684,0.006435,0.068461,176.15,-0.0079257,0.048692,7.6434,-0.037259,0.042882,119.26,-0.0070727,0.027921,-132.59,-0.010345,0.036973,-44.352,-0.0032331,0.056387,-130.08,-0.015008,0.072643,-97.426
301,1039.4,2.6845,4.9793,-3.0791,20,24,-0.087501,3.6566,-1.6324,2.8492,1.147,21.928,104.21,6,trajectory,0.041077,1,0.10479,2.3623,1,running,0.023546,0.036086,0.43684,0.006435,0.068461,176.15,-0.0079257,0.048692,7.6434,-0.037259,0.042882,119.26,-0.0070727,0.027921,-132.59,-0.010345,0.036973,-44.352,-0.0032331,0.056387,-130.08,-0.015008,0.072643,-97.426
302,1039.5,2.6126,4.9748,-3.0789,20,24,-0.087501,3.6566,-1.6324,2.7774,1.1463,22.427,104.21,6,trajectory,0.041077,1,0.10471,3.0047,1,running,0.023546,0.036086,0.43684,0.006435,0.068461,176.15,-0.0079257,0.048692,7.6434,-0.037259,0.042882,119.26,-0.0070727,0.027921,-132.59,-0.010345,0.036973,-44.352,-0.0032331,0.056387,-130.08,-0.015008,0.072643,-97.426
303,1039.7,2.5288,4.9695,-3.0786,20,24,-0.087501,3.6566,-1.6324,2.6937,1.1456,23.039,104.21,6,trajectory,0.041077,1,0.10408,2.9272,1,running,0.023546,0.036086,0.43684,0.006435,0.068461,176.15,-0.0079257,0.048692,7.6434,-0.037259,0.042882,119.26,-0.0070727,0.027921,-132.59,-0.010345,0.036973,-44.352,-0.0032331,0.056387,-130.08,-0.015008,0.072643,-97.426
304,1039.8,2.445,4.9642,-3.0783,20,24,-0.087501,3.6566,-1.6324,2.6101,1.1448,23.683,104.21,6,trajectory,0.041077,1,0.10562,2.8501,1,running,0.023546,0.036086,0.43685,0.006435,0.068461,176.15,-0.0079257,0.048692,7.6434,-0.037259,0.042882,119.26,-0.0070727,0.027921,-132.59,-0.010345,0.036973,-44.352,-0.0032331,0.056387,-130.08,-0.015008,0.072643,-97.426
305,1039.9,2.3731,4.9596,-3.0781,20,24,-0.087501,3.6566,-1.6324,2.5383,1.1442,24.265,104.21,6,trajectory,0.041077,1,0.1045,2.7843,1,running,0.023546,0.036086,0.43684,0.006435,0.068461,176.15,-0.0079257,0.048692,7.6434,-0.037259,0.042882,119.26,-0.0070727,0.027921,-132.59,-0.010345,0.036973,-44.352,-0.0032331,0.056387,-130.08,-0.015008,0.072643,-97.426
306,1040.1,2.3013,4.955,-3.0779,20,24,-0.087501,3.6566,-1.6324,2.4666,1.1436,24.875,104.21,6,trajectory,0.041077,1,0.10996,2.7188,1,running,0.023546,0.036086,0.43684,0.006435,0.068461,176.15,-0.0079257,0.048692,7.6434,-0.037259,0.042882,119.26,-0.0070727,0.027921,-132.59,-0.010345,0.036973,-44.352,-0.0032331,0.056387,-130.08,-0.015008,0.072643,-97.426
307,1040.2,2.2174,4.9497,-3.0776,20,24,-0.087501,3.6566,-1.6324,2.3829,1.143,25.625,104.21,6,trajectory,0.041077,1,0.10218,2.6429,1,running,0.023546,0.036086,0.43685,0.006435,0.068461,176.15,-0.0079257,0.048692,7.6434,-0.037259,0.042882,119.26,-0.0070727,0.027921,-132.59,-0.010345,0.036973,-44.352,-0.0032331,0.056387,-130.08,-0.015008,0.072643,-97.426
308,1040.3,2.1456,4.9451,-3.0773,20,24,-0.087501,3.6566,-1.6324,2.3112,1.1424,26.303,104.21,6,trajectory,0.041077,1,0.10341,2.5781,1,running,0.023546,0.036086,0.43684,0.006435,0.068461,176.15,-0.0079257,0.048692,7.6434,-0.037259,0.042882,119.26,-0.0070727,0.027921,-132.59,-0.010345,0.036973,-44.352,-0.0032331,0.056387,-130.08,-0.015008,0.072643,-97.426
309,1040.4,2.0618,4.9397,-3.0771,20,24,-0.087501,3.6566,-1.6324,2.2275,1.1418,27.139,104.21,6,trajectory,0.041077,1,0.10288,2.5031,1,running,0.023546,0.036086,0.43684,0.006435,0.068461,176.15,-0.0079257,0.048692,7.6434,-0.037259,0.042882,119.26,-0.0070727,0.027921,-132.59,-0.010345,0.036973,-44.352,-0.0032331,0.056387,-130.08,-0.015008,0.072643,-97.426
310,1040.6,1.9899,4.935,-3.0768,20,24,-0.087501,3.6566,-1.6324,2.1558,1.1412,27.896,104.21,6,trajectory,0.041077,1,0.10346,2.4392,1,running,0.023546,0.036086,0.43684,0.006435,0.068461,176.15,-0.0079257,0.048692,7.6434,-0.037259,0.042882,119.26,-0.0070727,0.027921,-132.59,-0.010345,0.036973,-44.352,-0.0032331,0.056387,-130.08,-0.015008,0.072643,-97.426
311,1040.7,1.9181,4.9303,-3.0766,21,24,-0.017771,2.6279,-1.469,2.0813,2.1718,46.219,104.21,6,trajectory,0.041077,1,0.10332,2.3758,1,running,0.023546,0.036086,0.43684,0.006435,0.068461,176.15,-0.0079257,0.048692,7.6434,-0.037259,0.042882,119.26,-0.0070727,0.027921,-132.59,-0.010345,0.036973,-44.352,-0.0032331,0.056387,-130.08,-0.015008,0.072643,-97.426
312,1040.8,1.8342,4.9249,-3.0763,21,24,-0.017771,2.6279,-1.469,1.9979,2.1713,47.381,104.21,6,trajectory,0.041077,1,0.10526,2.9506,1,running,0.023546,0.036086,0.43684,0.006435,0.068461,176.15,-0.0079257,0.048692,7.6434,-0.037259,0.042882,119.26,-0.0070727,0.027921,-132.59,-0.010345,0.036973,-44.352,-0.0032331,0.056387,-130.08,-0.015008,0.072643,-97.426
313,1041,1.7624,4.9202,-3.0761,21,24,-0.017771,2.6279,-1.469,1.9264,2.1708,48.413,104.21,6,trajectory,0.041077,1,0.10162,2.9023,1,running,0.023546,0.036086,0.43684,0.006435,0.068461,176.15,-0.0079257,0.048692,7.6434,-0.037259,0.042882,119.26,-0.0070727,0.027921,-132.59,-0.010345,0.036973,-44.352,-0.0032331,0.056387,-130.08,-0.015008,0.072643,-97.426
314,1041.1,1.6786,4.9147,-3.0758,21,24,-0.017771,2.6279,-1.469,1.843,2.1703,49.662,104.21,6,trajectory,0.041077,1,0.10277,2.8473,1,running,0.023546,0.036086,0.43684,0.006435,0.068461,176.15,-0.0079257,0.048692,7.6434,-0.037259,0.042882,119.26,-0.0070727,0.027921,-132.59,-0.010345,0.036973,-44.352,-0.0032331,0.056387,-130.08,-0.015008,0.072643,-97.426
315,1041.2,1.6067,4.9099,-3.0756,21,24,-0.017771,2.6279,-1.469,1.7716,2.1698,50.77,104.21,6,trajectory,0.041077,1,0.10275,2.8012,1,running,0.023546,0.036086,0.43684,0.006435,0.068461,176.15,-0.0079257,0.048692,7.6434,-0.037259,0.042882,119.26,-0.0070727,0.027921,-132.59,-0.010345,0.036973,-44.352,-0.0032331,0.056387,-130.08,-0.015008,0.072643,-97.426
316,1041.3,1.5349,4.9052,-3.0752,21,24,-0.017771,2.6279,-1.469,1.7004,2.1692,51.908,104.21,6,trajectory,0.041077,1,0.10302,2.7562,1,running,0.023546,0.036086,0.43684,0.006435,0.068461,176.15,-0.0079257,0.048692,7.6434,-0.037259,0.042882,119.26,-0.0070727,0.027921,-132.59,-0.010345,0.036973,-44.352,-0.0032331,0.056387,-130.08,-0.015008,0.072643,-97.426
317,1041.5,1.4635,4.9004,-3.0733,21,24,-0.017771,2.6279,-1.469,1.6328,2.1661,52.992,104.21,6,trajectory,0.041077,1,0.10136,2.7126,1,running,0.023546,0.036086,0.43684,0.006435,0.068461,176.15,-0.0079257,0.048692,7.6434,-0.037259,0.042882,119.26,-0.0070727,0.027921,-132.59,-0.010345,0.036973,-44.352,-0.0032331,0.056387,-130.08,-0.015008,0.072643,-97.426
318,1041.6,1.3811,4.8945,-3.068,21,24,-0.017771,2.6279,-1.469,1.5618,2.1576,54.101,104.21,6,trajectory,0.041077,1,0.10264,2.6635,1,running,0.023546,0.036086,0.43684,0.006435,0.068461,176.15,-0.0079257,0.048692,7.6434,-0.037259,0.042882,119.26,-0.0070727,0.027921,-132.59,-0.010345,0.036973,-44.352,-0.0032331,0.056387,-130.08,-0.015008,0.072643,-97.426
319,1041.7,1.3115,4.8891,-3.0594,21,24,-0.017771,2.6279,-1.469,1.5104,2.1445,54.841,104.21,6,trajectory,0.041077,1,0.10318,2.623,1,running,0.023546,0.036086,0.43684,0.006435,0.068461,176.15,-0.0079257,0.048692,7.6434,-0.037259,0.042882,119.26,-0.0070727,0.027921,-132.59,-0.010345,0.036973,-44.352,-0.0032331,0.056387,-130.08,-0.015008,0.072643,-97.426
320,1041.8,1.2435,4.8831,-3.046,21,24,-0.017771,2.6279,-1.469,1.4707,2.1245,55.307,104.21,6,trajectory,0.041077,1,0.10292,2.5839,1,running,0.023546,0.036086,0.43684,0.006435,0.068461,176.15,-0.0079257,0.048692,7.6434,-0.037259,0.042882,119.26,-0.0070727,0.027921,-132.59,-0.010345,0.036973,-44.352,-0.0032331,0.056387,-130.08,-0.015008,0.072643,-97.426
321,1042,1.1767,4.8761,-3.0285,21,24,-0.017771,2.6279,-1.469,1.4406,2.099,55.538,104.21,6,trajectory,0.041077,1,0.10295,2.5458,1,running,0.023546,0.036086,0.43685,0.006435,0.068461,176.15,-0.0079257,0.048692,7.6434,-0.037259,0.042882,119.26,-0.0070727,0.027921,-132.59,-0.010345,0.036973,-44.352,-0.0032331,0.056387,-130.08,-0.015008,0.072643,-97.426
322,1042.1,1.1003,4.8665,-3.0032,21,24,-0.017771,2.6279,-1.469,1.4162,2.0629,55.529,104.21,6,trajectory,0.041077,1,0.10398,2.5023,1,running,0.023546,0.036086,0.43684,0.006435,0.068461,176.15,-0.0079257,0.048692,7.6434,-0.037259,0.042882,119.26,-0.0070727,0.027921,-132.59,-0.010345,0.036973,-44.352,-0.0032331,0.056387,-130.08,-0.015008,0.072643,-97.426
323,1042.2,1.0369,4.8568,-2.9763,21,24,-0.017771,2.6279,-1.469,1.4071,2.025,55.205,104.21,6,trajectory,0.041077,1,0.10402,2.4659,1,running,0.023546,0.036086,0.43684,0.006435,0.068461,176.15,-0.0079257,0.048692,7.6434,-0.037259,0.042882,119.26,-0.0070727,0.027921,-132.59,-0.010345,0.036973,-44.352,-0.0032331,0.056387,-130.08,-0.015008,0.072643,-97.426
324,1042.3,0.97497,4.8455,-2.9461,22,24,0.077342,1.5583,-1.4888,1.5192,3.0503,63.524,104.21,6,trajectory,0.041077,1,0.1025,2.4297,1,running,0.023546,0.036086,0.43685,0.006435,0.068461,176.15,-0.0079257,0.048692,7.6434,-0.037259,0.042882,119.26,-0.0070727,0.027921,-132.59,-0.010345,0.036973,-44.352,-0.0032331,0.056387,-130.08,-0.015008,0.072643,-97.426
325,1042.5,0.91444,4.8325,-2.9129,22,24,0.077342,1.5583,-1.4888,1.5577,2.9992,62.553,104.21,6,trajectory,0.041077,1,0.10159,3.3796,1,running,0.023546,0.036086,0.43684,0.006435,0.068461,176.15,-0.0079257,0.048692,7.6434,-0.037259,0.042882,119.26,-0.0070727,0.027921,-132.59,-0.010345,0.036973,-44.352,-0.0032331,0.056387,-130.08,-0.015008,0.072643,-97.426
326,1042.6,0.84565,4.815,-2.871,22,24,0.077342,1.5583,-1.4888,1.611,2.9328,61.22,104.21,6,trajectory,0.041077,1,0.10359,3.3461,1,running,0.023546,0.036086,0.43684,0.006435,0.068461,176.15,-0.0079257,0.048692,7.6434,-0.037259,0.042882,119.26,-0.0070727,0.027921,-132.59,-0.010345,0.036973,-44.352,-0.0032331,0.056387,-130.08,-0.015008,0.072643,-97.426
327,1042.7,0.78805,4.7979,-2.8328,22,24,0.077342,1.5583,-1.4888,1.6617,2.8704,59.933,104.21,6,trajectory,0.041077,1,0.1075,3.3166,1,running,0.023546,0.036086,0.43684,0.006435,0.068461,176.15,-0.0079257,0.048692,7.6434,-0.037259,0.042882,119.26,-0.0070727,0.027921,-132.59,-0.010345,0.036973,-44.352,-0.0032331,0.056387,-130.08,-0.015008,0.072643,-97.426
328,1042.8,0.72264,4.7753,-2.786,22,24,0.077342,1.5583,-1.4888,1.7248,2.7912,58.287,104.21,6,trajectory,0.041077,1,0.10305,3.2811,1,running,0.023546,0.036086,0.43684,0.006435,0.068461,176.15,-0.0079257,0.048692,7.6434,-0.037259,0.042882,119.26,-0.0070727,0.027921,-132.59,-0.010345,0.036973,-44.352,-0.0032331,0.056387,-130.08,-0.015008,0.072643,-97.426
329,1043,0.66826,4.7538,-2.7443,22,24,0.077342,1.5583,-1.4888,1.7812,2.7181,56.763,104.21,6,trajectory,0.041077,1,0.10394,3.2497,1,running,0.023546,0.036086,0.43684,0.006435,0.068461,176.15,-0.0079257,0.048692,7.6434,-0.037259,0.042882,119.26,-0.0070727,0.027921,-132.59,-0.010345,0.036973,-44.352,-0.0032331,0.056387,-130.08,-0.015008,0.072643,-97.426
330,1043.1,0.61537,4.7303,-2.7015,22,24,0.077342,1.5583,-1.4888,1.8382,2.6405,55.157,104.21,6,trajectory,0.041077,1,0.10203,3.2173,1,running,0.023546,0.036086,0.43684,0.006435,0.068461,176.15,-0.0079257,0.048692,7.6434,-0.037259,0.042882,119.26,-0.0070727,0.027921,-132.59,-0.010345,0.036973,-44.352,-0.0032331,0.056387,-130.08,-0.015008,0.072643,-97.426
331,1043.2,0.56394,4.7047,-2.6576,22,24,0.077342,1.5583,-1.4888,1.8948,2.5586,53.479,104.21,6,trajectory,0.041077,1,0.10448,3.1838,1,running,0.023546,0.036086,0.43684,0.006435,0.068461,176.15,-0.0079257,0.048692,7.6434,-0.037259,0.042882,119.26,-0.0070727,0.027921,-132.59,-0.010345,0.036973,-44.352,-0.0032331,0.056387,-130.08,-0.015008,0.072643,-97.426
332,1043.3,0.50534,4.6719,-2.6053,22,24,0.077342,1.5583,-1.4888,1.9587,2.4579,51.448,104.21,6,trajectory,0.041077,1,0.10393,3.1429,1,running,0.023546,0.036086,0.43684,0.006435,0.068461,176.15,-0.0079257,0.048692,7.6434,-0.037259,0.042882,119.26,-0.0070727,0.027921,-132.59,-0.010345,0.036973,-44.352,-0.0032331,0.056387,-130.08,-0.015008,0.072643,-97.426
333,1043.5,0.45684,4.6416,-2.5598,22,24,0.077342,1.5583,-1.4888,2.0114,2.3675,49.649,104.21,6,trajectory,0.041077,1,0.1115,3.1066,1,running,0.023546,0.036086,0.43684,0.006435,0.068461,176.15,-0.0079257,0.048692,7.6434,-0.037259,0.042882,119.26,-0.0070727,0.027921,-132.59,-0.010345,0.036973,-44.352,-0.0032331,0.056387,-130.08,-0.015008,0.072643,-97.426
334,1043.6,0.40255,4.6037,-2.5061,22,24,0.077342,1.5583,-1.4888,2.0695,2.2578,47.491,104.21,6,trajectory,0.041077,1,0.1048,3.0628,1,running,0.023546,0.036086,0.43684,0.006435,0.068461,176.15,-0.0079257,0.048692,7.6434,-0.037259,0.042882,119.26,-0.0070727,0.027921,-132.59,-0.010345,0.036973,-44.352,-0.0032331,0.056387,-130.08,-0.015008,0.072643,-97.426
335,1043.7,0.35803,4.5693,-2.4596,22,24,0.077342,1.5583,-1.4888,2.1159,2.1606,45.6,104.21,6,trajectory,0.041077,1,0.11235,3.0241,1,running,0.023546,0.036086,0.43685,0.006435,0.068461,176.15,-0.0079257,0.048692,7.6434,-0.037259,0.042882,119.26,-0.0070727,0.027921,-132.59,-0.010345,0.036973,-44.352,-0.0032331,0.056387,-130.08,-0.015008,0.072643,-97.426
336,1043.9,0.3084,4.5267,-2.4051,22,24,0.077342,1.5583,-1.4888,2.1651,2.0438,43.35,104.21,6,trajectory,0.041077,1,0.10379,2.9774,1,running,0.023546,0.036086,0.43684,0.006435,0.068461,176.15,-0.0079257,0.048692,7.6434,-0.037259,0.042882,119.26,-0.0070727,0.027921,-132.59,-0.010345,0.036973,-44.352,-0.0032331,0.056387,-130.08,-0.015008,0.072643,-97.426
337,1044,0.26755,4.4879,-2.3579,22,24,0.077342,1.5583,-1.4888,2.2028,1.9407,41.381,104.21,6,trajectory,0.041077,1,0.10281,2.9358,1,running,0.023546,0.036086,0.43684,0.006435,0.068461,176.15,-0.0079257,0.048692,7.6434,-0.037259,0.042882,119.26,-0.0070727,0.027921,-132.59,-0.010345,0.036973,-44.352,-0.0032331,0.056387,-130.08,-0.015008,0.072643,-97.426
338,1044.1,0.22237,4.4403,-2.3026,22,24,0.077342,1.5583,-1.4888,2.241,1.8179,39.049,104.21,6,trajectory,0.041077,1,0.10196,2.8857,1,running,0.023546,0.036086,0.43684,0.006435,0.068461,176.15,-0.0079257,0.048692,7.6434,-0.037259,0.042882,119.26,-0.0070727,0.027921,-132.59,-0.010345,0.036973,-44.352,-0.0032331,0.056387,-130.08,-0.015008,0.072643,-97.426
339,1044.2,0.186,4.3978,-2.2553,22,24,0.077342,1.5583,-1.4888,2.2686,1.7112,37.028,104.21,6,trajectory,0.041077,1,0.10318,2.8416,1,running,0.023546,0.036086,0.43684,0.006435,0.068461,176.15,-0.0079257,0.048692,7.6434,-0.037259,0.042882,119.26,-0.0070727,0.027921,-132.59,-0.010345,0.036973,-44.352,-0.0032331,0.056387,-130.08,-0.015008,0.072643,-97.426
340,1044.4,0.15163,4.3536,-2.2079,22,24,0.077342,1.5583,-1.4888,2.2912,1.603,34.978,104.21,6,trajectory,0.041077,1,0.10237,2.7963,1,running,0.023546,0.036086,0.43684,0.006435,0.068461,176.15,-0.0079257,0.048692,7.6434,-0.037259,0.042882,119.26,-0.0070727,0.027921,-132.59,-0.010345,0.036973,-44.352,-0.0032331,0.056387,-130.08,-0.015008,0.072643,-97.426
341,1044.5,0.11925,4.3076,-2.1602,22,24,0.077342,1.5583,-1.4888,2.3087,1.4934,32.897,104.21,6,trajectory,0.041077,1,0.10368,2.7496,1,running,0.023546,0.036086,0.43684,0.006435,0.068461,176.15,-0.0079257,0.048692,7.6434,-0.037259,0.042882,119.26,-0.0070727,0.027921,-132.59,-0.010345,0.036973,-44.352,-0.0032331,0.056387,-130.08,-0.015008,0.072643,-97.426
342,1044.6,0.084496,4.2524,-2.1049,22,24,0.077342,1.5583,-1.4888,2.3225,1.3653,30.45,104.21,6,trajectory,0.041077,1,0.10265,2.6941,1,running,0.023546,0.036086,0.43685,0.006435,0.068461,176.15,-0.0079257,0.048692,7.6434,-0.037259,0.042882,119.26,-0.0070727,0.027921,-132.59,-0.010345,0.036973,-44.352,-0.0032331,0.056387,-130.08,-0.015008,0.072643,-97.426
343,1044.7,0.057207,4.2036,-2.0576,22,24,0.077342,1.5583,-1.4888,2.3287,1.2553,28.327,104.21,6,trajectory,0.041077,1,0.10446,2.6454,1,running,0.023546,0.036086,0.43684,0.006435,0.068461,176.15,-0.0079257,0.048692,7.6434,-0.037259,0.042882,119.26,-0.0070727,0.027921,-132.59,-0.010345,0.036973,-44.352,-0.0032331,0.056387,-130.08,-0.015008,0.072643,-97.426
344,1044.9,0.032053,4.1532,-2.01,22,24,0.077342,1.5583,-1.4888,2.3294,1.1445,26.165,104.21,6,trajectory,0.041077,1,0.11143,2.5954,1,running,0.023546,0.036086,0.43684,0.006435,0.068461,176.15,-0.0079257,0.048692,7.6434,-0.037259,0.042882,119.26,-0.0070727,0.027921,-132.59,-0.010345,0.036973,-44.352,-0.0032331,0.056387,-130.08,-0.015008,0.072643,-97.426
345,1045,0.0058152,4.0931,-1.9547,22,24,0.077342,1.5583,-1.4888,2.3236,1.0158,23.613,104.21,6,trajectory,0.041077,1,0.10141,2.5359,1,running,0.023546,0.036086,0.43684,0.006435,0.068461,176.15,-0.0079257,0.048692,7.6434,-0.037259,0.042882,119.26,-0.0070727,0.027921,-132.59,-0.010345,0.036973,-44.352,-0.0032331,0.056387,-130.08,-0.015008,0.072643,-97.426
346,1045.1,-0.014003,4.0405,-1.9076,22,24,0.077342,1.5583,-1.4888,2.3126,0.90664,21.407,104.21,6,trajectory,0.041077,1,0.1088,2.484,1,running,0.023546,0.036086,0.43684,0.006435,0.068461,176.15,-0.0079257,0.048692,7.6434,-0.037259,0.042882,119.26,-0.0070727,0.027921,-132.59,-0.010345,0.036973,-44.352,-0.0032331,0.056387,-130.08,-0.015008,0.072643,-97.426
347,1045.3,-0.034117,3.9777,-1.8537,23,24,0.12418,0.99345,-1.4865,2.8215,0.98492,19.243,104.21,6,trajectory,0.041077,1,0.10166,2.422,1,running,0.023546,0.036086,0.43684,0.006435,0.068461,176.15,-0.0079257,0.048692,7.6434,-0.037259,0.042882,119.26,-0.0070727,0.027921,-132.59,-0.010345,0.036973,-44.352,-0.0032331,0.056387,-130.08,-0.015008,0.072643,-97.426
348,1045.4,-0.048861,3.9223,-1.8083,23,24,0.12418,0.99345,-1.4865,2.8059,0.85729,16.99,104.21,6,trajectory,0.041077,1,0.10276,2.9339,1,running,0.023546,0.036086,0.43684,0.006435,0.068461,176.15,-0.0079257,0.048692,7.6434,-0.037259,0.042882,119.26,-0.0070727,0.027921,-132.59,-0.010345,0.036973,-44.352,-0.0032331,0.056387,-130.08,-0.015008,0.072643,-97.426
349,1045.5,-0.061273,3.8657,-1.7652,23,24,0.12418,0.99345,-1.4865,2.7823,0.73683,14.833,104.21,6,trajectory,0.041077,1,0.1091,2.8782,1,running,0.023546,0.036086,0.43684,0.006435,0.068461,176.15,-0.0079257,0.048692,7.6434,-0.037259,0.042882,119.26,-0.0070727,0.027921,-132.59,-0.010345,0.036973,-44.352,-0.0032331,0.056387,-130.08,-0.015008,0.072643,-97.426
350,1045.6,-0.072926,3.7979,-1.718,23,24,0.12418,0.99345,-1.4865,2.7453,0.60618,12.452,104.21,6,trajectory,0.041077,1,0.10202,2.8114,1,running,0.023546,0.036086,0.43684,0.006435,0.068461,176.15,-0.0079257,0.048692,7.6434,-0.037259,0.042882,119.26,-0.0070727,0.027921,-132.59,-0.010345,0.036973,-44.352,-0.0032331,0.056387,-130.08,-0.015008,0.072643,-97.426
351,1045.8,-0.080584,3.7382,-1.6794,23,24,0.12418,0.99345,-1.4865,2.7064,0.50103,10.488,104.21,6,trajectory,0.041077,1,0.10901,2.7524,1,running,0.023546,0.036086,0.43684,0.006435,0.068461,176.15,-0.0079257,0.048692,7.6434,-0.037259,0.042882,119.26,-0.0070727,0.027921,-132.59,-0.010345,0.036973,-44.352,-0.0032331,0.056387,-130.08,-0.015008,0.072643,-97.426
352,1045.9,-0.086834,3.667,-1.6381,23,24,0.12418,0.99345,-1.4865,2.6533,0.39034,8.369,104.21,6,trajectory,0.041077,1,0.1057,2.6818,1,running,0.023546,0.036086,0.43684,0.006435,0.068461,176.15,-0.0079257,0.048692,7.6434,-0.037259,0.042882,119.26,-0.0070727,0.027921,-132.59,-0.010345,0.036973,-44.352,-0.0032331,0.056387,-130.08,-0.015008,0.072643,-97.426
353,1046,-0.090025,3.6045,-1.6062,23,24,0.12418,0.99345,-1.4865,2.6018,0.30651,6.7189,104.21,6,trajectory,0.041077,1,0.10289,2.6198,1,running,0.023546,0.036086,0.43684,0.006435,0.068461,176.15,-0.0079257,0.048692,7.6434,-0.037259,0.042882,119.26,-0.0070727,0.027921,-132.59,-0.010345,0.036973,-44.352,-0.0032331,0.056387,-130.08,-0.015008,0.072643,-97.426
354,1046.2,-0.091362,3.5408,-1.5779,23,24,0.12418,0.99345,-1.4865,2.5457,0.23369,5.2448,104.21,6,trajectory,0.041077,1,0.10458,2.5564,1,running,0.023546,0.036086,0.43684,0.006435,0.068461,176.15,-0.0079257,0.048692,7.6434,-0.037259,0.042882,119.26,-0.0070727,0.027921,-132.59,-0.010345,0.036973,-44.352,-0.0032331,0.056387,-130.08,-0.015008,0.072643,-97.426
355,1046.3,-0.090792,3.465,-1.5495,23,24,0.12418,0.99345,-1.4865,2.4755,0.16221,3.7491,104.21,6,trajectory,0.041077,1,0.10466,2.4808,1,running,0.023546,0.036086,0.43684,0.006435,0.068461,176.15,-0.0079257,0.048692,7.6434,-0.037259,0.042882,119.26,-0.0070727,0.027921,-132.59,-0.010345,0.036973,-44.352,-0.0032331,0.056387,-130.08,-0.015008,0.072643,-97.426
356,1046.4,-0.088669,3.3988,-1.5287,23,24,0.12418,0.99345,-1.4865,2.4122,0.11144,2.6451,104.21,6,trajectory,0.041077,1,0.10325,2.4147,1,running,0.023546,0.036086,0.43684,0.006435,0.068461,176.15,-0.0079257,0.048692,7.6434,-0.037259,0.042882,119.26,-0.0070727,0.027921,-132.59,-0.010345,0.036973,-44.352,-0.0032331,0.056387,-130.08,-0.015008,0.072643,-97.426
357,1046.5,-0.085234,3.3317,-1.5112,23,24,0.12418,0.99345,-1.4865,2.3465,0.069722,1.7019,104.21,6,trajectory,0.041077,1,0.1018,2.3476,1,running,0.023546,0.036086,0.43684,0.006435,0.068461,176.15,-0.0079257,0.048692,7.6434,-0.037259,0.042882,119.26,-0.0070727,0.027921,-132.59,-0.010345,0.036973,-44.352,-0.0032331,0.056387,-130.08,-0.015008,0.072643,-97.426
358,1046.7,-0.080671,3.2637,-1.4969,23,24,0.12418,0.99345,-1.4865,2.2791,0.036704,0.92264,104.21,6,trajectory,0.041077,1,0.10339,2.2794,1,running,0.023546,0.036086,0.43684,0.006435,0.068461,176.15,-0.0079257,0.048692,7.6434,-0.037259,0.042882,119.26,-0.0070727,0.027921,-132.59,-0.010345,0.036973,-44.352,-0.0032331,0.056387,-130.08,-0.015008,0.072643,-97.426
359,1046.8,-0.074177,3.1833,-1.484,23,24,0.12418,0.99345,-1.4865,2.1988,0.0078876,0.20553,104.21,6,trajectory,0.041077,1,0.10082,2.1988,1,running,0.023546,0.036086,0.43684,0.006435,0.068461,176.15,-0.0079257,0.048692,7.6434,-0.037259,0.042882,119.26,-0.0070727,0.027921,-132.59,-0.010345,0.036973,-44.352,-0.0032331,0.056387,-130.08,-0.015008,0.072643,-97.426
360,1046.9,-0.067838,3.1136,-1.4766,23,24,0.12418,0.99345,-1.4865,2.1288,-0.0083267,-0.22411,104.21,6,trajectory,0.041077,1,0.11129,2.1288,1,running,0.023546,0.036086,0.43684,0.006435,0.068461,176.15,-0.0079257,0.048692,7.6434,-0.037259,0.042882,119.26,-0.0070727,0.027921,-132.59,-0.010345,0.036973,-44.352,-0.0032331,0.056387,-130.08,-0.015008,0.072643,-97.426
361,1047,-0.059812,3.0315,-1.4706,23,24,0.12418,0.99345,-1.4865,2.0462,-0.020861,-0.5841,104.21,6,trajectory,0.041077,1,0.10693,2.0463,1,running,0.023546,0.036086,0.43684,0.006435,0.068461,176.15,-0.0079257,0.048692,7.6434,-0.037259,0.042882,119.26,-0.0070727,0.027921,-132.59,-0.010345,0.036973,-44.352,-0.0032331,0.056387,-130.08,-0.015008,0.072643,-97.426
362,1047.2,-0.053787,2.9725,-1.4678,23,24,0.12418,0.99345,-1.4865,1.9868,-0.026444,-0.76253,104.21,6,trajectory,0.041077,1,0.10043,1.987,1,running,0.023546,0.036086,0.43684,0.006435,0.068461,176.15,-0.0079257,0.048692,7.6434,-0.037259,0.042882,119.26,-0.0070727,0.027921,-132.59,-0.010345,0.036973,-44.352,-0.0032331,0.056387,-130.08,-0.015008,0.072643,-97.426
