step,sim_time,x,y,yaw,subgoal,num_nodes,sg_x,sg_y,sg_yaw,goal_local_x,goal_local_y,goal_bearing_deg,pred_bearing_deg,modality,controller,v,w,latency,dist,similarity,state,wp0_x,wp0_y,wp0_yaw_deg,wp1_x,wp1_y,wp1_yaw_deg,wp2_x,wp2_y,wp2_yaw_deg,wp3_x,wp3_y,wp3_yaw_deg,wp4_x,wp4_y,wp4_yaw_deg,wp5_x,wp5_y,wp5_yaw_deg,wp6_x,wp6_y,wp6_yaw_deg,wp7_x,wp7_y,wp7_yaw_deg
1,1000,0,0,0,0,24,0,0,0,0,0,0,104.21,6,trajectory,0.041077,1,0.13325,0,1,running,0.023546,0.036086,0.43684,0.006435,0.068461,176.15,-0.0079257,0.048692,7.6434,-0.037259,0.042882,119.26,-0.0070727,0.027921,-132.59,-0.010345,0.036973,-44.352,-0.0032331,0.056387,-130.08,-0.015008,0.072643,-97.426
2,1000.2,0,0,0,0,24,0,0,0,0,0,0,104.21,6,trajectory,0.041077,1,0.13389,0,1,running,0.023546,0.036086,0.43684,0.006435,0.068461,176.15,-0.0079257,0.048692,7.6434,-0.037259,0.042882,119.26,-0.0070727,0.027921,-132.59,-0.010345,0.036973,-44.352,-0.0032331,0.056387,-130.08,-0.015008,0.072643,-97.426
3,1000.4,0,0,0,0,24,0,0,0,0,0,0,104.21,6,trajectory,0.041077,1,0.13194,0,1,running,0.023546,0.036086,0.43684,0.006435,0.068461,176.15,-0.0079257,0.048692,7.6434,-0.037259,0.042882,119.26,-0.0070727,0.027921,-132.59,-0.010345,0.036973,-44.352,-0.0032331,0.056387,-130.08,-0.015008,0.072643,-97.426
4,1000.5,0,0,0,0,24,0,0,0,0,0,0,104.21,6,trajectory,0.041077,1,0.13497,0,1,running,0.023546,0.036086,0.43684,0.006435,0.068461,176.15,-0.0079257,0.048692,7.6434,-0.037259,0.042882,119.26,-0.0070727,0.027921,-132.59,-0.010345,0.036973,-44.352,-0.0032331,0.056387,-130.08,-0.015008,0.072643,-97.426
5,1000.7,0,0,0,0,24,0,0,0,0,0,0,104.21,6,trajectory,0.041077,1,0.13221,0,1,running,0.023546,0.036086,0.43684,0.006435,0.068461,176.15,-0.0079257,0.048692,7.6434,-0.037259,0.042882,119.26,-0.0070727,0.027921,-132.59,-0.010345,0.036973,-44.352,-0.0032331,0.056387,-130.08,-0.015008,0.072643,-97.426
6,1000.9,0,0,0,0,24,0,0,0,0,0,0,104.21,6,trajectory,0.041077,1,0.13551,0,1,running,0.023546,0.036086,0.43684,0.006435,0.068461,176.15,-0.0079257,0.048692,7.6434,-0.037259,0.042882,119.26,-0.0070727,0.027921,-132.59,-0.010345,0.036973,-44.352,-0.0032331,0.056387,-130.08,-0.015008,0.072643,-97.426
7,1001,0,0,0,0,24,0,0,0,0,0,0,104.21,6,trajectory,0.041077,1,0.1315,0,1,running,0.023546,0.036086,0.43684,0.006435,0.068461,176.15,-0.0079257,0.048692,7.6434,-0.037259,0.042882,119.26,-0.0070727,0.027921,-132.59,-0.010345,0.036973,-44.352,-0.0032331,0.056387,-130.08,-0.015008,0.072643,-97.426
8,1001.2,0,0,0,0,24,0,0,0,0,0,0,104.21,6,trajectory,0.041077,1,0.13301,0,1,running,0.023546,0.036086,0.43684,0.006435,0.068461,176.15,-0.0079257,0.048692,7.6434,-0.037259,0.042882,119.26,-0.0070727,0.027921,-132.59,-0.010345,0.036973,-44.352,-0.0032331,0.056387,-130.08,-0.015008,0.072643,-97.426
9,1001.3,0,0,0,0,24,0,0,0,0,0,0,104.21,6,trajectory,0.041077,1,0.13387,0,1,running,0.023546,0.036086,0.43684,0.006435,0.068461,176.15,-0.0079257,0.048692,7.6434,-0.037259,0.042882,119.26,-0.0070727,0.027921,-132.59,-0.010345,0.036973,-44.352,-0.0032331,0.056387,-130.08,-0.015008,0.072643,-97.426
10,1001.5,0,0,0,0,24,0,0,0,0,0,0,104.21,6,trajectory,0.041077,1,0.13269,0,1,running,0.023546,0.036086,0.43684,0.006435,0.068461,176.15,-0.0079257,0.048692,7.6434,-0.037259,0.042882,119.26,-0.0070727,0.027921,-132.59,-0.010345,0.036973,-44.352,-0.0032331,0.056387,-130.08,-0.015008,0.072643,-97.426
11,1001.7,0,0,0,0,24,0,0,0,0,0,0,104.21,6,trajectory,0.041077,1,0.13367,0,1,running,0.023546,0.036086,0.43684,0.006435,0.068461,176.15,-0.0079257,0.048692,7.6434,-0.037259,0.042882,119.26,-0.0070727,0.027921,-132.59,-0.010345,0.036973,-44.352,-0.0032331,0.056387,-130.08,-0.015008,0.072643,-97.426
12,1001.8,0,0,0,0,24,0,0,0,0,0,0,104.21,6,trajectory,0.041077,1,0.13617,0,1,running,0.023546,0.036086,0.43684,0.006435,0.068461,176.15,-0.0079257,0.048692,7.6434,-0.037259,0.042882,119.26,-0.0070727,0.027921,-132.59,-0.010345,0.036973,-44.352,-0.0032331,0.056387,-130.08,-0.015008,0.072643,-97.426
13,1002,0,0,0,0,24,0,0,0,0,0,0,104.21,6,trajectory,0.041077,1,0.13973,0,1,running,0.023546,0.036086,0.43684,0.006435,0.068461,176.15,-0.0079257,0.048692,7.6434,-0.037259,0.042882,119.26,-0.0070727,0.027921,-132.59,-0.010345,0.036973,-44.352,-0.0032331,0.056387,-130.08,-0.015008,0.072643,-97.426
14,1002.1,0,0,0,0,24,0,0,0,0,0,0,104.21,6,trajectory,0.041077,1,0.14048,0,1,running,0.023546,0.036086,0.43684,0.006435,0.068461,176.15,-0.0079257,0.048692,7.6434,-0.037259,0.042882,119.26,-0.0070727,0.027921,-132.59,-0.010345,0.036973,-44.352,-0.0032331,0.056387,-130.08,-0.015008,0.072643,-97.426
15,1002.3,0.06,6e-06,0.0002,0,24,0,0,0,-0.06,6e-06,179.99,104.21,6,trajectory,0.041077,1,0.13486,0.06,1,running,0.023546,0.036086,0.43683,0.006435,0.068461,176.15,-0.0079257,0.048692,7.6434,-0.037259,0.042882,119.26,-0.0070727,0.027921,-132.59,-0.010345,0.036973,-44.352,-0.0032331,0.056387,-130.08,-0.015008,0.072643,-97.426
16,1002.5,0.156,4.056e-05,0.00052,0,24,0,0,0,-0.156,4.056e-05,179.99,104.21,6,trajectory,0.041077,1,0.14234,0.156,1,running,0.023546,0.036086,0.43683,0.006435,0.068461,176.15,-0.0079257,0.048692,7.6434,-0.037259,0.042882,119.26,-0.0070727,0.027921,-132.59,-0.010345,0.036973,-44.352,-0.0032331,0.056387,-130.08,-0.015008,0.072643,-97.426
17,1002.6,0.252,0.00010584,0.00084,0,24,0,0,0,-0.252,0.00010584,179.98,104.21,6,trajectory,0.041077,1,0.13803,0.252,1,running,0.023546,0.036086,0.43684,0.006435,0.068461,176.15,-0.0079257,0.048692,7.6434,-0.037259,0.042882,119.26,-0.0070727,0.027921,-132.59,-0.010345,0.036973,-44.352,-0.0032331,0.056387,-130.08,-0.015008,0.072643,-97.426
18,1002.8,0.348,0.00020184,0.00116,0,24,0,0,0,-0.348,0.00020184,179.97,104.21,6,trajectory,0.041077,1,0.1409,0.348,1,running,0.023546,0.036086,0.43683,0.006435,0.068461,176.15,-0.0079257,0.048692,7.6434,-0.037259,0.042882,119.26,-0.0070727,0.027921,-132.59,-0.010345,0.036973,-44.352,-0.0032331,0.056387,-130.08,-0.015008,0.072643,-97.426
19,1003,0.444,0.00032856,0.00148,1,24,1.044,0.0018166,0.00348,0.6,0.0006,0.057296,104.21,6,trajectory,0.041077,1,0.13826,0.444,1,running,0.023546,0.036086,0.43684,0.006435,0.068461,176.15,-0.0079257,0.048692,7.6434,-0.037259,0.042882,119.26,-0.0070727,0.027921,-132.59,-0.010345,0.036973,-44.352,-0.0032331,0.056387,-130.08,-0.015008,0.072643,-97.426
20,1003.1,0.552,0.00050784,0.00184,1,24,1.044,0.0018166,0.00348,0.492,0.00040344,0.046983,104.21,6,trajectory,0.041077,1,0.13568,0.492,1,running,0.023546,0.036086,0.43683,0.006435,0.068461,176.15,-0.0079257,0.048692,7.6434,-0.037259,0.042882,119.26,-0.0070727,0.027921,-132.59,-0.010345,0.036973,-44.352,-0.0032331,0.056387,-130.08,-0.015008,0.072643,-97.426
21,1003.3,0.66,0.000726,0.0022,1,24,1.044,0.0018166,0.00348,0.384,0.00024576,0.036669,104.21,6,trajectory,0.041077,1,0.13589,0.384,1,running,0.023546,0.036086,0.43684,0.006435,0.068461,176.15,-0.0079257,0.048692,7.6434,-0.037259,0.042882,119.26,-0.0070727,0.027921,-132.59,-0.010345,0.036973,-44.352,-0.0032331,0.056387,-130.08,-0.015008,0.072643,-97.426
22,1003.5,0.756,0.00095256,0.00252,2,24,2.124,0.0075189,0.00708,1.368,0.003119,0.13063,104.21,6,trajectory,0.041077,1,0.13727,0.288,1,running,0.023546,0.036086,0.43684,0.006435,0.068461,176.15,-0.0079258,0.048692,7.6434,-0.037259,0.042882,119.26,-0.0070727,0.027921,-132.59,-0.010345,0.036973,-44.352,-0.0032331,0.056387,-130.08,-0.015008,0.072643,-97.426
23,1003.6,0.852,0.0012098,0.00284,2,24,2.124,0.0075189,0.00708,1.272,0.0026966,0.12147,104.21,6,trajectory,0.041077,1,0.13526,1.272,1,running,0.023546,0.036086,0.43684,0.006435,0.068461,176.15,-0.0079257,0.048692,7.6434,-0.037259,0.042882,119.26,-0.0070727,0.027921,-132.59,-0.010345,0.036973,-44.352,-0.0032331,0.056387,-130.08,-0.015008,0.072643,-97.426
24,1003.8,0.96,0.001536,0.0032,2,24,2.124,0.0075189,0.00708,1.164,0.0022582,0.11115,104.21,6,trajectory,0.041077,1,0.13732,1.164,1,running,0.023546,0.036086,0.43684,0.006435,0.068461,176.15,-0.0079257,0.048692,7.6434,-0.037259,0.042882,119.26,-0.0070727,0.027921,-132.59,-0.010345,0.036973,-44.352,-0.0032331,0.056387,-130.08,-0.015008,0.072643,-97.426
25,1004,1.056,0.0018586,0.00352,3,24,3.2039,0.017109,0.01068,2.148,0.0076898,0.20512,104.21,6,trajectory,0.041077,1,0.13654,1.068,1,running,0.023546,0.036086,0.43683,0.006435,0.068461,176.15,-0.0079257,0.048692,7.6434,-0.037259,0.042882,119.26,-0.0070727,0.027921,-132.59,-0.010345,0.036973,-44.352,-0.0032331,0.056387,-130.08,-0.015008,0.072643,-97.426
26,1004.1,1.152,0.0022118,0.00384,3,24,3.2039,0.017109,0.01068,2.052,0.0070178,0.19595,104.21,6,trajectory,0.041077,1,0.13662,2.052,1,running,0.023546,0.036086,0.43684,0.006435,0.068461,176.15,-0.0079257,0.048692,7.6434,-0.037259,0.042882,119.26,-0.0070727,0.027921,-132.59,-0.010345,0.036973,-44.352,-0.0032331,0.056387,-130.08,-0.015008,0.072643,-97.426
27,1004.3,1.26,0.002646,0.0042,3,24,3.2039,0.017109,0.01068,1.944,0.0062985,0.18564,104.21,6,trajectory,0.041077,1,0.13567,1.944,1,running,0.023546,0.036086,0.43684,0.006435,0.068461,176.15,-0.0079257,0.048692,7.6434,-0.037259,0.042882,119.26,-0.0070727,0.027921,-132.59,-0.010345,0.036973,-44.352,-0.0032331,0.056387,-130.08,-0.015008,0.072643,-97.426
28,1004.5,1.356,0.0030646,0.00452,4,24,4.2839,0.030587,0.01428,2.928,0.014289,0.2796,104.21,6,trajectory,0.041077,1,0.13628,1.848,1,running,0.023546,0.036086,0.43683,0.006435,0.068461,176.15,-0.0079257,0.048692,7.6434,-0.037259,0.042882,119.26,-0.0070727,0.027921,-132.59,-0.010345,0.036973,-44.352,-0.0032331,0.056387,-130.08,-0.015008,0.072643,-97.426
29,1004.6,1.452,0.0035138,0.00484,4,24,4.2839,0.030587,0.01428,2.832,0.013367,0.27044,104.21,6,trajectory,0.041077,1,0.13391,2.832,1,running,0.023546,0.036086,0.43683,0.006435,0.068461,176.15,-0.0079257,0.048692,7.6434,-0.037259,0.042882,119.26,-0.0070727,0.027921,-132.59,-0.010345,0.036973,-44.352,-0.0032331,0.056387,-130.08,-0.015008,0.072643,-97.426
30,1004.8,1.56,0.004056,0.0052,4,24,4.2839,0.030587,0.01428,2.724,0.012367,0.26012,104.21,6,trajectory,0.041077,1,0.13646,2.724,1,running,0.023546,0.036086,0.43683,0.006435,0.068461,176.15,-0.0079257,0.048692,7.6434,-0.037259,0.042882,119.26,-0.0070727,0.027921,-132.59,-0.010345,0.036973,-44.352,-0.0032331,0.056387,-130.08,-0.015008,0.072643,-97.426
31,1005,1.656,0.0045705,0.00552,4,24,4.2839,0.030587,0.01428,2.628,0.011511,0.25096,104.21,6,trajectory,0.041077,1,0.13434,2.628,1,running,0.023546,0.036086,0.43683,0.006435,0.068461,176.15,-0.0079257,0.048692,7.6434,-0.037259,0.042882,119.26,-0.0070727,0.027921,-132.59,-0.010345,0.036973,-44.352,-0.0032331,0.056387,-130.08,-0.015008,0.072643,-97.426
32,1005.1,1.752,0.0051158,0.00584,4,24,4.2839,0.030587,0.01428,2.532,0.010685,0.24179,104.21,6,trajectory,0.041077,1,0.13537,2.532,1,running,0.023546,0.036086,0.43684,0.006435,0.068461,176.15,-0.0079257,0.048692,7.6434,-0.037259,0.042882,119.26,-0.0070727,0.027921,-132.59,-0.010345,0.036973,-44.352,-0.0032331,0.056387,-130.08,-0.015008,0.072643,-97.426
33,1005.3,1.848,0.0056918,0.00616,4,24,4.2839,0.030587,0.01428,2.436,0.0098901,0.23262,104.21,6,trajectory,0.041077,1,0.13513,2.436,1,running,0.023546,0.036086,0.43684,0.006435,0.068461,176.15,-0.0079257,0.048692,7.6434,-0.037259,0.042882,119.26,-0.0070727,0.027921,-132.59,-0.010345,0.036973,-44.352,-0.0032331,0.056387,-130.08,-0.015008,0.072643,-97.426
34,1005.4,1.944,0.0062985,0.00648,5,24,5.3637,0.047953,0.01788,3.4199,0.019494,0.32659,104.21,6,trajectory,0.041077,1,0.1355,2.34,1,running,0.023546,0.036086,0.43684,0.006435,0.068461,176.15,-0.0079257,0.048692,7.6434,-0.037259,0.042882,119.26,-0.0070727,0.027921,-132.59,-0.010345,0.036973,-44.352,-0.0032331,0.056387,-130.08,-0.015008,0.072643,-97.426
35,1005.6,2.04,0.006936,0.0068,5,24,5.3637,0.047953,0.01788,3.3239,0.018415,0.31742,104.21,6,trajectory,0.041077,1,0.13571,3.324,1,running,0.023546,0.036086,0.43683,0.006435,0.068461,176.15,-0.0079257,0.048692,7.6434,-0.037259,0.042882,119.26,-0.0070727,0.027921,-132.59,-0.010345,0.036973,-44.352,-0.0032331,0.056387,-130.08,-0.015008,0.072643,-97.426
36,1005.8,2.148,0.0076898,0.00716,5,24,5.3637,0.047953,0.01788,3.2159,0.017238,0.30711,104.21,6,trajectory,0.041077,1,0.13939,3.216,1,running,0.023546,0.036086,0.43683,0.006435,0.068461,176.15,-0.0079257,0.048692,7.6434,-0.037259,0.042882,119.26,-0.0070727,0.027921,-132.59,-0.010345,0.036973,-44.352,-0.0032331,0.056387,-130.08,-0.015008,0.072643,-97.426
37,1006,2.244,0.0083925,0.00748,5,24,5.3637,0.047953,0.01788,3.1199,0.016224,0.29794,104.21,6,trajectory,0.041077,1,0.13486,3.12,1,running,0.023546,0.036086,0.43684,0.006435,0.068461,176.15,-0.0079257,0.048692,7.6434,-0.037259,0.042882,119.26,-0.0070727,0.027921,-132.59,-0.010345,0.036973,-44.352,-0.0032331,0.056387,-130.08,-0.015008,0.072643,-97.426
38,1006.1,2.34,0.009126,0.0078,5,24,5.3637,0.047953,0.01788,3.0239,0.015241,0.28877,104.21,6,trajectory,0.041077,1,0.13431,3.024,1,running,0.023546,0.036086,0.43683,0.006435,0.068461,176.15,-0.0079257,0.048692,7.6434,-0.037259,0.042882,119.26,-0.0070727,0.027921,-132.59,-0.010345,0.036973,-44.352,-0.0032331,0.056387,-130.08,-0.015008,0.072643,-97.426
39,1006.3,2.436,0.0098901,0.00812,5,24,5.3637,0.047953,0.01788,2.928,0.014289,0.2796,104.21,6,trajectory,0.041077,1,0.13489,2.928,1,running,0.023546,0.036086,0.43684,0.006435,0.068461,176.15,-0.0079257,0.048692,7.6434,-0.037259,0.042882,119.26,-0.0070727,0.027921,-132.59,-0.010345,0.036973,-44.352,-0.0032331,0.056387,-130.08,-0.015008,0.072643,-97.426
40,1006.4,2.532,0.010685,0.00844,5,24,5.3637,0.047953,0.01788,2.832,0.013367,0.27044,104.21,6,trajectory,0.041077,1,0.13413,2.832,1,running,0.023546,0.036086,0.43683,0.006435,0.068461,176.15,-0.0079257,0.048692,7.6434,-0.037259,0.042882,119.26,-0.0070727,0.027921,-132.59,-0.010345,0.036973,-44.352,-0.0032331,0.056387,-130.08,-0.015008,0.072643,-97.426
41,1006.6,2.628,0.011511,0.00876,5,24,5.3637,0.047953,0.01788,2.736,0.012476,0.26127,104.21,6,trajectory,0.041077,1,0.13372,2.736,1,running,0.023546,0.036086,0.43684,0.006435,0.068461,176.15,-0.0079257,0.048692,7.6434,-0.037259,0.042882,119.26,-0.0070727,0.027921,-132.59,-0.010345,0.036973,-44.352,-0.0032331,0.056387,-130.08,-0.015008,0.072643,-97.426
42,1006.8,2.724,0.012367,0.00908,5,24,5.3637,0.047953,0.01788,2.64,0.011616,0.2521,104.21,6,trajectory,0.041077,1,0.1352,2.64,1,running,0.023546,0.036086,0.43684,0.006435,0.068461,176.15,-0.0079257,0.048692,7.6434,-0.037259,0.042882,119.26,-0.0070727,0.027921,-132.59,-0.010345,0.036973,-44.352,-0.0032331,0.056387,-130.08,-0.015008,0.072643,-97.426
43,1006.9,2.82,0.013254,0.0094,5,24,5.3637,0.047953,0.01788,2.544,0.010786,0.24293,104.21,6,trajectory,0.041077,1,0.13339,2.544,1,running,0.023546,0.036086,0.43684,0.006435,0.068461,176.15,-0.0079257,0.048692,7.6434,-0.037259,0.042882,119.26,-0.0070727,0.027921,-132.59,-0.010345,0.036973,-44.352,-0.0032331,0.056387,-130.08,-0.015008,0.072643,-97.426
44,1007.1,2.916,0.014172,0.00972,5,24,5.3637,0.047953,0.01788,2.448,0.0099878,0.23377,104.21,6,trajectory,0.041077,1,0.1335,2.448,1,running,0.023546,0.036086,0.43684,0.006435,0.068461,176.15,-0.0079257,0.048692,7.6434,-0.037259,0.042882,119.26,-0.0070727,0.027921,-132.59,-0.010345,0.036973,-44.352,-0.0032331,0.056387,-130.08,-0.015008,0.072643,-97.426
45,1007.2,3.0119,0.01512,0.01004,6,24,6.4435,0.069206,0.02148,3.4319,0.019631,0.32773,104.21,6,trajectory,0.041077,1,0.13364,2.352,1,running,0.023546,0.036086,0.43683,0.006435,0.068461,176.15,-0.0079257,0.048692,7.6434,-0.037259,0.042882,119.26,-0.0070727,0.027921,-132.59,-0.010345,0.036973,-44.352,-0.0032331,0.056387,-130.08,-0.015008,0.072643,-97.426
46,1007.4,3.1079,0.016099,0.01036,6,24,6.4435,0.069206,0.02148,3.3359,0.018548,0.31856,104.21,6,trajectory,0.041077,1,0.13195,3.336,1,running,0.023546,0.036086,0.43684,0.006435,0.068461,176.15,-0.0079257,0.048692,7.6434,-0.037259,0.042882,119.26,-0.0070727,0.027921,-132.59,-0.010345,0.036973,-44.352,-0.0032331,0.056387,-130.08,-0.015008,0.072643,-97.426
47,1007.6,3.2159,0.017238,0.01072,6,24,6.4435,0.069206,0.02148,3.2279,0.017366,0.30825,104.21,6,trajectory,0.041077,1,0.13298,3.228,1,running,0.023546,0.036086,0.43684,0.006435,0.068461,176.15,-0.0079257,0.048692,7.6434,-0.037259,0.042882,119.26,-0.0070727,0.027921,-132.59,-0.010345,0.036973,-44.352,-0.0032331,0.056387,-130.08,-0.015008,0.072643,-97.426
48,1007.7,3.3119,0.018282,0.01104,6,24,6.4435,0.069206,0.02148,3.1319,0.016349,0.29908,104.21,6,trajectory,0.041077,1,0.13319,3.132,1,running,0.023546,0.036086,0.43683,0.006435,0.068461,176.15,-0.0079257,0.048692,7.6434,-0.037259,0.042882,119.26,-0.0070727,0.027921,-132.59,-0.010345,0.036973,-44.352,-0.0032331,0.056387,-130.08,-0.015008,0.072643,-97.426
49,1007.9,3.4079,0.019357,0.01136,6,24,6.4435,0.069206,0.02148,3.0359,0.015362,0.28992,104.21,6,trajectory,0.041077,1,0.13229,3.036,1,running,0.023546,0.036086,0.43684,0.006435,0.068461,176.15,-0.0079257,0.048692,7.6434,-0.037259,0.042882,119.26,-0.0070727,0.027921,-132.59,-0.010345,0.036973,-44.352,-0.0032331,0.056387,-130.08,-0.015008,0.072643,-97.426
50,1008,3.5039,0.020463,0.01168,6,24,6.4435,0.069206,0.02148,2.94,0.014406,0.28075,104.21,6,trajectory,0.041077,1,0.13227,2.94,1,running,0.023546,0.036086,0.43683,0.006435,0.068461,176.15,-0.0079257,0.048692,7.6434,-0.037259,0.042882,119.26,-0.0070727,0.027921,-132.59,-0.010345,0.036973,-44.352,-0.0032331,0.056387,-130.08,-0.015008,0.072643,-97.426
51,1008.2,3.5999,0.0216,0.012,6,24,6.4435,0.069206,0.02148,2.844,0.01348,0.27158,104.21,6,trajectory,0.041077,1,0.13295,2.844,1,running,0.023546,0.036086,0.43683,0.006435,0.068461,176.15,-0.0079257,0.048692,7.6434,-0.037259,0.042882,119.26,-0.0070727,0.027921,-132.59,-0.010345,0.036973,-44.352,-0.0032331,0.056387,-130.08,-0.015008,0.072643,-97.426
52,1008.4,3.6959,0.022767,0.01232,6,24,6.4435,0.069206,0.02148,2.748,0.012586,0.26241,104.21,6,trajectory,0.041077,1,0.13273,2.748,1,running,0.023546,0.036086,0.43683,0.006435,0.068461,176.15,-0.0079257,0.048692,7.6434,-0.037259,0.042882,119.26,-0.0070727,0.027921,-132.59,-0.010345,0.036973,-44.352,-0.0032331,0.056387,-130.08,-0.015008,0.072643,-97.426
53,1008.5,3.7919,0.023965,0.01264,6,24,6.4435,0.069206,0.02148,2.652,0.011722,0.25325,104.21,6,trajectory,0.041077,1,0.13338,2.652,1,running,0.023546,0.036086,0.43684,0.006435,0.068461,176.15,-0.0079257,0.048692,7.6434,-0.037259,0.042882,119.26,-0.0070727,0.027921,-132.59,-0.010345,0.036973,-44.352,-0.0032331,0.056387,-130.08,-0.015008,0.072643,-97.426
54,1008.7,3.8879,0.025194,0.01296,6,24,6.4435,0.069206,0.02148,2.556,0.010888,0.24408,104.21,6,trajectory,0.041077,1,0.13237,2.556,1,running,0.023546,0.036086,0.43684,0.006435,0.068461,176.15,-0.0079257,0.048692,7.6434,-0.037259,0.042882,119.26,-0.0070727,0.027921,-132.59,-0.010345,0.036973,-44.352,-0.0032331,0.056387,-130.08,-0.015008,0.072643,-97.426
55,1008.8,3.9839,0.026453,0.01328,6,24,6.4435,0.069206,0.02148,2.46,0.010086,0.23491,104.21,6,trajectory,0.041077,1,0.13186,2.46,1,running,0.023546,0.036086,0.43683,0.006435,0.068461,176.15,-0.0079257,0.048692,7.6434,-0.037259,0.042882,119.26,-0.0070727,0.027921,-132.59,-0.010345,0.036973,-44.352,-0.0032331,0.056387,-130.08,-0.015008,0.072643,-97.426
56,1009,4.0679,0.027581,0.01356,7,24,7.4382,0.19515,0.37631,3.3723,0.12185,2.0694,104.21,6,trajectory,0.041077,1,0.13342,2.376,1,running,0.023546,0.036086,0.43683,0.006435,0.068461,176.15,-0.0079257,0.048692,7.6434,-0.037259,0.042882,119.26,-0.0070727,0.027921,-132.59,-0.010345,0.036973,-44.352,-0.0032331,0.056387,-130.08,-0.015008,0.072643,-97.426
57,1009.2,4.1639,0.028898,0.01388,7,24,7.4382,0.19515,0.37631,3.2763,0.12079,2.1114,104.21,6,trajectory,0.041077,1,0.13412,3.2785,1,running,0.023546,0.036086,0.43683,0.006435,0.068461,176.15,-0.0079257,0.048692,7.6434,-0.037259,0.042882,119.26,-0.0070727,0.027921,-132.59,-0.010345,0.036973,-44.352,-0.0032331,0.056387,-130.08,-0.015008,0.072643,-97.426
58,1009.3,4.2719,0.030416,0.01424,7,24,7.4382,0.19515,0.37631,3.1683,0.11963,2.1623,104.21,6,trajectory,0.041077,1,0.1478,3.1706,1,running,0.023546,0.036086,0.43683,0.006435,0.068461,176.15,-0.0079257,0.048692,7.6434,-0.037259,0.042882,119.26,-0.0070727,0.027921,-132.59,-0.010345,0.036973,-44.352,-0.0032331,0.056387,-130.08,-0.015008,0.072643,-97.426
59,1009.5,4.3798,0.031973,0.0146,7,24,7.4382,0.19515,0.37631,3.0604,0.11851,2.2175,104.21,6,trajectory,0.041077,1,0.13424,3.0627,1,running,0.023546,0.036086,0.43684,0.006435,0.068461,176.15,-0.0079257,0.048692,7.6434,-0.037259,0.042882,119.26,-0.0070727,0.027921,-132.59,-0.010345,0.036973,-44.352,-0.0032331,0.056387,-130.08,-0.015008,0.072643,-97.426
60,1009.7,4.4758,0.03339,0.01492,7,24,7.4382,0.19515,0.37631,2.9644,0.11754,2.2707,104.21,6,trajectory,0.041077,1,0.1346,2.9667,1,running,0.023546,0.036086,0.43684,0.006435,0.068461,176.15,-0.0079257,0.048692,7.6434,-0.037259,0.042882,119.26,-0.0070727,0.027921,-132.59,-0.010345,0.036973,-44.352,-0.0032331,0.056387,-130.08,-0.015008,0.072643,-97.426
61,1009.8,4.5718,0.034838,0.01524,7,24,7.4382,0.19515,0.37631,2.8685,0.11661,2.3279,104.21,6,trajectory,0.041077,1,0.13333,2.8708,1,running,0.023546,0.036086,0.43684,0.006435,0.068461,176.15,-0.0079257,0.048692,7.6434,-0.037259,0.042882,119.26,-0.0070727,0.027921,-132.59,-0.010345,0.036973,-44.352,-0.0032331,0.056387,-130.08,-0.015008,0.072643,-97.426
62,1010,4.6678,0.036316,0.01556,7,24,7.4382,0.19515,0.37631,2.7725,0.11571,2.3898,104.21,6,trajectory,0.041077,1,0.14343,2.7749,1,running,0.023546,0.036086,0.43683,0.006435,0.068461,176.15,-0.0079257,0.048692,7.6434,-0.037259,0.042882,119.26,-0.0070727,0.027921,-132.59,-0.010345,0.036973,-44.352,-0.0032331,0.056387,-130.08,-0.015008,0.072643,-97.426
63,1010.2,4.7638,0.037825,0.01588,7,24,7.4382,0.19515,0.37631,2.6765,0.11483,2.4567,104.21,6,trajectory,0.041077,1,0.13571,2.679,1,running,0.023546,0.036086,0.43683,0.006435,0.068461,176.15,-0.0079257,0.048692,7.6434,-0.037259,0.042882,119.26,-0.0070727,0.027921,-132.59,-0.010345,0.036973,-44.352,-0.0032331,0.056387,-130.08,-0.015008,0.072643,-97.426
64,1010.3,4.8598,0.039365,0.0162,7,24,7.4382,0.19515,0.37631,2.5806,0.11399,2.5293,104.21,6,trajectory,0.041077,1,0.13382,2.5831,1,running,0.023546,0.036086,0.43684,0.006435,0.068461,176.15,-0.0079257,0.048692,7.6434,-0.037259,0.042882,119.26,-0.0070727,0.027921,-132.59,-0.010345,0.036973,-44.352,-0.0032331,0.056387,-130.08,-0.015008,0.072643,-97.426
65,1010.5,4.9558,0.040936,0.01652,7,24,7.4382,0.19515,0.37631,2.4846,0.11318,2.6082,104.21,6,trajectory,0.041077,1,0.13597,2.4872,1,running,0.023546,0.036086,0.43684,0.006435,0.068461,176.15,-0.0079257,0.048692,7.6434,-0.037259,0.042882,119.26,-0.0070727,0.027921,-132.59,-0.010345,0.036973,-44.352,-0.0032331,0.056387,-130.08,-0.015008,0.072643,-97.426
66,1010.6,5.0518,0.042537,0.01684,8,24,8.1293,0.88577,1.2068,3.0913,0.79129,14.358,104.21,6,trajectory,0.041077,1,0.13388,2.3913,1,running,0.023546,0.036086,0.43683,0.006435,0.068461,176.15,-0.0079257,0.048692,7.6434,-0.037259,0.042882,119.26,-0.0070727,0.027921,-132.59,-0.010345,0.036973,-44.352,-0.0032331,0.056387,-130.08,-0.015008,0.072643,-97.426
67,1010.8,5.1477,0.044169,0.01716,8,24,8.1293,0.88577,1.2068,2.9956,0.79031,14.779,104.21,6,trajectory,0.041077,1,0.13749,3.0981,1,running,0.023546,0.036086,0.43683,0.006435,0.068461,176.15,-0.0079257,0.048692,7.6434,-0.037259,0.042882,119.26,-0.0070727,0.027921,-132.59,-0.010345,0.036973,-44.352,-0.0032331,0.056387,-130.08,-0.015008,0.072643,-97.426
68,1011,5.2557,0.046041,0.01752,8,24,8.1293,0.88577,1.2068,2.8878,0.78925,15.286,104.21,6,trajectory,0.041077,1,0.15493,2.9938,1,running,0.023546,0.036086,0.43684,0.006435,0.068461,176.15,-0.0079257,0.048692,7.6434,-0.037259,0.042882,119.26,-0.0070727,0.027921,-132.59,-0.010345,0.036973,-44.352,-0.0032331,0.056387,-130.08,-0.015008,0.072643,-97.426
69,1011.2,5.3637,0.047953,0.01788,8,24,8.1293,0.88577,1.2068,2.7801,0.78823,15.829,104.21,6,trajectory,0.041077,1,0.13811,2.8897,1,running,0.023546,0.036086,0.43684,0.006435,0.068461,176.15,-0.0079257,0.048692,7.6434,-0.037259,0.042882,119.26,-0.0070727,0.027921,-132.59,-0.010345,0.036973,-44.352,-0.0032331,0.056387,-130.08,-0.015008,0.072643,-97.426
70,1011.3,5.4597,0.049685,0.0182,8,24,8.1293,0.88577,1.2068,2.6844,0.78736,16.347,104.21,6,trajectory,0.041077,1,0.14061,2.7975,1,running,0.023546,0.036086,0.43684,0.006435,0.068461,176.15,-0.0079257,0.048692,7.6434,-0.037259,0.042882,119.26,-0.0070727,0.027921,-132.59,-0.010345,0.036973,-44.352,-0.0032331,0.056387,-130.08,-0.015008,0.072643,-97.426
71,1011.5,5.5557,0.051447,0.01852,8,24,8.1293,0.88577,1.2068,2.5886,0.78651,16.901,104.21,6,trajectory,0.041077,1,0.13806,2.7055,1,running,0.023546,0.036086,0.43683,0.006435,0.068461,176.15,-0.0079257,0.048692,7.6434,-0.037259,0.042882,119.26,-0.0070727,0.027921,-132.59,-0.010345,0.036973,-44.352,-0.0032331,0.056387,-130.08,-0.015008,0.072643,-97.426
72,1011.6,5.6637,0.053467,0.01888,8,24,8.1293,0.88577,1.2068,2.4809,0.7856,17.571,104.21,6,trajectory,0.041077,1,0.1379,2.6023,1,running,0.023546,0.036086,0.43684,0.006435,0.068461,176.15,-0.0079257,0.048692,7.6434,-0.037259,0.042882,119.26,-0.0070727,0.027921,-132.59,-0.010345,0.036973,-44.352,-0.0032331,0.056387,-130.08,-0.015008,0.072643,-97.426
73,1011.8,5.7596,0.055294,0.0192,8,24,8.1293,0.88577,1.2068,2.3852,0.78482,18.213,104.21,6,trajectory,0.041077,1,0.13952,2.511,1,running,0.023546,0.036086,0.43683,0.006435,0.068461,176.15,-0.0079257,0.048692,7.6434,-0.037259,0.042882,119.26,-0.0070727,0.027921,-132.59,-0.010345,0.036973,-44.352,-0.0032331,0.056387,-130.08,-0.015008,0.072643,-97.426
74,1012,5.8556,0.057153,0.01952,8,24,8.1293,0.88577,1.2068,2.2894,0.78408,18.905,104.21,6,trajectory,0.041077,1,0.13562,2.42,1,running,0.023546,0.036086,0.43683,0.006435,0.068461,176.15,-0.0079257,0.048692,7.6434,-0.037259,0.042882,119.26,-0.0070727,0.027921,-132.59,-0.010345,0.036973,-44.352,-0.0032331,0.056387,-130.08,-0.015008,0.072643,-97.426
75,1012.1,5.9516,0.059042,0.01984,9,24,8.2082,1.9457,1.6302,2.2936,1.8415,38.761,104.21,6,trajectory,0.041077,1,0.13778,2.3293,1,running,0.023546,0.036086,0.43684,0.006435,0.068461,176.15,-0.0079257,0.048692,7.6434,-0.037259,0.042882,119.26,-0.0070727,0.027921,-132.59,-0.010345,0.036973,-44.352,-0.0032331,0.056387,-130.08,-0.015008,0.072643,-97.426
76,1012.3,6.0476,0.060962,0.02016,9,24,8.2082,1.9457,1.6302,2.1982,1.8408,39.944,104.21,6,trajectory,0.041077,1,0.1386,2.8671,1,running,0.023546,0.036086,0.43684,0.006435,0.068461,176.15,-0.0079257,0.048692,7.6434,-0.037259,0.042882,119.26,-0.0070727,0.027921,-132.59,-0.010345,0.036973,-44.352,-0.0032331,0.056387,-130.08,-0.015008,0.072643,-97.426
77,1012.5,6.1556,0.063158,0.02052,9,24,8.2082,1.9457,1.6302,2.0908,1.84,41.349,104.21,6,trajectory,0.041077,1,0.13974,2.7852,1,running,0.023546,0.036086,0.43683,0.006435,0.068461,176.15,-0.0079257,0.048692,7.6434,-0.037259,0.042882,119.26,-0.0070727,0.027921,-132.59,-0.010345,0.036973,-44.352,-0.0032331,0.056387,-130.08,-0.015008,0.072643,-97.426
78,1012.6,6.2515,0.065143,0.02084,9,24,8.2082,1.9457,1.6302,1.9954,1.8394,42.67,104.21,6,trajectory,0.041077,1,0.13446,2.7139,1,running,0.023546,0.036086,0.43684,0.006435,0.068461,176.15,-0.0079257,0.048692,7.6434,-0.037259,0.042882,119.26,-0.0070727,0.027921,-132.59,-0.010345,0.036973,-44.352,-0.0032331,0.056387,-130.08,-0.015008,0.072643,-97.426
79,1012.8,6.3475,0.067159,0.02116,9,24,8.2082,1.9457,1.6302,1.9,1.8388,44.061,104.21,6,trajectory,0.041077,1,0.13638,2.6441,1,running,0.023546,0.036086,0.43683,0.006435,0.068461,176.15,-0.0079257,0.048692,7.6434,-0.037259,0.042882,119.26,-0.0070727,0.027921,-132.59,-0.010345,0.036973,-44.352,-0.0032331,0.056387,-130.08,-0.015008,0.072643,-97.426
80,1012.9,6.4435,0.069206,0.02148,9,24,8.2082,1.9457,1.6302,1.8046,1.8382,45.528,104.21,6,trajectory,0.041077,1,0.1359,2.5759,1,running,0.023546,0.036086,0.43683,0.006435,0.068461,176.15,-0.0079257,0.048692,7.6434,-0.037259,0.042882,119.26,-0.0070727,0.027921,-132.59,-0.010345,0.036973,-44.352,-0.0032331,0.056387,-130.08,-0.015008,0.072643,-97.426
81,1013.1,6.5394,0.071285,0.021964,9,24,8.2082,1.9457,1.6302,1.7095,1.8373,47.063,104.21,6,trajectory,0.041077,1,0.14501,2.5096,1,running,0.023546,0.036086,0.43683,0.006435,0.068461,176.15,-0.0079257,0.048692,7.6434,-0.037259,0.042882,119.26,-0.0070727,0.027921,-132.59,-0.010345,0.036973,-44.352,-0.0032331,0.056387,-130.08,-0.015008,0.072643,-97.426
82,1013.3,6.6466,0.073769,0.025467,9,24,8.2082,1.9457,1.6302,1.6088,1.8316,48.705,104.21,6,trajectory,0.041077,1,0.13457,2.4378,1,running,0.023546,0.036086,0.43683,0.006435,0.068461,176.15,-0.0079257,0.048692,7.6434,-0.037259,0.042882,119.26,-0.0070727,0.027921,-132.59,-0.010345,0.036973,-44.352,-0.0032331,0.056387,-130.08,-0.015008,0.072643,-97.426
83,1013.4,6.7402,0.076523,0.034518,10,24,8.1534,3.0173,1.6101,1.5138,2.8903,62.356,104.21,6,trajectory,0.041077,1,0.13414,2.3767,1,running,0.023546,0.036086,0.43684,0.006435,0.068461,176.15,-0.0079257,0.048692,7.6434,-0.037259,0.042882,119.26,-0.0070727,0.027921,-132.59,-0.010345,0.036973,-44.352,-0.0032331,0.056387,-130.08,-0.015008,0.072643,-97.426
84,1013.6,6.8313,0.080408,0.052001,10,24,8.1534,3.0173,1.6101,1.4729,2.8642,62.785,104.21,6,trajectory,0.041077,1,0.13412,3.2208,1,running,0.023546,0.036086,0.43684,0.006435,0.068461,176.15,-0.0079257,0.048692,7.6434,-0.037259,0.042882,119.26,-0.0070727,0.027921,-132.59,-0.010345,0.036973,-44.352,-0.0032331,0.056387,-130.08,-0.015008,0.072643,-97.426
85,1013.8,6.9313,0.08694,0.080275,10,24,8.1534,3.0173,1.6101,1.4532,2.8229,62.762,104.21,6,trajectory,0.041077,1,0.13562,3.175,1,running,0.023546,0.036086,0.43683,0.006435,0.068461,176.15,-0.0079257,0.048692,7.6434,-0.037259,0.042882,119.26,-0.0070727,0.027921,-132.59,-0.010345,0.036973,-44.352,-0.0032331,0.056387,-130.08,-0.015008,0.072643,-97.426
86,1013.9,7.0178,0.095261,0.11266,10,24,8.1534,3.0173,1.6101,1.4569,2.7759,62.307,104.21,6,trajectory,0.041077,1,0.13563,3.135,1,running,0.023546,0.036086,0.43683,0.006435,0.068461,176.15,-0.0079257,0.048692,7.6434,-0.037259,0.042882,119.26,-0.0070727,0.027921,-132.59,-0.010345,0.036973,-44.352,-0.0032331,0.056387,-130.08,-0.015008,0.072643,-97.426
87,1014.1,7.1013,0.10634,0.15223,10,24,8.1534,3.0173,1.6101,1.4813,2.7178,61.407,104.21,6,trajectory,0.041077,1,0.13594,3.0953,1,running,0.023546,0.036086,0.43684,0.006435,0.068461,176.15,-0.0079257,0.048692,7.6434,-0.037259,0.042882,119.26,-0.0070727,0.027921,-132.59,-0.010345,0.036973,-44.352,-0.0032331,0.056387,-130.08,-0.015008,0.072643,-97.426
88,1014.3,7.1821,0.12058,0.19753,10,24,8.1534,3.0173,1.6101,1.5209,2.6498,60.146,104.21,6,trajectory,0.041077,1,0.13473,3.0552,1,running,0.023546,0.036086,0.43684,0.006435,0.068461,176.15,-0.0079257,0.048692,7.6434,-0.037259,0.042882,119.26,-0.0070727,0.027921,-132.59,-0.010345,0.036973,-44.352,-0.0032331,0.056387,-130.08,-0.015008,0.072643,-97.426
89,1014.4,7.2608,0.13832,0.24687,10,24,8.1534,3.0173,1.6101,1.5691,2.5736,58.63,104.21,6,trajectory,0.041077,1,0.1349,3.0142,1,running,0.023546,0.036086,0.43683,0.006435,0.068461,176.15,-0.0079257,0.048692,7.6434,-0.037259,0.042882,119.26,-0.0070727,0.027921,-132.59,-0.010345,0.036973,-44.352,-0.0032331,0.056387,-130.08,-0.015008,0.072643,-97.426
90,1014.6,7.3371,0.15968,0.29959,10,24,8.1534,3.0173,1.6101,1.6233,2.4894,56.893,104.21,6,trajectory,0.041077,1,0.13468,2.9719,1,running,0.023546,0.036086,0.43683,0.006435,0.068461,176.15,-0.0079257,0.048692,7.6434,-0.037259,0.042882,119.26,-0.0070727,0.027921,-132.59,-0.010345,0.036973,-44.352,-0.0032331,0.056387,-130.08,-0.015008,0.072643,-97.426
91,1014.7,7.411,0.18473,0.35498,10,24,8.1534,3.0173,1.6101,1.6807,2.3979,54.974,104.21,6,trajectory,0.041077,1,0.1352,2.9283,1,running,0.023546,0.036086,0.43684,0.006435,0.068461,176.15,-0.0079257,0.048692,7.6434,-0.037259,0.042882,119.26,-0.0070727,0.027921,-132.59,-0.010345,0.036973,-44.352,-0.0032331,0.056387,-130.08,-0.015008,0.072643,-97.426
92,1014.9,7.4825,0.2136,0.41245,10,24,8.1534,3.0173,1.6101,1.7385,2.2997,52.911,104.21,6,trajectory,0.041077,1,0.13592,2.8829,1,running,0.023546,0.036086,0.43684,0.006435,0.068461,176.15,-0.0079257,0.048692,7.6434,-0.037259,0.042882,119.26,-0.0070727,0.027921,-132.59,-0.010345,0.036973,-44.352,-0.0032331,0.056387,-130.08,-0.015008,0.072643,-97.426
93,1015.1,7.5517,0.24635,0.47158,10,24,8.1534,3.0173,1.6101,1.7948,2.1952,50.73,104.21,6,trajectory,0.041077,1,0.13521,2.8355,1,running,0.023546,0.036086,0.43684,0.006435,0.068461,176.15,-0.0079257,0.048692,7.6434,-0.037259,0.042882,119.26,-0.0070727,0.027921,-132.59,-0.010345,0.036973,-44.352,-0.0032331,0.056387,-130.08,-0.015008,0.072643,-97.426
94,1015.2,7.6185,0.283,0.53198,10,24,8.1534,3.0173,1.6101,1.8479,2.0851,48.452,104.21,6,trajectory,0.041077,1,0.13595,2.7861,1,running,0.023546,0.036086,0.43683,0.006435,0.068461,176.15,-0.0079257,0.048692,7.6434,-0.037259,0.042882,119.26,-0.0070727,0.027921,-132.59,-0.010345,0.036973,-44.352,-0.0032331,0.056387,-130.08,-0.015008,0.072643,-97.426
95,1015.4,7.6825,0.3233,0.59331,10,24,8.1534,3.0173,1.6101,1.8967,1.9703,46.091,104.21,6,trajectory,0.041077,1,0.13739,2.7349,1,running,0.023546,0.036086,0.43684,0.006435,0.068461,176.15,-0.0079257,0.048692,7.6434,-0.037259,0.042882,119.26,-0.0070727,0.027921,-132.59,-0.010345,0.036973,-44.352,-0.0032331,0.056387,-130.08,-0.015008,0.072643,-97.426
96,1015.5,7.7433,0.36715,0.65529,10,24,8.1534,3.0173,1.6101,1.9401,1.8513,43.659,104.21,6,trajectory,0.041077,1,0.137,2.6817,1,running,0.023546,0.036086,0.43684,0.006435,0.068461,176.15,-0.0079257,0.048692,7.6434,-0.037259,0.042882,119.26,-0.0070727,0.027921,-132.59,-0.010345,0.036973,-44.352,-0.0032331,0.056387,-130.08,-0.015008,0.072643,-97.426
97,1015.7,7.8017,0.41501,0.71814,10,24,8.1534,3.0173,1.6101,1.9771,1.7282,41.158,104.21,6,trajectory,0.041077,1,0.13554,2.6259,1,running,0.023546,0.036086,0.43684,0.006435,0.068461,176.15,-0.0079257,0.048692,7.6434,-0.037259,0.042882,119.26,-0.0070727,0.027921,-132.59,-0.010345,0.036973,-44.352,-0.0032331,0.056387,-130.08,-0.015008,0.072643,-97.426
98,1015.9,7.8565,0.46597,0.78106,10,24,8.1534,3.0173,1.6101,2.0071,1.6028,38.611,104.21,6,trajectory,0.041077,1,0.13678,2.5686,1,running,0.023546,0.036086,0.43684,0.006435,0.068461,176.15,-0.0079257,0.048692,7.6434,-0.037259,0.042882,119.26,-0.0070727,0.027921,-132.59,-0.010345,0.036973,-44.352,-0.0032331,0.056387,-130.08,-0.015008,0.072643,-97.426
99,1016,7.9077,0.52011,0.84413,10,24,8.1534,3.0173,1.6101,2.0296,1.4755,36.017,104.21,6,trajectory,0.041077,1,0.13602,2.5093,1,running,0.023546,0.036086,0.43684,0.006435,0.068461,176.15,-0.0079257,0.048692,7.6434,-0.037259,0.042882,119.26,-0.0070727,0.027921,-132.59,-0.010345,0.036973,-44.352,-0.0032331,0.056387,-130.08,-0.015008,0.072643,-97.426
100,1016.2,7.9556,0.5775,0.90743,10,24,8.1534,3.0173,1.6101,2.0442,1.3465,33.373,104.21,6,trajectory,0.041077,1,0.13876,2.4478,1,running,0.023546,0.036086,0.43683,0.006435,0.068461,176.15,-0.0079257,0.048692,7.6434,-0.037259,0.042882,119.26,-0.0070727,0.027921,-132.59,-0.010345,0.036973,-44.352,-0.0032331,0.056387,-130.08,-0.015008,0.072643,-97.426
101,1016.3,7.9998,0.63786,0.97081,11,24,8.0973,4.0656,1.7128,2.8841,1.8549,32.747,104.21,6,trajectory,0.041077,1,0.13864,2.3844,1,running,0.023546,0.036086,0.43684,0.006435,0.068461,176.15,-0.0079257,0.048692,7.6434,-0.037259,0.042882,119.26,-0.0070727,0.027921,-132.59,-0.010345,0.036973,-44.352,-0.0032331,0.056387,-130.08,-0.015008,0.072643,-97.426
102,1016.5,8.0398,0.70051,1.0338,11,24,8.0973,4.0656,1.7128,2.9209,1.6719,29.787,104.21,6,trajectory,0.041077,1,0.13845,3.3655,1,running,0.023546,0.036086,0.43683,0.006435,0.068461,176.15,-0.0079257,0.048692,7.6434,-0.037259,0.042882,119.26,-0.0070727,0.027921,-132.59,-0.010345,0.036973,-44.352,-0.0032331,0.056387,-130.08,-0.015008,0.072643,-97.426
103,1016.7,8.0803,0.77451,1.1051,11,24,8.0973,4.0656,1.7128,2.9482,1.4627,26.388,104.21,6,trajectory,0.041077,1,0.13772,3.2911,1,running,0.023546,0.036086,0.43683,0.006435,0.068461,176.15,-0.0079257,0.048692,7.6434,-0.037259,0.042882,119.26,-0.0070727,0.027921,-132.59,-0.010345,0.036973,-44.352,-0.0032331,0.056387,-130.08,-0.015008,0.072643,-97.426
104,1016.9,8.1118,0.84235,1.168,11,24,8.0973,4.0656,1.7128,2.9596,1.2768,23.336,104.21,6,trajectory,0.041077,1,0.13557,3.2232,1,running,0.023546,0.036086,0.43684,0.006435,0.068461,176.15,-0.0079257,0.048692,7.6434,-0.037259,0.042882,119.26,-0.0070727,0.027921,-132.59,-0.010345,0.036973,-44.352,-0.0032331,0.056387,-130.08,-0.015008,0.072643,-97.426
105,1017,8.1391,0.91228,1.2299,11,24,8.0973,4.0656,1.7128,2.9579,1.0936,20.29,104.21,6,trajectory,0.041077,1,0.13588,3.1536,1,running,0.023546,0.036086,0.43684,0.006435,0.068461,176.15,-0.0079257,0.048692,7.6434,-0.037259,0.042882,119.26,-0.0070727,0.027921,-132.59,-0.010345,0.036973,-44.352,-0.0032331,0.056387,-130.08,-0.015008,0.072643,-97.426
106,1017.2,8.165,0.99423,1.2977,11,24,8.0973,4.0656,1.7128,2.9392,0.89356,16.91,104.21,6,trajectory,0.041077,1,0.13716,3.0721,1,running,0.023546,0.036086,0.43683,0.006435,0.068461,176.15,-0.0079257,0.048692,7.6434,-0.037259,0.042882,119.26,-0.0070727,0.027921,-132.59,-0.010345,0.036973,-44.352,-0.0032331,0.056387,-130.08,-0.015008,0.072643,-97.426
107,1017.3,8.1838,1.0696,1.3541,11,24,8.0973,4.0656,1.7128,2.9073,0.7285,14.067,104.21,6,trajectory,0.041077,1,0.13996,2.9972,1,running,0.023546,0.036086,0.43683,0.006435,0.068461,176.15,-0.0079257,0.048692,7.6434,-0.037259,0.042882,119.26,-0.0070727,0.027921,-132.59,-0.010345,0.036973,-44.352,-0.0032331,0.056387,-130.08,-0.015008,0.072643,-97.426
108,1017.5,8.1988,1.1476,1.4066,11,24,8.0973,4.0656,1.7128,2.8621,0.57702,11.399,104.21,6,trajectory,0.041077,1,0.14766,2.9197,1,running,0.023546,0.036086,0.43684,0.006435,0.068461,176.15,-0.0079257,0.048692,7.6434,-0.037259,0.042882,119.26,-0.0070727,0.027921,-132.59,-0.010345,0.036973,-44.352,-0.0032331,0.056387,-130.08,-0.015008,0.072643,-97.426
109,1017.7,8.2113,1.2385,1.46,11,24,8.0973,4.0656,1.7128,2.7971,0.42586,8.6567,104.21,6,trajectory,0.041077,1,0.14864,2.8293,1,running,0.023546,0.036086,0.43684,0.006435,0.068461,176.15,-0.0079257,0.048692,7.6434,-0.037259,0.042882,119.26,-0.0070727,0.027921,-132.59,-0.010345,0.036973,-44.352,-0.0032331,0.056387,-130.08,-0.015008,0.072643,-97.426
110,1017.9,8.2188,1.3219,1.5013,11,24,8.0973,4.0656,1.7128,2.7286,0.31175,6.518,104.21,6,trajectory,0.041077,1,0.1395,2.7464,1,running,0.023546,0.036086,0.43683,0.006435,0.068461,176.15,-0.0079257,0.048692,7.6434,-0.037259,0.042882,119.26,-0.0070727,0.027921,-132.59,-0.010345,0.036973,-44.352,-0.0032331,0.056387,-130.08,-0.015008,0.072643,-97.426
111,1018,8.2232,1.4075,1.5367,11,24,8.0973,4.0656,1.7128,2.6522,0.21651,4.6669,104.21,6,trajectory,0.041077,1,0.13896,2.661,1,running,0.023546,0.036086,0.43684,0.006435,0.068461,176.15,-0.0079257,0.048692,7.6434,-0.037259,0.042882,119.26,-0.0070727,0.027921,-132.59,-0.010345,0.036973,-44.352,-0.0032331,0.056387,-130.08,-0.015008,0.072643,-97.426
112,1018.2,8.2249,1.5064,1.5688,11,24,8.0973,4.0656,1.7128,2.5589,0.13286,2.9723,104.21,6,trajectory,0.041077,1,0.14003,2.5623,1,running,0.023546,0.036086,0.43683,0.006435,0.068461,176.15,-0.0079257,0.048692,7.6434,-0.037259,0.042882,119.26,-0.0070727,0.027921,-132.59,-0.010345,0.036973,-44.352,-0.0032331,0.056387,-130.08,-0.015008,0.072643,-97.426
113,1018.3,8.2241,1.5963,1.5911,11,24,8.0973,4.0656,1.7128,2.4714,0.07655,1.7742,104.21,6,trajectory,0.041077,1,0.13792,2.4725,1,running,0.023546,0.036086,0.43684,0.006435,0.068461,176.15,-0.0079257,0.048692,7.6434,-0.037259,0.042882,119.26,-0.0070727,0.027921,-132.59,-0.010345,0.036973,-44.352,-0.0032331,0.056387,-130.08,-0.015008,0.072643,-97.426
114,1018.5,8.2214,1.6877,1.6082,12,24,7.5982,4.9707,2.5006,3.3041,0.49985,8.6026,104.21,6,trajectory,0.041077,1,0.13787,2.3811,1,running,0.023546,0.036086,0.43683,0.006435,0.068461,176.15,-0.0079257,0.048692,7.6434,-0.037259,0.042882,119.26,-0.0070727,0.027921,-132.59,-0.010345,0.036973,-44.352,-0.0032331,0.056387,-130.08,-0.015008,0.072643,-97.426
115,1018.7,8.2173,1.7805,1.6201,12,24,7.5982,4.9707,2.5006,3.2168,0.46132,8.161,104.21,6,trajectory,0.041077,1,0.13937,3.2498,1,running,0.023546,0.036086,0.43684,0.006435,0.068461,176.15,-0.0079257,0.048692,7.6434,-0.037259,0.042882,119.26,-0.0070727,0.027921,-132.59,-0.010345,0.036973,-44.352,-0.0032331,0.056387,-130.08,-0.015008,0.072643,-97.426
116,1018.9,8.211,1.8982,1.6283,12,24,7.5982,4.9707,2.5006,3.1027,0.43514,7.9834,104.21,6,trajectory,0.041077,1,0.13805,3.133,1,running,0.023546,0.036086,0.43683,0.006435,0.068461,176.15,-0.0079257,0.048692,7.6434,-0.037259,0.042882,119.26,-0.0070727,0.027921,-132.59,-0.010345,0.036973,-44.352,-0.0032331,0.056387,-130.08,-0.015008,0.072643,-97.426
117,1019,8.2053,1.9934,1.6313,12,24,7.5982,4.9707,2.5006,3.0087,0.42591,8.0574,104.21,6,trajectory,0.041077,1,0.13927,3.0387,1,running,0.023546,0.036086,0.43684,0.006435,0.068461,176.15,-0.0079257,0.048692,7.6434,-0.037259,0.042882,119.26,-0.0070727,0.027921,-132.59,-0.010345,0.036973,-44.352,-0.0032331,0.056387,-130.08,-0.015008,0.072643,-97.426
118,1019.2,8.1995,2.089,1.6318,12,24,7.5982,4.9707,2.5006,2.9131,0.42439,8.2889,104.21,6,trajectory,0.041077,1,0.14055,2.9438,1,running,0.023546,0.036086,0.43684,0.006435,0.068461,176.15,-0.0079257,0.048692,7.6434,-0.037259,0.042882,119.26,-0.0070727,0.027921,-132.59,-0.010345,0.036973,-44.352,-0.0032331,0.056387,-130.08,-0.015008,0.072643,-97.426
119,1019.4,8.193,2.1963,1.6303,12,24,7.5982,4.9707,2.5006,2.8049,0.42868,8.6893,104.21,6,trajectory,0.041077,1,0.13723,2.8375,1,running,0.023546,0.036086,0.43684,0.006435,0.068461,176.15,-0.0079257,0.048692,7.6434,-0.037259,0.042882,119.26,-0.0070727,0.027921,-132.59,-0.010345,0.036973,-44.352,-0.0032331,0.056387,-130.08,-0.015008,0.072643,-97.426
120,1019.5,8.1874,2.2914,1.6279,12,24,7.5982,4.9707,2.5006,2.7086,0.43532,9.1305,104.21,6,trajectory,0.041077,1,0.13904,2.7433,1,running,0.023546,0.036086,0.43683,0.006435,0.068461,176.15,-0.0079257,0.048692,7.6434,-0.037259,0.042882,119.26,-0.0070727,0.027921,-132.59,-0.010345,0.036973,-44.352,-0.0032331,0.056387,-130.08,-0.015008,0.072643,-97.426
121,1019.7,8.1822,2.3864,1.625,12,24,7.5982,4.9707,2.5006,2.6122,0.4431,9.6275,104.21,6,trajectory,0.041077,1,0.13751,2.6495,1,running,0.023546,0.036086,0.43683,0.006435,0.068461,176.15,-0.0079257,0.048692,7.6434,-0.037259,0.042882,119.26,-0.0070727,0.027921,-132.59,-0.010345,0.036973,-44.352,-0.0032331,0.056387,-130.08,-0.015008,0.072643,-97.426
122,1019.8,8.1771,2.4814,1.6219,12,24,7.5982,4.9707,2.5006,2.5157,0.45092,10.162,104.21,6,trajectory,0.041077,1,0.13775,2.5558,1,running,0.023546,0.036086,0.43683,0.006435,0.068461,176.15,-0.0079257,0.048692,7.6434,-0.037259,0.042882,119.26,-0.0070727,0.027921,-132.59,-0.010345,0.036973,-44.352,-0.0032331,0.056387,-130.08,-0.015008,0.072643,-97.426
123,1020,8.1724,2.5764,1.619,12,24,7.5982,4.9707,2.5006,2.4192,0.45817,10.724,104.21,6,trajectory,0.041077,1,0.13867,2.4622,1,running,0.023546,0.036086,0.43683,0.006435,0.068461,176.15,-0.0079257,0.048692,7.6434,-0.037259,0.042882,119.26,-0.0070727,0.027921,-132.59,-0.010345,0.036973,-44.352,-0.0032331,0.056387,-130.08,-0.015008,0.072643,-97.426
124,1020.2,8.168,2.6715,1.6163,13,24,6.6283,5.2194,-3.1143,2.6153,1.4221,28.536,104.21,6,trajectory,0.041077,1,0.1416,2.3687,1,running,0.023546,0.036086,0.43683,0.006435,0.068461,176.15,-0.0079257,0.048692,7.6434,-0.037259,0.042882,119.26,-0.0070727,0.027921,-132.59,-0.010345,0.036973,-44.352,-0.0032331,0.056387,-130.08,-0.015008,0.072643,-97.426
125,1020.3,8.1669,2.6953,1.6157,13,24,6.6283,5.2194,-3.1143,2.5906,1.4237,28.792,104.21,6,trajectory,0.041077,1,0.14015,2.956,1,running,0.023546,0.036086,0.43683,0.006435,0.068461,176.15,-0.0079257,0.048692,7.6434,-0.037259,0.042882,119.26,-0.0070727,0.027921,-132.59,-0.010345,0.036973,-44.352,-0.0032331,0.056387,-130.08,-0.015008,0.072643,-97.426
126,1020.5,8.1669,2.6953,1.6157,13,24,6.6283,5.2194,-3.1143,2.5906,1.4237,28.792,104.21,6,trajectory,0.041077,1,0.13813,2.956,1,running,0.023546,0.036086,0.43683,0.006435,0.068461,176.15,-0.0079257,0.048692,7.6434,-0.037259,0.042882,119.26,-0.0070727,0.027921,-132.59,-0.010345,0.036973,-44.352,-0.0032331,0.056387,-130.08,-0.015008,0.072643,-97.426
127,1020.7,8.1669,2.6953,1.6157,13,24,6.6283,5.2194,-3.1143,2.5906,1.4237,28.792,104.21,6,trajectory,0.041077,1,0.13682,2.956,1,running,0.023546,0.036086,0.43683,0.006435,0.068461,176.15,-0.0079257,0.048692,7.6434,-0.037259,0.042882,119.26,-0.0070727,0.027921,-132.59,-0.010345,0.036973,-44.352,-0.0032331,0.056387,-130.08,-0.015008,0.072643,-97.426
128,1020.8,8.1669,2.6953,1.6157,13,24,6.6283,5.2194,-3.1143,2.5906,1.4237,28.792,104.21,6,trajectory,0.041077,1,0.13673,2.956,1,running,0.023546,0.036086,0.43684,0.006435,0.068461,176.15,-0.0079257,0.048692,7.6434,-0.037259,0.042882,119.26,-0.0070727,0.027921,-132.59,-0.010345,0.036973,-44.352,-0.0032331,0.056387,-130.08,-0.015008,0.072643,-97.426
129,1021,8.1669,2.6953,1.6157,13,24,6.6283,5.2194,-3.1143,2.5906,1.4237,28.792,104.21,6,trajectory,0.041077,1,0.13733,2.956,1,running,0.023546,0.036086,0.43683,0.006435,0.068461,176.15,-0.0079257,0.048692,7.6434,-0.037259,0.042882,119.26,-0.0070727,0.027921,-132.59,-0.010345,0.036973,-44.352,-0.0032331,0.056387,-130.08,-0.015008,0.072643,-97.426
130,1021.2,8.1669,2.6953,1.6157,13,24,6.6283,5.2194,-3.1143,2.5906,1.4237,28.792,104.21,6,trajectory,0.041077,1,0.1367,2.956,1,running,0.023546,0.036086,0.43683,0.006435,0.068461,176.15,-0.0079257,0.048692,7.6434,-0.037259,0.042882,119.26,-0.0070727,0.027921,-132.59,-0.010345,0.036973,-44.352,-0.0032331,0.056387,-130.08,-0.015008,0.072643,-97.426
131,1021.3,8.1669,2.6953,1.6157,13,24,6.6283,5.2194,-3.1143,2.5906,1.4237,28.792,104.21,6,trajectory,0.041077,1,0.13729,2.956,1,running,0.023546,0.036086,0.43683,0.006435,0.068461,176.15,-0.0079257,0.048692,7.6434,-0.037259,0.042882,119.26,-0.0070727,0.027921,-132.59,-0.010345,0.036973,-44.352,-0.0032331,0.056387,-130.08,-0.015008,0.072643,-97.426
132,1021.5,8.1669,2.6953,1.6157,13,24,6.6283,5.2194,-3.1143,2.5906,1.4237,28.792,104.21,6,trajectory,0.041077,1,0.13543,2.956,1,running,0.023546,0.036086,0.43683,0.006435,0.068461,176.15,-0.0079257,0.048692,7.6434,-0.037259,0.042882,119.26,-0.0070727,0.027921,-132.59,-0.010345,0.036973,-44.352,-0.0032331,0.056387,-130.08,-0.015008,0.072643,-97.426
133,1021.6,8.1669,2.6953,1.6157,13,24,6.6283,5.2194,-3.1143,2.5906,1.4237,28.792,104.21,6,trajectory,0.041077,1,0.13622,2.956,1,running,0.023546,0.036086,0.43683,0.006435,0.068461,176.15,-0.0079257,0.048692,7.6434,-0.037259,0.042882,119.26,-0.0070727,0.027921,-132.59,-0.010345,0.036973,-44.352,-0.0032331,0.056387,-130.08,-0.015008,0.072643,-97.426
134,1021.8,8.1669,2.6953,1.6157,13,24,6.6283,5.2194,-3.1143,2.5906,1.4237,28.792,104.21,6,trajectory,0.041077,1,0.14081,2.956,1,running,0.023546,0.036086,0.43683,0.006435,0.068461,176.15,-0.0079257,0.048692,7.6434,-0.037259,0.042882,119.26,-0.0070727,0.027921,-132.59,-0.010345,0.036973,-44.352,-0.0032331,0.056387,-130.08,-0.015008,0.072643,-97.426
135,1022,8.1669,2.6953,1.6157,13,24,6.6283,5.2194,-3.1143,2.5906,1.4237,28.792,104.21,6,trajectory,0.041077,1,0.13886,2.956,1,running,0.023546,0.036086,0.43683,0.006435,0.068461,176.15,-0.0079257,0.048692,7.6434,-0.037259,0.042882,119.26,-0.0070727,0.027921,-132.59,-0.010345,0.036973,-44.352,-0.0032331,0.056387,-130.08,-0.015008,0.072643,-97.426
136,1022.1,8.1669,2.6953,1.6157,13,24,6.6283,5.2194,-3.1143,2.5906,1.4237,28.792,104.21,6,trajectory,0.041077,1,0.13848,2.956,1,running,0.023546,0.036086,0.43683,0.006435,0.068461,176.15,-0.0079257,0.048692,7.6434,-0.037259,0.042882,119.26,-0.0070727,0.027921,-132.59,-0.010345,0.036973,-44.352,-0.0032331,0.056387,-130.08,-0.015008,0.072643,-97.426
137,1022.3,8.1669,2.6953,1.6157,13,24,6.6283,5.2194,-3.1143,2.5906,1.4237,28.792,104.21,6,trajectory,0.041077,1,0.13999,2.956,1,running,0.023546,0.036086,0.43683,0.006435,0.068461,176.15,-0.0079257,0.048692,7.6434,-0.037259,0.042882,119.26,-0.0070727,0.027921,-132.59,-0.010345,0.036973,-44.352,-0.0032331,0.056387,-130.08,-0.015008,0.072643,-97.426
138,1022.5,8.1669,2.6953,1.6157,13,24,6.6283,5.2194,-3.1143,2.5906,1.4237,28.792,104.21,6,trajectory,0.041077,1,0.14788,2.956,1,running,0.023546,0.036086,0.43683,0.006435,0.068461,176.15,-0.0079257,0.048692,7.6434,-0.037259,0.042882,119.26,-0.0070727,0.027921,-132.59,-0.010345,0.036973,-44.352,-0.0032331,0.056387,-130.08,-0.015008,0.072643,-97.426
139,1022.6,8.1669,2.6953,1.6157,13,24,6.6283,5.2194,-3.1143,2.5906,1.4237,28.792,104.21,6,trajectory,0.041077,1,0.13832,2.956,1,running,0.023546,0.036086,0.43683,0.006435,0.068461,176.15,-0.0079257,0.048692,7.6434,-0.037259,0.042882,119.26,-0.0070727,0.027921,-132.59,-0.010345,0.036973,-44.352,-0.0032331,0.056387,-130.08,-0.015008,0.072643,-97.426
140,1022.8,8.1669,2.6953,1.6157,13,24,6.6283,5.2194,-3.1143,2.5906,1.4237,28.792,104.21,6,trajectory,0.041077,1,0.13943,2.956,1,running,0.023546,0.036086,0.43683,0.006435,0.068461,176.15,-0.0079257,0.048692,7.6434,-0.037259,0.042882,119.26,-0.0070727,0.027921,-132.59,-0.010345,0.036973,-44.352,-0.0032331,0.056387,-130.08,-0.015008,0.072643,-97.426
141,1023,8.1669,2.6953,1.6157,13,24,6.6283,5.2194,-3.1143,2.5906,1.4237,28.792,104.21,6,trajectory,0.041077,1,0.14572,2.956,1,running,0.023546,0.036086,0.43683,0.006435,0.068461,176.15,-0.0079257,0.048692,7.6434,-0.037259,0.042882,119.26,-0.0070727,0.027921,-132.59,-0.010345,0.036973,-44.352,-0.0032331,0.056387,-130.08,-0.015008,0.072643,-97.426
142,1023.1,8.1669,2.6953,1.6157,13,24,6.6283,5.2194,-3.1143,2.5906,1.4237,28.792,104.21,6,trajectory,0.041077,1,0.13863,2.956,1,running,0.023546,0.036086,0.43683,0.006435,0.068461,176.15,-0.0079257,0.048692,7.6434,-0.037259,0.042882,119.26,-0.0070727,0.027921,-132.59,-0.010345,0.036973,-44.352,-0.0032331,0.056387,-130.08,-0.015008,0.072643,-97.426
143,1023.3,8.1669,2.6953,1.6157,13,24,6.6283,5.2194,-3.1143,2.5906,1.4237,28.792,104.21,6,trajectory,0.041077,1,0.14724,2.956,1,running,0.023546,0.036086,0.43683,0.006435,0.068461,176.15,-0.0079257,0.048692,7.6434,-0.037259,0.042882,119.26,-0.0070727,0.027921,-132.59,-0.010345,0.036973,-44.352,-0.0032331,0.056387,-130.08,-0.015008,0.072643,-97.426
144,1023.5,8.1669,2.6953,1.6157,13,24,6.6283,5.2194,-3.1143,2.5906,1.4237,28.792,104.21,6,trajectory,0.041077,1,0.14093,2.956,1,running,0.023546,0.036086,0.43683,0.006435,0.068461,176.15,-0.0079257,0.048692,7.6434,-0.037259,0.042882,119.26,-0.0070727,0.027921,-132.59,-0.010345,0.036973,-44.352,-0.0032331,0.056387,-130.08,-0.015008,0.072643,-97.426
145,1023.6,8.1669,2.6953,1.6157,13,24,6.6283,5.2194,-3.1143,2.5906,1.4237,28.792,104.21,6,trajectory,0.041077,1,0.13936,2.956,1,running,0.023546,0.036086,0.43683,0.006435,0.068461,176.15,-0.0079257,0.048692,7.6434,-0.037259,0.042882,119.26,-0.0070727,0.027921,-132.59,-0.010345,0.036973,-44.352,-0.0032331,0.056387,-130.08,-0.015008,0.072643,-97.426
146,1023.8,8.1669,2.6953,1.6157,13,24,6.6283,5.2194,-3.1143,2.5906,1.4237,28.792,104.21,6,trajectory,0.041077,1,0.13954,2.956,1,running,0.023546,0.036086,0.43683,0.006435,0.068461,176.15,-0.0079257,0.048692,7.6434,-0.037259,0.042882,119.26,-0.0070727,0.027921,-132.59,-0.010345,0.036973,-44.352,-0.0032331,0.056387,-130.08,-0.015008,0.072643,-97.426
147,1024,8.1669,2.6953,1.6157,13,24,6.6283,5.2194,-3.1143,2.5906,1.4237,28.792,104.21,6,trajectory,0.041077,1,0.13912,2.956,1,running,0.023546,0.036086,0.43683,0.006435,0.068461,176.15,-0.0079257,0.048692,7.6434,-0.037259,0.042882,119.26,-0.0070727,0.027921,-132.59,-0.010345,0.036973,-44.352,-0.0032331,0.056387,-130.08,-0.015008,0.072643,-97.426
148,1024.1,8.1669,2.6953,1.6157,13,24,6.6283,5.2194,-3.1143,2.5906,1.4237,28.792,104.21,6,trajectory,0.041077,1,0.13774,2.956,1,running,0.023546,0.036086,0.43683,0.006435,0.068461,176.15,-0.0079257,0.048692,7.6434,-0.037259,0.042882,119.26,-0.0070727,0.027921,-132.59,-0.010345,0.036973,-44.352,-0.0032331,0.056387,-130.08,-0.015008,0.072643,-97.426
149,1024.3,8.1669,2.6953,1.6157,13,24,6.6283,5.2194,-3.1143,2.5906,1.4237,28.792,104.21,6,trajectory,0.041077,1,0.13853,2.956,1,running,0.023546,0.036086,0.43683,0.006435,0.068461,176.15,-0.0079257,0.048692,7.6434,-0.037259,0.042882,119.26,-0.0070727,0.027921,-132.59,-0.010345,0.036973,-44.352,-0.0032331,0.056387,-130.08,-0.015008,0.072643,-97.426
150,1024.5,8.1669,2.6953,1.6157,13,24,6.6283,5.2194,-3.1143,2.5906,1.4237,28.792,104.21,6,trajectory,0.041077,1,0.13774,2.956,1,running,0.023546,0.036086,0.43683,0.006435,0.068461,176.15,-0.0079257,0.048692,7.6434,-0.037259,0.042882,119.26,-0.0070727,0.027921,-132.59,-0.010345,0.036973,-44.352,-0.0032331,0.056387,-130.08,-0.015008,0.072643,-97.426
151,1024.6,8.1669,2.6953,1.6157,13,24,6.6283,5.2194,-3.1143,2.5906,1.4237,28.792,104.21,6,trajectory,0.041077,1,0.13681,2.956,1,running,0.023546,0.036086,0.43683,0.006435,0.068461,176.15,-0.0079257,0.048692,7.6434,-0.037259,0.042882,119.26,-0.0070727,0.027921,-132.59,-0.010345,0.036973,-44.352,-0.0032331,0.056387,-130.08,-0.015008,0.072643,-97.426
152,1024.8,8.1669,2.6953,1.6157,13,24,6.6283,5.2194,-3.1143,2.5906,1.4237,28.792,104.21,6,trajectory,0.041077,1,0.14104,2.956,1,running,0.023546,0.036086,0.43683,0.006435,0.068461,176.15,-0.0079257,0.048692,7.6434,-0.037259,0.042882,119.26,-0.0070727,0.027921,-132.59,-0.010345,0.036973,-44.352,-0.0032331,0.056387,-130.08,-0.015008,0.072643,-97.426
153,1025,8.1669,2.6953,1.6157,13,24,6.6283,5.2194,-3.1143,2.5906,1.4237,28.792,104.21,6,trajectory,0.041077,1,0.13779,2.956,1,running,0.023546,0.036086,0.43683,0.006435,0.068461,176.15,-0.0079257,0.048692,7.6434,-0.037259,0.042882,119.26,-0.0070727,0.027921,-132.59,-0.010345,0.036973,-44.352,-0.0032331,0.056387,-130.08,-0.015008,0.072643,-97.426
154,1025.1,8.1669,2.6953,1.6157,13,24,6.6283,5.2194,-3.1143,2.5906,1.4237,28.792,104.21,6,trajectory,0.041077,1,0.13863,2.956,1,running,0.023546,0.036086,0.43683,0.006435,0.068461,176.15,-0.0079257,0.048692,7.6434,-0.037259,0.042882,119.26,-0.0070727,0.027921,-132.59,-0.010345,0.036973,-44.352,-0.0032331,0.056387,-130.08,-0.015008,0.072643,-97.426
155,1025.3,8.1669,2.6953,1.6157,13,24,6.6283,5.2194,-3.1143,2.5906,1.4237,28.792,104.21,6,trajectory,0.041077,1,0.13961,2.956,1,running,0.023546,0.036086,0.43683,0.006435,0.068461,176.15,-0.0079257,0.048692,7.6434,-0.037259,0.042882,119.26,-0.0070727,0.027921,-132.59,-0.010345,0.036973,-44.352,-0.0032331,0.056387,-130.08,-0.015008,0.072643,-97.426
156,1025.5,8.1669,2.6953,1.6157,13,24,6.6283,5.2194,-3.1143,2.5906,1.4237,28.792,104.21,6,trajectory,0.041077,1,0.13766,2.956,1,running,0.023546,0.036086,0.43683,0.006435,0.068461,176.15,-0.0079257,0.048692,7.6434,-0.037259,0.042882,119.26,-0.0070727,0.027921,-132.59,-0.010345,0.036973,-44.352,-0.0032331,0.056387,-130.08,-0.015008,0.072643,-97.426
157,1025.6,8.1669,2.6953,1.6157,13,24,6.6283,5.2194,-3.1143,2.5906,1.4237,28.792,104.21,6,trajectory,0.041077,1,0.13731,2.956,1,running,0.023546,0.036086,0.43683,0.006435,0.068461,176.15,-0.0079257,0.048692,7.6434,-0.037259,0.042882,119.26,-0.0070727,0.027921,-132.59,-0.010345,0.036973,-44.352,-0.0032331,0.056387,-130.08,-0.015008,0.072643,-97.426
158,1025.8,8.1669,2.6953,1.6157,13,24,6.6283,5.2194,-3.1143,2.5906,1.4237,28.792,104.21,6,trajectory,0.041077,1,0.13861,2.956,1,running,0.023546,0.036086,0.43683,0.006435,0.068461,176.15,-0.0079257,0.048692,7.6434,-0.037259,0.042882,119.26,-0.0070727,0.027921,-132.59,-0.010345,0.036973,-44.352,-0.0032331,0.056387,-130.08,-0.015008,0.072643,-97.426
159,1025.9,8.1669,2.6953,1.6157,13,24,6.6283,5.2194,-3.1143,2.5906,1.4237,28.792,104.21,6,trajectory,0.041077,1,0.13686,2.956,1,running,0.023546,0.036086,0.43683,0.006435,0.068461,176.15,-0.0079257,0.048692,7.6434,-0.037259,0.042882,119.26,-0.0070727,0.027921,-132.59,-0.010345,0.036973,-44.352,-0.0032331,0.056387,-130.08,-0.015008,0.072643,-97.426
160,1026.1,8.1669,2.6953,1.6157,13,24,6.6283,5.2194,-3.1143,2.5906,1.4237,28.792,104.21,6,trajectory,0.041077,1,0.13804,2.956,1,running,0.023546,0.036086,0.43683,0.006435,0.068461,176.15,-0.0079257,0.048692,7.6434,-0.037259,0.042882,119.26,-0.0070727,0.027921,-132.59,-0.010345,0.036973,-44.352,-0.0032331,0.056387,-130.08,-0.015008,0.072643,-97.426
161,1026.3,8.1653,2.7311,1.615,13,24,6.6283,5.2194,-3.1143,2.5538,1.4256,29.171,104.21,6,trajectory,0.041077,1,0.13694,2.9247,1,running,0.023546,0.036086,0.43683,0.006435,0.068461,176.15,-0.0079257,0.048692,7.6434,-0.037259,0.042882,119.26,-0.0070727,0.027921,-132.59,-0.010345,0.036973,-44.352,-0.0032331,0.056387,-130.08,-0.015008,0.072643,-97.426
162,1026.4,8.1612,2.8264,1.6131,13,24,6.6283,5.2194,-3.1143,2.4557,1.4303,30.218,104.21,6,trajectory,0.041077,1,0.13737,2.8418,1,running,0.023546,0.036086,0.43683,0.006435,0.068461,176.15,-0.0079257,0.048692,7.6434,-0.037259,0.042882,119.26,-0.0070727,0.027921,-132.59,-0.010345,0.036973,-44.352,-0.0032331,0.056387,-130.08,-0.015008,0.072643,-97.426
163,1026.6,8.1572,2.9218,1.6114,13,24,6.6283,5.2194,-3.1143,2.3577,1.4344,31.315,104.21,6,trajectory,0.041077,1,0.13766,2.7598,1,running,0.023546,0.036086,0.43684,0.006435,0.068461,176.15,-0.0079257,0.048692,7.6434,-0.037259,0.042882,119.26,-0.0070727,0.027921,-132.59,-0.010345,0.036973,-44.352,-0.0032331,0.056387,-130.08,-0.015008,0.072643,-97.426
164,1026.8,8.1534,3.0173,1.6101,13,24,6.6283,5.2194,-3.1143,2.2603,1.4374,32.453,104.21,6,trajectory,0.041077,1,0.13824,2.6786,1,running,0.023546,0.036086,0.43683,0.006435,0.068461,176.15,-0.0079257,0.048692,7.6434,-0.037259,0.042882,119.26,-0.0070727,0.027921,-132.59,-0.010345,0.036973,-44.352,-0.0032331,0.056387,-130.08,-0.015008,0.072643,-97.426
165,1026.9,8.1492,3.1249,1.6091,13,24,6.6283,5.2194,-3.1143,2.1512,1.4396,33.791,104.21,6,trajectory,0.041077,1,0.15029,2.5885,1,running,0.023546,0.036086,0.43683,0.006435,0.068461,176.15,-0.0079257,0.048692,7.6434,-0.037259,0.042882,119.26,-0.0070727,0.027921,-132.59,-0.010345,0.036973,-44.352,-0.0032331,0.056387,-130.08,-0.015008,0.072643,-97.426
166,1027.1,8.1456,3.2206,1.6086,13,24,6.6283,5.2194,-3.1143,2.0547,1.4407,35.038,104.21,6,trajectory,0.041077,1,0.13786,2.5095,1,running,0.023546,0.036086,0.43684,0.006435,0.068461,176.15,-0.0079257,0.048692,7.6434,-0.037259,0.042882,119.26,-0.0070727,0.027921,-132.59,-0.010345,0.036973,-44.352,-0.0032331,0.056387,-130.08,-0.015008,0.072643,-97.426
167,1027.3,8.1415,3.3283,1.6083,13,24,6.6283,5.2194,-3.1143,1.9464,1.4413,36.52,104.21,6,trajectory,0.041077,1,0.1385,2.422,1,running,0.023546,0.036086,0.43683,0.006435,0.068461,176.15,-0.0079257,0.048692,7.6434,-0.037259,0.042882,119.26,-0.0070727,0.027921,-132.59,-0.010345,0.036973,-44.352,-0.0032331,0.056387,-130.08,-0.015008,0.072643,-97.426
168,1027.4,8.1379,3.4242,1.6083,14,24,5.6037,5.1498,-3.0764,1.8194,2.4678,53.6,104.21,6,trajectory,0.041077,1,0.1356,2.3456,1,running,0.023546,0.036086,0.43683,0.006435,0.068461,176.15,-0.0079257,0.048692,7.6434,-0.037259,0.042882,119.26,-0.0070727,0.027921,-132.59,-0.010345,0.036973,-44.352,-0.0032331,0.056387,-130.08,-0.015008,0.072643,-97.426
169,1027.6,8.1343,3.5201,1.6084,14,24,5.6037,5.1498,-3.0764,1.7238,2.4675,55.061,104.21,6,trajectory,0.041077,1,0.13565,3.01,1,running,0.023546,0.036086,0.43683,0.006435,0.068461,176.15,-0.0079257,0.048692,7.6434,-0.037259,0.042882,119.26,-0.0070727,0.027921,-132.59,-0.010345,0.036973,-44.352,-0.0032331,0.056387,-130.08,-0.015008,0.072643,-97.426
170,1027.8,8.1302,3.6275,1.6105,14,24,5.6037,5.1498,-3.0764,1.6213,2.4641,56.656,104.21,6,trajectory,0.041077,1,0.13619,2.9497,1,running,0.023546,0.036086,0.43684,0.006435,0.068461,176.15,-0.0079257,0.048692,7.6434,-0.037259,0.042882,119.26,-0.0070727,0.027921,-132.59,-0.010345,0.036973,-44.352,-0.0032331,0.056387,-130.08,-0.015008,0.072643,-97.426
171,1027.9,8.1262,3.7218,1.617,14,24,5.6037,5.1498,-3.0764,1.543,2.4538,57.837,104.21,6,trajectory,0.041077,1,0.1494,2.8986,1,running,0.023546,0.036086,0.43683,0.006435,0.068461,176.15,-0.0079257,0.048692,7.6434,-0.037259,0.042882,119.26,-0.0070727,0.027921,-132.59,-0.010345,0.036973,-44.352,-0.0032331,0.056387,-130.08,-0.015008,0.072643,-97.426
172,1028.1,8.1207,3.8254,1.6328,14,24,5.6037,5.1498,-3.0764,1.4779,2.43,58.693,104.21,6,trajectory,0.041077,1,0.13714,2.8441,1,running,0.023546,0.036086,0.43683,0.006435,0.068461,176.15,-0.0079257,0.048692,7.6434,-0.037259,0.042882,119.26,-0.0070727,0.027921,-132.59,-0.010345,0.036973,-44.352,-0.0032331,0.056387,-130.08,-0.015008,0.072643,-97.426
173,1028.3,8.1141,3.9149,1.6557,14,24,5.6037,5.1498,-3.0764,1.4432,2.3967,58.945,104.21,6,trajectory,0.041077,1,0.13759,2.7977,1,running,0.023546,0.036086,0.43684,0.006435,0.068461,176.15,-0.0079257,0.048692,7.6434,-0.037259,0.042882,119.26,-0.0070727,0.027921,-132.59,-0.010345,0.036973,-44.352,-0.0032331,0.056387,-130.08,-0.015008,0.072643,-97.426
174,1028.4,8.1055,4.0022,1.6853,14,24,5.6037,5.1498,-3.0764,1.4259,2.3543,58.798,104.21,6,trajectory,0.041077,1,0.13839,2.7524,1,running,0.023546,0.036086,0.43684,0.006435,0.068461,176.15,-0.0079257,0.048692,7.6434,-0.037259,0.042882,119.26,-0.0070727,0.027921,-132.59,-0.010345,0.036973,-44.352,-0.0032331,0.056387,-130.08,-0.015008,0.072643,-97.426
175,1028.6,8.0926,4.0966,1.7279,14,24,5.6037,5.1498,-3.0764,1.4296,2.2935,58.063,104.21,6,trajectory,0.041077,1,0.1373,2.7026,1,running,0.023546,0.036086,0.43684,0.006435,0.068461,176.15,-0.0079257,0.048692,7.6434,-0.037259,0.042882,119.26,-0.0070727,0.027921,-132.59,-0.010345,0.036973,-44.352,-0.0032331,0.056387,-130.08,-0.015008,0.072643,-97.426
176,1028.8,8.0779,4.1781,1.7716,14,24,5.6037,5.1498,-3.0764,1.4456,2.2308,57.055,104.21,6,trajectory,0.041077,1,0.13758,2.6582,1,running,0.023546,0.036086,0.43684,0.006435,0.068461,176.15,-0.0079257,0.048692,7.6434,-0.037259,0.042882,119.26,-0.0070727,0.027921,-132.59,-0.010345,0.036973,-44.352,-0.0032331,0.056387,-130.08,-0.015008,0.072643,-97.426
177,1028.9,8.0599,4.2571,1.8198,14,24,5.6037,5.1498,-3.0764,1.4704,2.1605,55.762,104.21,6,trajectory,0.041077,1,0.13556,2.6134,1,running,0.023546,0.036086,0.43684,0.006435,0.068461,176.15,-0.0079257,0.048692,7.6434,-0.037259,0.042882,119.26,-0.0070727,0.027921,-132.59,-0.010345,0.036973,-44.352,-0.0032331,0.056387,-130.08,-0.015008,0.072643,-97.426
178,1029.1,8.0383,4.3338,1.8715,14,24,5.6037,5.1498,-3.0764,1.5005,2.0836,54.241,104.21,6,trajectory,0.041077,1,0.13551,2.5677,1,running,0.023546,0.036086,0.43684,0.006435,0.068461,176.15,-0.0079257,0.048692,7.6434,-0.037259,0.042882,119.26,-0.0070727,0.027921,-132.59,-0.010345,0.036973,-44.352,-0.0032331,0.056387,-130.08,-0.015008,0.072643,-97.426
179,1029.2,8.013,4.4082,1.9262,14,24,5.6037,5.1498,-3.0764,1.5336,2.0007,52.528,104.21,6,trajectory,0.041077,1,0.13634,2.5209,1,running,0.023546,0.036086,0.43683,0.006435,0.068461,176.15,-0.0079257,0.048692,7.6434,-0.037259,0.042882,119.26,-0.0070727,0.027921,-132.59,-0.010345,0.036973,-44.352,-0.0032331,0.056387,-130.08,-0.015008,0.072643,-97.426
180,1029.4,7.9841,4.4798,1.9831,14,24,5.6037,5.1498,-3.0764,1.5678,1.9124,50.655,104.21,6,trajectory,0.041077,1,0.13451,2.4729,1,running,0.023546,0.036086,0.43684,0.006435,0.068461,176.15,-0.0079257,0.048692,7.6434,-0.037259,0.042882,119.26,-0.0070727,0.027921,-132.59,-0.010345,0.036973,-44.352,-0.0032331,0.056387,-130.08,-0.015008,0.072643,-97.426
181,1029.6,7.9514,4.5491,2.0419,15,24,4.529,5.0884,-3.0863,2.0338,2.8049,54.054,104.21,6,trajectory,0.041077,1,0.1361,2.4233,1,running,0.023546,0.036086,0.43683,0.006435,0.068461,176.15,-0.0079257,0.048692,7.6434,-0.037259,0.042882,119.26,-0.0070727,0.027921,-132.59,-0.010345,0.036973,-44.352,-0.0032331,0.056387,-130.08,-0.015008,0.072643,-97.426
182,1029.7,7.9146,4.6163,2.102,15,24,4.529,5.0884,-3.0863,2.1222,2.6798,51.624,104.21,6,trajectory,0.041077,1,0.13627,3.4183,1,running,0.023546,0.036086,0.43684,0.006435,0.068461,176.15,-0.0079257,0.048692,7.6434,-0.037259,0.042882,119.26,-0.0070727,0.027921,-132.59,-0.010345,0.036973,-44.352,-0.0032331,0.056387,-130.08,-0.015008,0.072643,-97.426
183,1029.9,7.8688,4.6883,2.1709,15,24,4.529,5.0884,-3.0863,2.2164,2.5303,48.784,104.21,6,trajectory,0.041077,1,0.13573,3.3637,1,running,0.023546,0.036086,0.43684,0.006435,0.068461,176.15,-0.0079257,0.048692,7.6434,-0.037259,0.042882,119.26,-0.0070727,0.027921,-132.59,-0.010345,0.036973,-44.352,-0.0032331,0.056387,-130.08,-0.015008,0.072643,-97.426
184,1030.1,7.8246,4.7488,2.2328,15,24,4.529,5.0884,-3.0863,2.2937,2.3907,46.185,104.21,6,trajectory,0.041077,1,0.13574,3.3131,1,running,0.023546,0.036086,0.43683,0.006435,0.068461,176.15,-0.0079257,0.048692,7.6434,-0.037259,0.042882,119.26,-0.0070727,0.027921,-132.59,-0.010345,0.036973,-44.352,-0.0032331,0.056387,-130.08,-0.015008,0.072643,-97.426
185,1030.2,7.7768,4.8064,2.2953,15,24,4.529,5.0884,-3.0863,2.3638,2.2451,43.525,104.21,6,trajectory,0.041077,1,0.13635,3.26,1,running,0.023546,0.036086,0.43684,0.006435,0.068461,176.15,-0.0079257,0.048692,7.6434,-0.037259,0.042882,119.26,-0.0070727,0.027921,-132.59,-0.010345,0.036973,-44.352,-0.0032331,0.056387,-130.08,-0.015008,0.072643,-97.426
186,1030.4,7.7253,4.861,2.3584,15,24,4.529,5.0884,-3.0863,2.4255,2.0941,40.807,104.21,6,trajectory,0.041077,1,0.13529,3.2044,1,running,0.023546,0.036086,0.43684,0.006435,0.068461,176.15,-0.0079257,0.048692,7.6434,-0.037259,0.042882,119.26,-0.0070727,0.027921,-132.59,-0.010345,0.036973,-44.352,-0.0032331,0.056387,-130.08,-0.015008,0.072643,-97.426
187,1030.5,7.6707,4.912,2.4215,15,24,4.529,5.0884,-3.0863,2.4781,1.9393,38.046,104.21,6,trajectory,0.041077,1,0.13647,3.1467,1,running,0.023546,0.036086,0.43683,0.006435,0.068461,176.15,-0.0079257,0.048692,7.6434,-0.037259,0.042882,119.26,-0.0070727,0.027921,-132.59,-0.010345,0.036973,-44.352,-0.0032331,0.056387,-130.08,-0.015008,0.072643,-97.426
188,1030.7,7.613,4.9595,2.4848,15,24,4.529,5.0884,-3.0863,2.5211,1.781,35.24,104.21,6,trajectory,0.041077,1,0.13729,3.0867,1,running,0.023546,0.036086,0.43684,0.006435,0.068461,176.15,-0.0079257,0.048692,7.6434,-0.037259,0.042882,119.26,-0.0070727,0.027921,-132.59,-0.010345,0.036973,-44.352,-0.0032331,0.056387,-130.08,-0.015008,0.072643,-97.426
189,1030.9,7.5524,5.0032,2.5481,15,24,4.529,5.0884,-3.0863,2.5541,1.6203,32.39,104.21,6,trajectory,0.041077,1,0.13706,3.0247,1,running,0.023546,0.036086,0.43684,0.006435,0.068461,176.15,-0.0079257,0.048692,7.6434,-0.037259,0.042882,119.26,-0.0070727,0.027921,-132.59,-0.010345,0.036973,-44.352,-0.0032331,0.056387,-130.08,-0.015008,0.072643,-97.426
190,1031,7.4893,5.043,2.6113,15,24,4.529,5.0884,-3.0863,2.5767,1.458,29.503,104.21,6,trajectory,0.041077,1,0.13728,2.9607,1,running,0.023546,0.036086,0.43684,0.006435,0.068461,176.15,-0.0079257,0.048692,7.6434,-0.037259,0.042882,119.26,-0.0070727,0.027921,-132.59,-0.010345,0.036973,-44.352,-0.0032331,0.056387,-130.08,-0.015008,0.072643,-97.426
191,1031.2,7.4236,5.0788,2.6746,15,24,4.529,5.0884,-3.0863,2.589,1.2946,26.567,104.21,6,trajectory,0.041077,1,0.13896,2.8946,1,running,0.023546,0.036086,0.43684,0.006435,0.068461,176.15,-0.0079257,0.048692,7.6434,-0.037259,0.042882,119.26,-0.0070727,0.027921,-132.59,-0.010345,0.036973,-44.352,-0.0032331,0.056387,-130.08,-0.015008,0.072643,-97.426
192,1031.4,7.3556,5.1104,2.7378,15,24,4.529,5.0884,-3.0863,2.5906,1.1308,23.581,104.21,6,trajectory,0.041077,1,0.16039,2.8267,1,running,0.023546,0.036086,0.43684,0.006435,0.068461,176.15,-0.0079257,0.048692,7.6434,-0.037259,0.042882,119.26,-0.0070727,0.027921,-132.59,-0.010345,0.036973,-44.352,-0.0032331,0.056387,-130.08,-0.015008,0.072643,-97.426
193,1031.5,7.268,5.1438,2.8155,15,24,4.529,5.0884,-3.0863,2.5769,0.93003,19.845,104.21,6,trajectory,0.041077,1,0.14478,2.7396,1,running,0.023546,0.036086,0.43684,0.006435,0.068461,176.15,-0.0079257,0.048692,7.6434,-0.037259,0.042882,119.26,-0.0070727,0.027921,-132.59,-0.010345,0.036973,-44.352,-0.0032331,0.056387,-130.08,-0.015008,0.072643,-97.426
194,1031.7,7.1949,5.1661,2.8764,15,24,4.529,5.0884,-3.0863,2.5524,0.77378,16.865,104.21,6,trajectory,0.041077,1,0.14729,2.6671,1,running,0.023546,0.036086,0.43684,0.006435,0.068461,176.15,-0.0079257,0.048692,7.6434,-0.037259,0.042882,119.26,-0.0070727,0.027921,-132.59,-0.010345,0.036973,-44.352,-0.0032331,0.056387,-130.08,-0.015008,0.072643,-97.426
195,1031.9,7.11,5.1862,2.9403,15,24,4.529,5.0884,-3.0863,2.5094,0.6118,13.702,104.21,6,trajectory,0.041077,1,0.13774,2.5829,1,running,0.023546,0.036086,0.43683,0.006435,0.068461,176.15,-0.0079257,0.048692,7.6434,-0.037259,0.042882,119.26,-0.0070727,0.027921,-132.59,-0.010345,0.036973,-44.352,-0.0032331,0.056387,-130.08,-0.015008,0.072643,-97.426
196,1032,7.0319,5.2,2.9924,15,24,4.529,5.0884,-3.0863,2.4585,0.48242,11.102,104.21,6,trajectory,0.041077,1,0.13638,2.5054,1,running,0.023546,0.036086,0.43683,0.006435,0.068461,176.15,-0.0079257,0.048692,7.6434,-0.037259,0.042882,119.26,-0.0070727,0.027921,-132.59,-0.010345,0.036973,-44.352,-0.0032331,0.056387,-130.08,-0.015008,0.072643,-97.426
197,1032.2,6.9511,5.2101,3.0405,15,24,4.529,5.0884,-3.0863,2.3975,0.36559,8.6702,104.21,6,trajectory,0.041077,1,0.13613,2.4252,1,running,0.023546,0.036086,0.43684,0.006435,0.068461,176.15,-0.0079257,0.048692,7.6434,-0.037259,0.042882,119.26,-0.0070727,0.027921,-132.59,-0.010345,0.036973,-44.352,-0.0032331,0.056387,-130.08,-0.015008,0.072643,-97.426
198,1032.4,6.868,5.2167,3.0834,16,24,3.451,5.0262,-3.0817,3.4001,0.38895,6.526,104.21,6,trajectory,0.041077,1,0.13654,2.3425,1,running,0.023546,0.036086,0.43684,0.006435,0.068461,176.15,-0.0079257,0.048692,7.6434,-0.037259,0.042882,119.26,-0.0070727,0.027921,-132.59,-0.010345,0.036973,-44.352,-0.0032331,0.056387,-130.08,-0.015008,0.072643,-97.426
199,1032.5,6.7826,5.2201,3.1198,16,24,3.451,5.0262,-3.0817,3.3266,0.26626,4.5763,104.21,6,trajectory,0.041077,1,0.13663,3.3372,1,running,0.023546,0.036086,0.43684,0.006435,0.068461,176.15,-0.0079257,0.048692,7.6434,-0.037259,0.042882,119.26,-0.0070727,0.027921,-132.59,-0.010345,0.036973,-44.352,-0.0032331,0.056387,-130.08,-0.015008,0.072643,-97.426
200,1032.7,6.684,5.2205,-3.1297,16,24,3.451,5.0262,-3.0817,3.2351,0.15571,2.7557,104.21,6,trajectory,0.041077,1,0.13501,3.2388,1,running,0.023546,0.036086,0.43683,0.006435,0.068461,176.15,-0.0079257,0.048692,7.6434,-0.037259,0.042882,119.26,-0.0070727,0.027921,-132.59,-0.010345,0.036973,-44.352,-0.0032331,0.056387,-130.08,-0.015008,0.072643,-97.426
201,1032.9,6.5944,5.2183,-3.1061,16,24,3.451,5.0262,-3.0817,3.1482,0.08034,1.4618,104.21,6,trajectory,0.041077,1,0.13574,3.1493,1,running,0.023546,0.036086,0.43684,0.006435,0.068461,176.15,-0.0079257,0.048692,7.6434,-0.037259,0.042882,119.26,-0.0070727,0.027921,-132.59,-0.010345,0.036973,-44.352,-0.0032331,0.056387,-130.08,-0.015008,0.072643,-97.426
202,1033,6.5031,5.2142,-3.0892,16,24,3.451,5.0262,-3.0817,3.0578,0.027967,0.52403,104.21,6,trajectory,0.041077,1,0.13597,3.0579,1,running,0.023546,0.036086,0.43684,0.006435,0.068461,176.15,-0.0079257,0.048692,7.6434,-0.037259,0.042882,119.26,-0.0070727,0.027921,-132.59,-0.010345,0.036973,-44.352,-0.0032331,0.056387,-130.08,-0.015008,0.072643,-97.426
203,1033.2,6.4104,5.2088,-3.0773,16,24,3.451,5.0262,-3.0817,2.965,-0.0079177,-0.153,104.21,6,trajectory,0.041077,1,0.13668,2.965,1,running,0.023546,0.036086,0.43684,0.006435,0.068461,176.15,-0.0079257,0.048692,7.6434,-0.037259,0.042882,119.26,-0.0070727,0.027921,-132.59,-0.010345,0.036973,-44.352,-0.0032331,0.056387,-130.08,-0.015008,0.072643,-97.426
204,1033.3,6.3167,5.2023,-3.0695,16,24,3.451,5.0262,-3.0817,2.8709,-0.03084,-0.61547,104.21,6,trajectory,0.041077,1,0.13944,2.871,1,running,0.023546,0.036086,0.43683,0.006435,0.068461,176.15,-0.0079257,0.048692,7.6434,-0.037259,0.042882,119.26,-0.0070727,0.027921,-132.59,-0.010345,0.036973,-44.352,-0.0032331,0.056387,-130.08,-0.015008,0.072643,-97.426
205,1033.5,6.2101,5.1944,-3.0649,16,24,3.451,5.0262,-3.0817,2.7638,-0.043783,-0.90757,104.21,6,trajectory,0.041077,1,0.13717,2.7641,1,running,0.023546,0.036086,0.43684,0.006435,0.068461,176.15,-0.0079257,0.048692,7.6434,-0.037259,0.042882,119.26,-0.0070727,0.027921,-132.59,-0.010345,0.036973,-44.352,-0.0032331,0.056387,-130.08,-0.015008,0.072643,-97.426
206,1033.7,6.1146,5.1869,-3.0638,16,24,3.451,5.0262,-3.0817,2.668,-0.046763,-1.0041,104.21,6,trajectory,0.041077,1,0.13727,2.6684,1,running,0.023546,0.036086,0.43683,0.006435,0.068461,176.15,-0.0079257,0.048692,7.6434,-0.037259,0.042882,119.26,-0.0070727,0.027921,-132.59,-0.010345,0.036973,-44.352,-0.0032331,0.056387,-130.08,-0.015008,0.072643,-97.426
207,1033.8,6.0192,5.1795,-3.0646,16,24,3.451,5.0262,-3.0817,2.5723,-0.044696,-0.99546,104.21,6,trajectory,0.041077,1,0.14153,2.5727,1,running,0.023546,0.036086,0.43683,0.006435,0.068461,176.15,-0.0079257,0.048692,7.6434,-0.037259,0.042882,119.26,-0.0070727,0.027921,-132.59,-0.010345,0.036973,-44.352,-0.0032331,0.056387,-130.08,-0.015008,0.072643,-97.426
208,1034,5.9241,5.1723,-3.0666,16,24,3.451,5.0262,-3.0817,2.477,-0.039513,-0.91389,104.21,6,trajectory,0.041077,1,0.13478,2.4773,1,running,0.023546,0.036086,0.43683,0.006435,0.068461,176.15,-0.0079257,0.048692,7.6434,-0.037259,0.042882,119.26,-0.0070727,0.027921,-132.59,-0.010345,0.036973,-44.352,-0.0032331,0.056387,-130.08,-0.015008,0.072643,-97.426
209,1034.2,5.8291,5.1653,-3.0694,17,24,2.3731,4.9596,-3.0781,3.4618,-0.044219,-0.73181,104.21,6,trajectory,0.041077,1,0.13768,2.3821,1,running,0.023546,0.036086,0.43683,0.006435,0.068461,176.15,-0.0079257,0.048692,7.6434,-0.037259,0.042882,119.26,-0.0070727,0.027921,-132.59,-0.010345,0.036973,-44.352,-0.0032331,0.056387,-130.08,-0.015008,0.072643,-97.426
210,1034.3,5.7224,5.1577,-3.0728,17,24,2.3731,4.9596,-3.0781,3.3549,-0.032676,-0.55802,104.21,6,trajectory,0.041077,1,0.14104,3.3551,1,running,0.023546,0.036086,0.43683,0.006435,0.068461,176.15,-0.0079257,0.048692,7.6434,-0.037259,0.042882,119.26,-0.0070727,0.027921,-132.59,-0.010345,0.036973,-44.352,-0.0032331,0.056387,-130.08,-0.015008,0.072643,-97.426
211,1034.5,5.6156,5.1506,-3.0761,17,24,2.3731,4.9596,-3.0781,3.248,-0.021731,-0.38333,104.21,6,trajectory,0.041077,1,0.13812,3.2481,1,running,0.023546,0.036086,0.43684,0.006435,0.068461,176.15,-0.0079257,0.048692,7.6434,-0.037259,0.042882,119.26,-0.0070727,0.027921,-132.59,-0.010345,0.036973,-44.352,-0.0032331,0.056387,-130.08,-0.015008,0.072643,-97.426
212,1034.7,5.5205,5.1445,-3.0787,17,24,2.3731,4.9596,-3.0781,3.1528,-0.013191,-0.23971,104.21,6,trajectory,0.041077,1,0.13797,3.1529,1,running,0.023546,0.036086,0.43684,0.006435,0.068461,176.15,-0.0079257,0.048692,7.6434,-0.037259,0.042882,119.26,-0.0070727,0.027921,-132.59,-0.010345,0.036973,-44.352,-0.0032331,0.056387,-130.08,-0.015008,0.072643,-97.426
213,1034.8,5.4254,5.1386,-3.0811,17,24,2.3731,4.9596,-3.0781,3.0575,-0.0059403,-0.11132,104.21,6,trajectory,0.041077,1,0.13881,3.0575,1,running,0.023546,0.036086,0.43684,0.006435,0.068461,176.15,-0.0079257,0.048692,7.6434,-0.037259,0.042882,119.26,-0.0070727,0.027921,-132.59,-0.010345,0.036973,-44.352,-0.0032331,0.056387,-130.08,-0.015008,0.072643,-97.426
214,1035,5.3182,5.1322,-3.0832,17,24,2.3731,4.9596,-3.0781,2.9502,0.00035849,0.0069623,104.21,6,trajectory,0.041077,1,0.13601,2.9502,1,running,0.023546,0.036086,0.43684,0.006435,0.068461,176.15,-0.0079257,0.048692,7.6434,-0.037259,0.042882,119.26,-0.0070727,0.027921,-132.59,-0.010345,0.036973,-44.352,-0.0032331,0.056387,-130.08,-0.015008,0.072643,-97.426
215,1035.2,5.2229,5.1267,-3.0846,17,24,2.3731,4.9596,-3.0781,2.8546,0.0046068,0.092464,104.21,6,trajectory,0.041077,1,0.13566,2.8546,1,running,0.023546,0.036086,0.43683,0.006435,0.068461,176.15,-0.0079257,0.048692,7.6434,-0.037259,0.042882,119.26,-0.0070727,0.027921,-132.59,-0.010345,0.036973,-44.352,-0.0032331,0.056387,-130.08,-0.015008,0.072643,-97.426
216,1035.3,5.1274,5.1213,-3.0857,17,24,2.3731,4.9596,-3.0781,2.759,0.007524,0.15625,104.21,6,trajectory,0.041077,1,0.13628,2.759,1,running,0.023546,0.036086,0.43683,0.006435,0.068461,176.15,-0.0079257,0.048692,7.6434,-0.037259,0.042882,119.26,-0.0070727,0.027921,-132.59,-0.010345,0.036973,-44.352,-0.0032331,0.056387,-130.08,-0.015008,0.072643,-97.426
217,1035.5,5.0318,5.116,-3.0864,17,24,2.3731,4.9596,-3.0781,2.6633,0.0094094,0.20243,104.21,6,trajectory,0.041077,1,0.13629,2.6633,1,running,0.023546,0.036086,0.43683,0.006435,0.068461,176.15,-0.0079257,0.048692,7.6434,-0.037259,0.042882,119.26,-0.0070727,0.027921,-132.59,-0.010345,0.036973,-44.352,-0.0032331,0.056387,-130.08,-0.015008,0.072643,-97.426
218,1035.7,4.9361,5.1107,-3.0868,17,24,2.3731,4.9596,-3.0781,2.5674,0.010451,0.23323,104.21,6,trajectory,0.041077,1,0.13707,2.5675,1,running,0.023546,0.036086,0.43684,0.006435,0.068461,176.15,-0.0079257,0.048692,7.6434,-0.037259,0.042882,119.26,-0.0070727,0.027921,-132.59,-0.010345,0.036973,-44.352,-0.0032331,0.056387,-130.08,-0.015008,0.072643,-97.426
219,1035.8,4.8404,5.1055,-3.0869,17,24,2.3731,4.9596,-3.0781,2.4716,0.010859,0.25173,104.21,6,trajectory,0.041077,1,0.13514,2.4716,1,running,0.023546,0.036086,0.43684,0.006435,0.068461,176.15,-0.0079257,0.048692,7.6434,-0.037259,0.042882,119.26,-0.0070727,0.027921,-132.59,-0.010345,0.036973,-44.352,-0.0032331,0.056387,-130.08,-0.015008,0.072643,-97.426
220,1036,4.7446,5.1002,-3.0869,18,24,1.3001,4.8882,-3.0574,3.4509,0.02344,0.38917,104.21,6,trajectory,0.041077,1,0.13533,2.3757,1,running,0.023546,0.036086,0.43684,0.006435,0.068461,176.15,-0.0079257,0.048692,7.6434,-0.037259,0.042882,119.26,-0.0070727,0.027921,-132.59,-0.010345,0.036973,-44.352,-0.0032331,0.056387,-130.08,-0.015008,0.072643,-97.426
221,1036.1,4.6488,5.095,-3.0867,18,24,1.3001,4.8882,-3.0574,3.355,0.022843,0.39011,104.21,6,trajectory,0.041077,1,0.13561,3.3551,1,running,0.023546,0.036086,0.43683,0.006435,0.068461,176.15,-0.0079257,0.048692,7.6434,-0.037259,0.042882,119.26,-0.0070727,0.027921,-132.59,-0.010345,0.036973,-44.352,-0.0032331,0.056387,-130.08,-0.015008,0.072643,-97.426
222,1036.3,4.541,5.0891,-3.0864,18,24,1.3001,4.8882,-3.0574,3.247,0.021736,0.38354,104.21,6,trajectory,0.041077,1,0.13625,3.2471,1,running,0.023546,0.036086,0.43683,0.006435,0.068461,176.15,-0.0079257,0.048692,7.6434,-0.037259,0.042882,119.26,-0.0070727,0.027921,-132.59,-0.010345,0.036973,-44.352,-0.0032331,0.056387,-130.08,-0.015008,0.072643,-97.426
223,1036.5,4.4451,5.0837,-3.086,18,24,1.3001,4.8882,-3.0574,3.151,0.020554,0.37374,104.21,6,trajectory,0.041077,1,0.13589,3.1511,1,running,0.023546,0.036086,0.43684,0.006435,0.068461,176.15,-0.0079257,0.048692,7.6434,-0.037259,0.042882,119.26,-0.0070727,0.027921,-132.59,-0.010345,0.036973,-44.352,-0.0032331,0.056387,-130.08,-0.015008,0.072643,-97.426
224,1036.6,4.3493,5.0784,-3.0856,18,24,1.3001,4.8882,-3.0574,3.055,0.019258,0.36116,104.21,6,trajectory,0.041077,1,0.13612,3.0551,1,running,0.023546,0.036086,0.43684,0.006435,0.068461,176.15,-0.0079257,0.048692,7.6434,-0.037259,0.042882,119.26,-0.0070727,0.027921,-132.59,-0.010345,0.036973,-44.352,-0.0032331,0.056387,-130.08,-0.015008,0.072643,-97.426
225,1036.8,4.2535,5.073,-3.0852,18,24,1.3001,4.8882,-3.0574,2.9591,0.017933,0.34723,104.21,6,trajectory,0.041077,1,0.1392,2.9591,1,running,0.023546,0.036086,0.43684,0.006435,0.068461,176.15,-0.0079257,0.048692,7.6434,-0.037259,0.042882,119.26,-0.0070727,0.027921,-132.59,-0.010345,0.036973,-44.352,-0.0032331,0.056387,-130.08,-0.015008,0.072643,-97.426
226,1037,4.1577,5.0676,-3.0847,18,24,1.3001,4.8882,-3.0574,2.8631,0.016624,0.33267,104.21,6,trajectory,0.041077,1,0.13676,2.8632,1,running,0.023546,0.036086,0.43683,0.006435,0.068461,176.15,-0.0079257,0.048692,7.6434,-0.037259,0.042882,119.26,-0.0070727,0.027921,-132.59,-0.010345,0.036973,-44.352,-0.0032331,0.056387,-130.08,-0.015008,0.072643,-97.426
227,1037.1,4.0499,5.0614,-3.0842,18,24,1.3001,4.8882,-3.0574,2.7552,0.015214,0.31637,104.21,6,trajectory,0.041077,1,0.1367,2.7552,1,running,0.023546,0.036086,0.43683,0.006435,0.068461,176.15,-0.0079257,0.048692,7.6434,-0.037259,0.042882,119.26,-0.0070727,0.027921,-132.59,-0.010345,0.036973,-44.352,-0.0032331,0.056387,-130.08,-0.015008,0.072643,-97.426
228,1037.3,3.9541,5.0559,-3.0838,18,24,1.3001,4.8882,-3.0574,2.6592,0.014034,0.30237,104.21,6,trajectory,0.041077,1,0.14523,2.6592,1,running,0.023546,0.036086,0.43683,0.006435,0.068461,176.15,-0.0079257,0.048692,7.6434,-0.037259,0.042882,119.26,-0.0070727,0.027921,-132.59,-0.010345,0.036973,-44.352,-0.0032331,0.056387,-130.08,-0.015008,0.072643,-97.426
229,1037.5,3.8583,5.0503,-3.0833,18,24,1.3001,4.8882,-3.0574,2.5632,0.012933,0.28908,104.21,6,trajectory,0.041077,1,0.13861,2.5633,1,running,0.023546,0.036086,0.43683,0.006435,0.068461,176.15,-0.0079257,0.048692,7.6434,-0.037259,0.042882,119.26,-0.0070727,0.027921,-132.59,-0.010345,0.036973,-44.352,-0.0032331,0.056387,-130.08,-0.015008,0.072643,-97.426
230,1037.6,3.7624,5.0447,-3.0829,18,24,1.3001,4.8882,-3.0574,2.4673,0.011915,0.27669,104.21,6,trajectory,0.041077,1,0.1371,2.4673,1,running,0.023546,0.036086,0.43684,0.006435,0.068461,176.15,-0.0079257,0.048692,7.6434,-0.037259,0.042882,119.26,-0.0070727,0.027921,-132.59,-0.010345,0.036973,-44.352,-0.0032331,0.056387,-130.08,-0.015008,0.072643,-97.426
231,1037.8,3.6547,5.0383,-3.0825,19,24,0.35803,4.5693,-2.4596,3.3186,0.27356,4.7123,104.21,6,trajectory,0.041077,1,0.13708,2.3593,1,running,0.023546,0.036086,0.43684,0.006435,0.068461,176.15,-0.0079257,0.048692,7.6434,-0.037259,0.042882,119.26,-0.0070727,0.027921,-132.59,-0.010345,0.036973,-44.352,-0.0032331,0.056387,-130.08,-0.015008,0.072643,-97.426
232,1038,3.5588,5.0327,-3.0821,19,24,0.35803,4.5693,-2.4596,3.2227,0.27234,4.8304,104.21,6,trajectory,0.041077,1,0.13459,3.2342,1,running,0.023546,0.036086,0.43683,0.006435,0.068461,176.15,-0.0079257,0.048692,7.6434,-0.037259,0.042882,119.26,-0.0070727,0.027921,-132.59,-0.010345,0.036973,-44.352,-0.0032331,0.056387,-130.08,-0.015008,0.072643,-97.426
233,1038.1,3.463,5.0269,-3.0818,19,24,0.35803,4.5693,-2.4596,3.1268,0.2712,4.9571,104.21,6,trajectory,0.041077,1,0.15937,3.1385,1,running,0.023546,0.036086,0.43684,0.006435,0.068461,176.15,-0.0079257,0.048692,7.6434,-0.037259,0.042882,119.26,-0.0070727,0.027921,-132.59,-0.010345,0.036973,-44.352,-0.0032331,0.056387,-130.08,-0.015008,0.072643,-97.426
234,1038.3,3.3432,5.0197,-3.0813,19,24,0.35803,4.5693,-2.4596,3.0069,0.26987,5.1286,104.21,6,trajectory,0.041077,1,0.13778,3.019,1,running,0.023546,0.036086,0.43684,0.006435,0.068461,176.15,-0.0079257,0.048692,7.6434,-0.037259,0.042882,119.26,-0.0070727,0.027921,-132.59,-0.010345,0.036973,-44.352,-0.0032331,0.056387,-130.08,-0.015008,0.072643,-97.426
235,1038.5,3.2474,5.0139,-3.081,19,24,0.35803,4.5693,-2.4596,2.911,0.26888,5.2773,104.21,6,trajectory,0.041077,1,0.13989,2.9234,1,running,0.023546,0.036086,0.43683,0.006435,0.068461,176.15,-0.0079257,0.048692,7.6434,-0.037259,0.042882,119.26,-0.0070727,0.027921,-132.59,-0.010345,0.036973,-44.352,-0.0032331,0.056387,-130.08,-0.015008,0.072643,-97.426
236,1038.7,3.1396,5.0074,-3.0806,19,24,0.35803,4.5693,-2.4596,2.8031,0.26782,5.4578,104.21,6,trajectory,0.041077,1,0.13756,2.8159,1,running,0.023546,0.036086,0.43683,0.006435,0.068461,176.15,-0.0079257,0.048692,7.6434,-0.037259,0.042882,119.26,-0.0070727,0.027921,-132.59,-0.010345,0.036973,-44.352,-0.0032331,0.056387,-130.08,-0.015008,0.072643,-97.426
237,1038.8,3.0438,5.0015,-3.0803,19,24,0.35803,4.5693,-2.4596,2.7072,0.26693,5.6313,104.21,6,trajectory,0.041077,1,0.13575,2.7203,1,running,0.023546,0.036086,0.43684,0.006435,0.068461,176.15,-0.0079257,0.048692,7.6434,-0.037259,0.042882,119.26,-0.0070727,0.027921,-132.59,-0.010345,0.036973,-44.352,-0.0032331,0.056387,-130.08,-0.015008,0.072643,-97.426
238,1039,2.948,4.9956,-3.08,19,24,0.35803,4.5693,-2.4596,2.6113,0.26609,5.8183,104.21,6,trajectory,0.041077,1,0.13473,2.6248,1,running,0.023546,0.036086,0.43683,0.006435,0.068461,176.15,-0.0079257,0.048692,7.6434,-0.037259,0.042882,119.26,-0.0070727,0.027921,-132.59,-0.010345,0.036973,-44.352,-0.0032331,0.056387,-130.08,-0.015008,0.072643,-97.426
239,1039.1,2.8522,4.9897,-3.0797,19,24,0.35803,4.5693,-2.4596,2.5154,0.26527,6.0202,104.21,6,trajectory,0.041077,1,0.13459,2.5293,1,running,0.023546,0.036086,0.43683,0.006435,0.068461,176.15,-0.0079257,0.048692,7.6434,-0.037259,0.042882,119.26,-0.0070727,0.027921,-132.59,-0.010345,0.036973,-44.352,-0.0032331,0.056387,-130.08,-0.015008,0.072643,-97.426
240,1039.3,2.7564,4.9837,-3.0794,19,24,0.35803,4.5693,-2.4596,2.4195,0.26449,6.2388,104.21,6,trajectory,0.041077,1,0.13692,2.4339,1,running,0.023546,0.036086,0.43683,0.006435,0.068461,176.15,-0.0079257,0.048692,7.6434,-0.037259,0.042882,119.26,-0.0070727,0.027921,-132.59,-0.010345,0.036973,-44.352,-0.0032331,0.056387,-130.08,-0.015008,0.072643,-97.426
241,1039.5,2.6605,4.9778,-3.079,20,24,-0.087501,3.6566,-1.6324,2.8252,1.1468,22.092,104.21,6,trajectory,0.041077,1,0.13425,2.3385,1,running,0.023546,0.036086,0.43684,0.006435,0.068461,176.15,-0.0079257,0.048692,7.6434,-0.037259,0.042882,119.26,-0.0070727,0.027921,-132.59,-0.010345,0.036973,-44.352,-0.0032331,0.056387,-130.08,-0.015008,0.072643,-97.426
242,1039.6,2.5647,4.9717,-3.0787,20,24,-0.087501,3.6566,-1.6324,2.7296,1.1459,22.773,104.21,6,trajectory,0.041077,1,0.13548,2.9604,1,running,0.023546,0.036086,0.43684,0.006435,0.068461,176.15,-0.0079257,0.048692,7.6434,-0.037259,0.042882,119.26,-0.0070727,0.027921,-132.59,-0.010345,0.036973,-44.352,-0.0032331,0.056387,-130.08,-0.015008,0.072643,-97.426
243,1039.8,2.4569,4.9649,-3.0784,20,24,-0.087501,3.6566,-1.6324,2.622,1.1449,23.589,104.21,6,trajectory,0.041077,1,0.13738,2.8611,1,running,0.023546,0.036086,0.43683,0.006435,0.068461,176.15,-0.0079257,0.048692,7.6434,-0.037259,0.042882,119.26,-0.0070727,0.027921,-132.59,-0.010345,0.036973,-44.352,-0.0032331,0.056387,-130.08,-0.015008,0.072643,-97.426
244,1040,2.3611,4.9589,-3.0781,20,24,-0.087501,3.6566,-1.6324,2.5264,1.1441,24.364,104.21,6,trajectory,0.041077,1,0.13742,2.7734,1,running,0.023546,0.036086,0.43684,0.006435,0.068461,176.15,-0.0079257,0.048692,7.6434,-0.037259,0.042882,119.26,-0.0070727,0.027921,-132.59,-0.010345,0.036973,-44.352,-0.0032331,0.056387,-130.08,-0.015008,0.072643,-97.426
245,1040.1,2.2653,4.9527,-3.0777,20,24,-0.087501,3.6566,-1.6324,2.4307,1.1433,25.191,104.21,6,trajectory,0.041077,1,0.13785,2.6862,1,running,0.023546,0.036086,0.43683,0.006435,0.068461,176.15,-0.0079257,0.048692,7.6434,-0.037259,0.042882,119.26,-0.0070727,0.027921,-132.59,-0.010345,0.036973,-44.352,-0.0032331,0.056387,-130.08,-0.015008,0.072643,-97.426
246,1040.3,2.1695,4.9466,-3.0774,20,24,-0.087501,3.6566,-1.6324,2.3351,1.1426,26.073,104.21,6,trajectory,0.041077,1,0.1374,2.5997,1,running,0.023546,0.036086,0.43683,0.006435,0.068461,176.15,-0.0079257,0.048692,7.6434,-0.037259,0.042882,119.26,-0.0070727,0.027921,-132.59,-0.010345,0.036973,-44.352,-0.0032331,0.056387,-130.08,-0.015008,0.072643,-97.426
247,1040.5,2.0737,4.9404,-3.0771,20,24,-0.087501,3.6566,-1.6324,2.2395,1.1419,27.016,104.21,6,trajectory,0.041077,1,0.13723,2.5138,1,running,0.023546,0.036086,0.43683,0.006435,0.068461,176.15,-0.0079257,0.048692,7.6434,-0.037259,0.042882,119.26,-0.0070727,0.027921,-132.59,-0.010345,0.036973,-44.352,-0.0032331,0.056387,-130.08,-0.015008,0.072643,-97.426
248,1040.6,1.966,4.9335,-3.0768,20,24,-0.087501,3.6566,-1.6324,2.1319,1.1411,28.158,104.21,6,trajectory,0.041077,1,0.14022,2.418,1,running,0.023546,0.036086,0.43683,0.006435,0.068461,176.15,-0.0079257,0.048692,7.6434,-0.037259,0.042882,119.26,-0.0070727,0.027921,-132.59,-0.010345,0.036973,-44.352,-0.0032331,0.056387,-130.08,-0.015008,0.072643,-97.426
249,1040.8,1.8702,4.9272,-3.0764,21,24,-0.017771,2.6279,-1.469,2.0336,2.1715,46.878,104.21,6,trajectory,0.041077,1,0.13834,2.3338,1,running,0.023546,0.036086,0.43683,0.006435,0.068461,176.15,-0.0079257,0.048692,7.6434,-0.037259,0.042882,119.26,-0.0070727,0.027921,-132.59,-0.010345,0.036973,-44.352,-0.0032331,0.056387,-130.08,-0.015008,0.072643,-97.426
250,1041,1.7744,4.921,-3.0761,21,24,-0.017771,2.6279,-1.469,1.9383,2.1709,48.239,104.21,6,trajectory,0.041077,1,0.13935,2.9103,1,running,0.023546,0.036086,0.43684,0.006435,0.068461,176.15,-0.0079257,0.048692,7.6434,-0.037259,0.042882,119.26,-0.0070727,0.027921,-132.59,-0.010345,0.036973,-44.352,-0.0032331,0.056387,-130.08,-0.015008,0.072643,-97.426
251,1041.1,1.6666,4.9139,-3.0758,21,24,-0.017771,2.6279,-1.469,1.8311,2.1702,49.844,104.21,6,trajectory,0.041077,1,0.1368,2.8395,1,running,0.023546,0.036086,0.43684,0.006435,0.068461,176.15,-0.0079257,0.048692,7.6434,-0.037259,0.042882,119.26,-0.0070727,0.027921,-132.59,-0.010345,0.036973,-44.352,-0.0032331,0.056387,-130.08,-0.015008,0.072643,-97.426
252,1041.3,1.5708,4.9075,-3.0754,21,24,-0.017771,2.6279,-1.469,1.7358,2.1696,51.338,104.21,6,trajectory,0.041077,1,0.13876,2.7785,1,running,0.023546,0.036086,0.43684,0.006435,0.068461,176.15,-0.0079257,0.048692,7.6434,-0.037259,0.042882,119.26,-0.0070727,0.027921,-132.59,-0.010345,0.036973,-44.352,-0.0032331,0.056387,-130.08,-0.015008,0.072643,-97.426
253,1041.5,1.4635,4.9004,-3.0733,21,24,-0.017771,2.6279,-1.469,1.6328,2.1661,52.992,104.21,6,trajectory,0.041077,1,0.13879,2.7126,1,running,0.023546,0.036086,0.43683,0.006435,0.068461,176.15,-0.0079257,0.048692,7.6434,-0.037259,0.042882,119.26,-0.0070727,0.027921,-132.59,-0.010345,0.036973,-44.352,-0.0032331,0.056387,-130.08,-0.015008,0.072643,-97.426
254,1041.6,1.3694,4.8937,-3.0669,21,24,-0.017771,2.6279,-1.469,1.5524,2.1559,54.243,104.21,6,trajectory,0.041077,1,0.13834,2.6567,1,running,0.023546,0.036086,0.43684,0.006435,0.068461,176.15,-0.0079257,0.048692,7.6434,-0.037259,0.042882,119.26,-0.0070727,0.027921,-132.59,-0.010345,0.036973,-44.352,-0.0032331,0.056387,-130.08,-0.015008,0.072643,-97.426
255,1041.8,1.2773,4.8862,-3.0533,21,24,-0.017771,2.6279,-1.469,1.4892,2.1353,55.106,104.21,6,trajectory,0.041077,1,0.14162,2.6033,1,running,0.023546,0.036086,0.43683,0.006435,0.068461,176.15,-0.0079257,0.048692,7.6434,-0.037259,0.042882,119.26,-0.0070727,0.027921,-132.59,-0.010345,0.036973,-44.352,-0.0032331,0.056387,-130.08,-0.015008,0.072643,-97.426
256,1042,1.1877,4.8774,-3.0317,21,24,-0.017771,2.6279,-1.469,1.445,2.1036,55.515,104.21,6,trajectory,0.041077,1,0.14771,2.5521,1,running,0.023546,0.036086,0.43683,0.006435,0.068461,176.15,-0.0079257,0.048692,7.6434,-0.037259,0.042882,119.26,-0.0070727,0.027921,-132.59,-0.010345,0.036973,-44.352,-0.0032331,0.056387,-130.08,-0.015008,0.072643,-97.426
257,1042.1,1.0896,4.865,-2.9989,21,24,-0.017771,2.6279,-1.469,1.4142,2.0569,55.491,104.21,6,trajectory,0.041077,1,0.13927,2.4962,1,running,0.023546,0.036086,0.43683,0.006435,0.068461,176.15,-0.0079257,0.048692,7.6434,-0.037259,0.042882,119.26,-0.0070727,0.027921,-132.59,-0.010345,0.036973,-44.352,-0.0032331,0.056387,-130.08,-0.015008,0.072643,-97.426
258,1042.3,1.0058,4.8514,-2.9615,22,24,0.077342,1.5583,-1.4888,1.5032,3.0736,63.938,104.21,6,trajectory,0.041077,1,0.14092,2.4478,1,running,0.023546,0.036086,0.43683,0.006435,0.068461,176.15,-0.0079257,0.048692,7.6434,-0.037259,0.042882,119.26,-0.0070727,0.027921,-132.59,-0.010345,0.036973,-44.352,-0.0032331,0.056387,-130.08,-0.015008,0.072643,-97.426
259,1042.5,0.91444,4.8325,-2.9129,22,24,0.077342,1.5583,-1.4888,1.5577,2.9992,62.553,104.21,6,trajectory,0.041077,1,0.13636,3.3796,1,running,0.023546,0.036086,0.43684,0.006435,0.068461,176.15,-0.0079257,0.048692,7.6434,-0.037259,0.042882,119.26,-0.0070727,0.027921,-132.59,-0.010345,0.036973,-44.352,-0.0032331,0.056387,-130.08,-0.015008,0.072643,-97.426
260,1042.6,0.83592,4.8123,-2.8647,22,24,0.077342,1.5583,-1.4888,1.6192,2.9227,61.014,104.21,6,trajectory,0.041077,1,0.13732,3.3413,1,running,0.023546,0.036086,0.43684,0.006435,0.068461,176.15,-0.0079257,0.048692,7.6434,-0.037259,0.042882,119.26,-0.0070727,0.027921,-132.59,-0.010345,0.036973,-44.352,-0.0032331,0.056387,-130.08,-0.015008,0.072643,-97.426
261,1042.8,0.7598,4.7885,-2.813,22,24,0.077342,1.5583,-1.4888,1.6883,2.8372,59.245,104.21,6,trajectory,0.041077,1,0.13556,3.3016,1,running,0.023546,0.036086,0.43684,0.006435,0.068461,176.15,-0.0079257,0.048692,7.6434,-0.037259,0.042882,119.26,-0.0070727,0.027921,-132.59,-0.010345,0.036973,-44.352,-0.0032331,0.056387,-130.08,-0.015008,0.072643,-97.426
262,1042.9,0.68618,4.7612,-2.7584,22,24,0.077342,1.5583,-1.4888,1.7622,2.743,57.282,104.21,6,trajectory,0.041077,1,0.13362,3.2603,1,running,0.023546,0.036086,0.43684,0.006435,0.068461,176.15,-0.0079257,0.048692,7.6434,-0.037259,0.042882,119.26,-0.0070727,0.027921,-132.59,-0.010345,0.036973,-44.352,-0.0032331,0.056387,-130.08,-0.015008,0.072643,-97.426
263,1043.1,0.61537,4.7303,-2.7015,22,24,0.077342,1.5583,-1.4888,1.8382,2.6405,55.157,104.21,6,trajectory,0.041077,1,0.13443,3.2173,1,running,0.023546,0.036086,0.43683,0.006435,0.068461,176.15,-0.0079257,0.048692,7.6434,-0.037259,0.042882,119.26,-0.0070727,0.027921,-132.59,-0.010345,0.036973,-44.352,-0.0032331,0.056387,-130.08,-0.015008,0.072643,-97.426
264,1043.3,0.547,4.6956,-2.6428,22,24,0.077342,1.5583,-1.4888,1.9133,2.5304,52.907,104.21,6,trajectory,0.041077,1,0.13471,3.1723,1,running,0.023546,0.036086,0.43684,0.006435,0.068461,176.15,-0.0079257,0.048692,7.6434,-0.037259,0.042882,119.26,-0.0070727,0.027921,-132.59,-0.010345,0.036973,-44.352,-0.0032331,0.056387,-130.08,-0.015008,0.072643,-97.426
265,1043.4,0.48085,4.657,-2.5826,22,24,0.077342,1.5583,-1.4888,1.9853,2.4131,50.555,104.21,6,trajectory,0.041077,1,0.13359,3.1249,1,running,0.023546,0.036086,0.43684,0.006435,0.068461,176.15,-0.0079257,0.048692,7.6434,-0.037259,0.042882,119.26,-0.0070727,0.027921,-132.59,-0.010345,0.036973,-44.352,-0.0032331,0.056387,-130.08,-0.015008,0.072643,-97.426
266,1043.6,0.41781,4.6148,-2.5215,22,24,0.077342,1.5583,-1.4888,2.0533,2.2896,48.114,104.21,6,trajectory,0.041077,1,0.13438,3.0755,1,running,0.023546,0.036086,0.43683,0.006435,0.068461,176.15,-0.0079257,0.048692,7.6434,-0.037259,0.042882,119.26,-0.0070727,0.027921,-132.59,-0.010345,0.036973,-44.352,-0.0032331,0.056387,-130.08,-0.015008,0.072643,-97.426
267,1043.7,0.35803,4.5693,-2.4596,22,24,0.077342,1.5583,-1.4888,2.1159,2.1606,45.6,104.21,6,trajectory,0.041077,1,0.13435,3.0241,1,running,0.023546,0.036086,0.43684,0.006435,0.068461,176.15,-0.0079257,0.048692,7.6434,-0.037259,0.042882,119.26,-0.0070727,0.027921,-132.59,-0.010345,0.036973,-44.352,-0.0032331,0.056387,-130.08,-0.015008,0.072643,-97.426
268,1043.9,0.30148,4.5204,-2.3972,22,24,0.077342,1.5583,-1.4888,2.1717,2.0269,43.024,104.21,6,trajectory,0.041077,1,0.1337,2.9706,1,running,0.023546,0.036086,0.43683,0.006435,0.068461,176.15,-0.0079257,0.048692,7.6434,-0.037259,0.042882,119.26,-0.0070727,0.027921,-132.59,-0.010345,0.036973,-44.352,-0.0032331,0.056387,-130.08,-0.015008,0.072643,-97.426
269,1044.1,0.24779,4.4677,-2.3342,22,24,0.077342,1.5583,-1.4888,2.22,1.8883,40.384,104.21,6,trajectory,0.041077,1,0.1351,2.9144,1,running,0.023546,0.036086,0.43683,0.006435,0.068461,176.15,-0.0079257,0.048692,7.6434,-0.037259,0.042882,119.26,-0.0070727,0.027921,-132.59,-0.010345,0.036973,-44.352,-0.0032331,0.056387,-130.08,-0.015008,0.072643,-97.426
270,1044.2,0.19792,4.4122,-2.2711,22,24,0.077342,1.5583,-1.4888,2.2599,1.747,37.705,104.21,6,trajectory,0.041077,1,0.1339,2.8565,1,running,0.023546,0.036086,0.43684,0.006435,0.068461,176.15,-0.0079257,0.048692,7.6434,-0.037259,0.042882,119.26,-0.0070727,0.027921,-132.59,-0.010345,0.036973,-44.352,-0.0032331,0.056387,-130.08,-0.015008,0.072643,-97.426
271,1044.4,0.15163,4.3536,-2.2079,22,24,0.077342,1.5583,-1.4888,2.2912,1.603,34.978,104.21,6,trajectory,0.041077,1,0.13374,2.7963,1,running,0.023546,0.036086,0.43684,0.006435,0.068461,176.15,-0.0079257,0.048692,7.6434,-0.037259,0.042882,119.26,-0.0070727,0.027921,-132.59,-0.010345,0.036973,-44.352,-0.0032331,0.056387,-130.08,-0.015008,0.072643,-97.426
272,1044.5,0.10904,4.2921,-2.1444,22,24,0.077342,1.5583,-1.4888,2.3134,1.457,32.203,104.21,6,trajectory,0.041077,1,0.13437,2.734,1,running,0.023546,0.036086,0.43684,0.006435,0.068461,176.15,-0.0079257,0.048692,7.6434,-0.037259,0.042882,119.26,-0.0070727,0.027921,-132.59,-0.010345,0.036973,-44.352,-0.0032331,0.056387,-130.08,-0.015008,0.072643,-97.426
273,1044.7,0.070498,4.228,-2.0811,22,24,0.077342,1.5583,-1.4888,2.3262,1.3101,29.387,104.21,6,trajectory,0.041077,1,0.13461,2.6698,1,running,0.023546,0.036086,0.43683,0.006435,0.068461,176.15,-0.0079257,0.048692,7.6434,-0.037259,0.042882,119.26,-0.0070727,0.027921,-132.59,-0.010345,0.036973,-44.352,-0.0032331,0.056387,-130.08,-0.015008,0.072643,-97.426
274,1044.9,0.036054,4.1617,-2.0179,22,24,0.077342,1.5583,-1.4888,2.3297,1.1628,26.526,104.21,6,trajectory,0.041077,1,0.13529,2.6037,1,running,0.023546,0.036086,0.43683,0.006435,0.068461,176.15,-0.0079257,0.048692,7.6434,-0.037259,0.042882,119.26,-0.0070727,0.027921,-132.59,-0.010345,0.036973,-44.352,-0.0032331,0.056387,-130.08,-0.015008,0.072643,-97.426
275,1045,0.0058152,4.0931,-1.9547,22,24,0.077342,1.5583,-1.4888,2.3236,1.0158,23.613,104.21,6,trajectory,0.041077,1,0.13707,2.5359,1,running,0.023546,0.036086,0.43683,0.006435,0.068461,176.15,-0.0079257,0.048692,7.6434,-0.037259,0.042882,119.26,-0.0070727,0.027921,-132.59,-0.010345,0.036973,-44.352,-0.0032331,0.056387,-130.08,-0.015008,0.072643,-97.426
276,1045.2,-0.020053,4.0228,-1.8922,22,24,0.077342,1.5583,-1.4888,2.3076,0.87103,20.68,104.21,6,trajectory,0.041077,1,0.13883,2.4665,1,running,0.023546,0.036086,0.43683,0.006435,0.068461,176.15,-0.0079257,0.048692,7.6434,-0.037259,0.042882,119.26,-0.0070727,0.027921,-132.59,-0.010345,0.036973,-44.352,-0.0032331,0.056387,-130.08,-0.015008,0.072643,-97.426
277,1045.3,-0.041774,3.9502,-1.8309,23,24,0.12418,0.99345,-1.4865,2.8146,0.92078,18.115,104.21,6,trajectory,0.041077,1,0.13962,2.3949,1,running,0.023546,0.036086,0.43684,0.006435,0.068461,176.15,-0.0079257,0.048692,7.6434,-0.037259,0.042882,119.26,-0.0070727,0.027921,-132.59,-0.010345,0.036973,-44.352,-0.0032331,0.056387,-130.08,-0.015008,0.072643,-97.426
278,1045.5,-0.059363,3.8752,-1.7721,23,24,0.12418,0.99345,-1.4865,2.7868,0.75607,15.179,104.21,6,trajectory,0.041077,1,0.13824,2.8876,1,running,0.023546,0.036086,0.43683,0.006435,0.068461,176.15,-0.0079257,0.048692,7.6434,-0.037259,0.042882,119.26,-0.0070727,0.027921,-132.59,-0.010345,0.036973,-44.352,-0.0032331,0.056387,-130.08,-0.015008,0.072643,-97.426
279,1045.7,-0.074354,3.7881,-1.7114,23,24,0.12418,0.99345,-1.4865,2.7392,0.58828,12.121,104.21,6,trajectory,0.041077,1,0.13528,2.8017,1,running,0.023546,0.036086,0.43684,0.006435,0.068461,176.15,-0.0079257,0.048692,7.6434,-0.037259,0.042882,119.26,-0.0070727,0.027921,-132.59,-0.010345,0.036973,-44.352,-0.0032331,0.056387,-130.08,-0.015008,0.072643,-97.426
280,1045.8,-0.083608,3.7079,-1.661,23,24,0.12418,0.99345,-1.4865,2.6847,0.45158,9.5482,104.21,6,trajectory,0.041077,1,0.14255,2.7224,1,running,0.023546,0.036086,0.43684,0.006435,0.068461,176.15,-0.0079257,0.048692,7.6434,-0.037259,0.042882,119.26,-0.0070727,0.027921,-132.59,-0.010345,0.036973,-44.352,-0.0032331,0.056387,-130.08,-0.015008,0.072643,-97.426
281,1046,-0.089173,3.6255,-1.6166,23,24,0.12418,0.99345,-1.4865,2.6195,0.33352,7.2559,104.21,6,trajectory,0.041077,1,0.13388,2.6407,1,running,0.023546,0.036086,0.43684,0.006435,0.068461,176.15,-0.0079257,0.048692,7.6434,-0.037259,0.042882,119.26,-0.0070727,0.027921,-132.59,-0.010345,0.036973,-44.352,-0.0032331,0.056387,-130.08,-0.015008,0.072643,-97.426
282,1046.2,-0.091362,3.5408,-1.5779,23,24,0.12418,0.99345,-1.4865,2.5457,0.23369,5.2448,104.21,6,trajectory,0.041077,1,0.13494,2.5564,1,running,0.023546,0.036086,0.43684,0.006435,0.068461,176.15,-0.0079257,0.048692,7.6434,-0.037259,0.042882,119.26,-0.0070727,0.027921,-132.59,-0.010345,0.036973,-44.352,-0.0032331,0.056387,-130.08,-0.015008,0.072643,-97.426
283,1046.3,-0.090537,3.454,-1.5458,23,24,0.12418,0.99345,-1.4865,2.4651,0.15306,3.553,104.21,6,trajectory,0.041077,1,0.13479,2.4699,1,running,0.023546,0.036086,0.43683,0.006435,0.068461,176.15,-0.0079257,0.048692,7.6434,-0.037259,0.042882,119.26,-0.0070727,0.027921,-132.59,-0.010345,0.036973,-44.352,-0.0032331,0.056387,-130.08,-0.015008,0.072643,-97.426
284,1046.5,-0.087103,3.3653,-1.5196,23,24,0.12418,0.99345,-1.4865,2.3796,0.089571,2.1557,104.21,6,trajectory,0.041077,1,0.1338,2.3813,1,running,0.023546,0.036086,0.43684,0.006435,0.068461,176.15,-0.0079257,0.048692,7.6434,-0.037259,0.042882,119.26,-0.0070727,0.027921,-132.59,-0.010345,0.036973,-44.352,-0.0032331,0.056387,-130.08,-0.015008,0.072643,-97.426
285,1046.7,-0.081502,3.275,-1.4991,23,24,0.12418,0.99345,-1.4865,2.2905,0.041662,1.042,104.21,6,trajectory,0.041077,1,0.14415,2.2909,1,running,0.023546,0.036086,0.43684,0.006435,0.068461,176.15,-0.0079257,0.048692,7.6434,-0.037259,0.042882,119.26,-0.0070727,0.027921,-132.59,-0.010345,0.036973,-44.352,-0.0032331,0.056387,-130.08,-0.015008,0.072643,-97.426
286,1046.8,-0.073161,3.1717,-1.4827,23,24,0.12418,0.99345,-1.4865,2.1872,0.0049645,0.13005,104.21,6,trajectory,0.041077,1,0.13942,2.1872,1,running,0.023546,0.036086,0.43684,0.006435,0.068461,176.15,-0.0079257,0.048692,7.6434,-0.037259,0.042882,119.26,-0.0070727,0.027921,-132.59,-0.010345,0.036973,-44.352,-0.0032331,0.056387,-130.08,-0.015008,0.072643,-97.426
287,1047,-0.064469,3.0785,-1.4736,23,24,0.12418,0.99345,-1.4865,2.0935,-0.014475,-0.39616,104.21,6,trajectory,0.041077,1,0.13458,2.0936,1,running,0.023546,0.036086,0.43683,0.006435,0.068461,176.15,-0.0079257,0.048692,7.6434,-0.037259,0.042882,119.26,-0.0070727,0.027921,-132.59,-0.010345,0.036973,-44.352,-0.0032331,0.056387,-130.08,-0.015008,0.072643,-97.426
288,1047.1,-0.055007,2.9843,-1.4683,23,24,0.12418,0.99345,-1.4865,1.9987,-0.025527,-0.73173,104.21,6,trajectory,0.041077,1,0.13422,1.9989,1,running,0.023546,0.036086,0.43683,0.006435,0.068461,176.15,-0.0079257,0.048692,7.6434,-0.037259,0.042882,119.26,-0.0070727,0.027921,-132.59,-0.010345,0.036973,-44.352,-0.0032331,0.056387,-130.08,-0.015008,0.072643,-97.426
289,1047.3,-0.045096,2.8893,-1.4659,23,24,0.12418,0.99345,-1.4865,1.9032,-0.030176,-0.90838,104.21,6,trajectory,0.041077,1,0.14449,1.9034,1,running,0.023546,0.036086,0.43684,0.006435,0.068461,176.15,-0.0079257,0.048692,7.6434,-0.037259,0.042882,119.26,-0.0070727,0.027921,-132.59,-0.010345,0.036973,-44.352,-0.0032331,0.056387,-130.08,-0.015008,0.072643,-97.426
290,1047.5,-0.033793,2.7821,-1.466,23,24,0.12418,0.99345,-1.4865,1.7954,-0.030005,-0.95744,104.21,6,trajectory,0.041077,1,0.16886,1.7957,1,running,0.023546,0.036086,0.43684,0.006435,0.068461,176.15,-0.0079257,0.048692,7.6434,-0.037259,0.042882,119.26,-0.0070727,0.027921,-132.59,-0.010345,0.036973,-44.352,-0.0032331,0.056387,-130.08,-0.015008,0.072643,-97.426
