#0 building with "default" instance using docker driver

#1 [internal] load build definition from Dockerfile.ros1
#1 transferring dockerfile: 2.27kB done
#1 DONE 0.0s

#2 [auth] docker/dockerfile:pull token for registry-1.docker.io
#2 DONE 0.0s

#3 resolve image config for docker-image://docker.io/docker/dockerfile:1
#3 DONE 0.4s

#4 docker-image://docker.io/docker/dockerfile:1@sha256:4edf897a3ffa55b89f906fc8cc78afdb3f1834cc9c7083565e611a8a7d5fe99e
#4 resolve docker.io/docker/dockerfile:1@sha256:4edf897a3ffa55b89f906fc8cc78afdb3f1834cc9c7083565e611a8a7d5fe99e done
#4 extracting sha256:9d2b4f57f9e20f33279375ce25c6ff14f30f64270ed5c7b613b2b30256754f62
#4 sha256:4edf897a3ffa55b89f906fc8cc78afdb3f1834cc9c7083565e611a8a7d5fe99e 9.08kB / 9.08kB done
#4 sha256:7b32114e84ca21aeb2d6f871a0b62b3a0762193f75d9afd048ee4cbe889f3148 1.13kB / 1.13kB done
#4 sha256:528c92d70d7e39dbb3dd1c6681f6750c565c7e45b70527cda47c1a61495c1b6a 1.41kB / 1.41kB done
#4 sha256:9d2b4f57f9e20f33279375ce25c6ff14f30f64270ed5c7b613b2b30256754f62 14.28MB / 14.28MB 0.1s done
#4 extracting sha256:9d2b4f57f9e20f33279375ce25c6ff14f30f64270ed5c7b613b2b30256754f62 0.1s done
#4 DONE 0.2s

#5 [auth] library/ros:pull token for registry-1.docker.io
#5 DONE 0.0s

#6 [internal] load metadata for docker.io/library/ros:noetic-ros-base-focal
#6 DONE 0.3s

#7 [internal] load .dockerignore
#7 transferring context: 2B done
#7 DONE 0.0s

#8 [internal] load build context
#8 transferring context: 2.66MB 0.0s done
#8 DONE 0.0s

#9 [1/9] FROM docker.io/library/ros:noetic-ros-base-focal@sha256:72b8bc59035dc0a5b8e07aae28c16caa84192971d72d207c72ed734fb1d5e97d
#9 resolve docker.io/library/ros:noetic-ros-base-focal@sha256:72b8bc59035dc0a5b8e07aae28c16caa84192971d72d207c72ed734fb1d5e97d done
#9 sha256:72b8bc59035dc0a5b8e07aae28c16caa84192971d72d207c72ed734fb1d5e97d 4.01kB / 4.01kB done
#9 sha256:4f01fa743be43da0e14ddf2ac29b5118d9c0eb4057c9761c13303b8a52fa9c4f 2.90kB / 2.90kB done
#9 sha256:13b7e930469f6d3575a320709035c6acf6f5485a76abcf03d1b92a64c09c2476 27.51MB / 27.51MB 0.1s
#9 sha256:0da4792f7f416db06c00bc26bb845d00bd1c6f16f3e10a4c7d0031c91656aa3e 1.19MB / 1.19MB 0.1s done
#9 sha256:607ca0f020489b85d74ef5ae2f0ce8e901813af48008b0a622fc06cd41bf0d1b 5.07kB / 5.07kB done
#9 sha256:d20358ca2eb5aafdeb52607c52f0c03ee909a919235fc1041db00d58da1c59b6 9.98MB / 9.98MB 0.1s done
#9 sha256:5dce350d6ea44ccf7fac3a7bdda0989aca3a6b72ffbfc14104e3b18810c2de33 4.04kB / 4.04kB 0.1s done
#9 sha256:60ca0507171d76ea79443c6b48e8e4038c3555f8ca12aef4cd82ca0ca7a43786 279B / 279B 0.1s
#9 sha256:59cc10980325859d6423bbc515001cb577760dc73999bb2e18e811a24877c5cb 0B / 370.50MB 0.1s
#9 sha256:13b7e930469f6d3575a320709035c6acf6f5485a76abcf03d1b92a64c09c2476 27.51MB / 27.51MB 0.1s done
#9 sha256:60ca0507171d76ea79443c6b48e8e4038c3555f8ca12aef4cd82ca0ca7a43786 279B / 279B 0.1s done
#9 sha256:59cc10980325859d6423bbc515001cb577760dc73999bb2e18e811a24877c5cb 18.87MB / 370.50MB 0.2s
#9 extracting sha256:13b7e930469f6d3575a320709035c6acf6f5485a76abcf03d1b92a64c09c2476 0.1s
#9 sha256:6932d16c264574201be5a55ba79dd248dab8a2a0a32b8cdf30af3e1c5e86f806 196B / 196B 0.1s done
#9 sha256:ff0451913b17a56844e9c92165120da313434cba935ddb3353799081a241b27c 975.63kB / 975.63kB 0.2s done
#9 sha256:342ecf093a9124f383e5acc3a78d21be9e4f20515e24b2e0c8169a199d845c1c 18.87MB / 49.75MB 0.2s
#9 sha256:6c240714a1b7806b225c5f9dde0ab272ceaa47a40ac7b752cbe0370bbaf3976e 348.01kB / 348.01kB 0.2s done
#9 sha256:59cc10980325859d6423bbc515001cb577760dc73999bb2e18e811a24877c5cb 51.38MB / 370.50MB 0.3s
#9 sha256:342ecf093a9124f383e5acc3a78d21be9e4f20515e24b2e0c8169a199d845c1c 49.75MB / 49.75MB 0.3s
#9 sha256:59cc10980325859d6423bbc515001cb577760dc73999bb2e18e811a24877c5cb 92.27MB / 370.50MB 0.4s
#9 sha256:342ecf093a9124f383e5acc3a78d21be9e4f20515e24b2e0c8169a199d845c1c 49.75MB / 49.75MB 0.3s done
#9 sha256:59cc10980325859d6423bbc515001cb577760dc73999bb2e18e811a24877c5cb 134.22MB / 370.50MB 0.5s
#9 sha256:59cc10980325859d6423bbc515001cb577760dc73999bb2e18e811a24877c5cb 169.87MB / 370.50MB 0.6s
#9 sha256:59cc10980325859d6423bbc515001cb577760dc73999bb2e18e811a24877c5cb 211.21MB / 370.50MB 0.7s
#9 sha256:59cc10980325859d6423bbc515001cb577760dc73999bb2e18e811a24877c5cb 287.31MB / 370.50MB 0.9s
#9 sha256:59cc10980325859d6423bbc515001cb577760dc73999bb2e18e811a24877c5cb 325.19MB / 370.50MB 1.0s
#9 sha256:59cc10980325859d6423bbc515001cb577760dc73999bb2e18e811a24877c5cb 365.95MB / 370.50MB 1.1s
#9 extracting sha256:13b7e930469f6d3575a320709035c6acf6f5485a76abcf03d1b92a64c09c2476 1.1s done
#9 sha256:59cc10980325859d6423bbc515001cb577760dc73999bb2e18e811a24877c5cb 370.50MB / 370.50MB 1.7s done
#9 extracting sha256:0da4792f7f416db06c00bc26bb845d00bd1c6f16f3e10a4c7d0031c91656aa3e 0.1s
#9 extracting sha256:0da4792f7f416db06c00bc26bb845d00bd1c6f16f3e10a4c7d0031c91656aa3e 0.4s done
#9 extracting sha256:d20358ca2eb5aafdeb52607c52f0c03ee909a919235fc1041db00d58da1c59b6
#9 extracting sha256:d20358ca2eb5aafdeb52607c52f0c03ee909a919235fc1041db00d58da1c59b6 0.3s done
#9 extracting sha256:5dce350d6ea44ccf7fac3a7bdda0989aca3a6b72ffbfc14104e3b18810c2de33
#9 extracting sha256:5dce350d6ea44ccf7fac3a7bdda0989aca3a6b72ffbfc14104e3b18810c2de33 done
#9 extracting sha256:60ca0507171d76ea79443c6b48e8e4038c3555f8ca12aef4cd82ca0ca7a43786 done
#9 extracting sha256:59cc10980325859d6423bbc515001cb577760dc73999bb2e18e811a24877c5cb
#9 extracting sha256:59cc10980325859d6423bbc515001cb577760dc73999bb2e18e811a24877c5cb 5.1s
#9 extracting sha256:59cc10980325859d6423bbc515001cb577760dc73999bb2e18e811a24877c5cb 10.1s
#9 extracting sha256:59cc10980325859d6423bbc515001cb577760dc73999bb2e18e811a24877c5cb 15.1s
#9 extracting sha256:59cc10980325859d6423bbc515001cb577760dc73999bb2e18e811a24877c5cb 16.2s done
#9 extracting sha256:6932d16c264574201be5a55ba79dd248dab8a2a0a32b8cdf30af3e1c5e86f806
#9 extracting sha256:6932d16c264574201be5a55ba79dd248dab8a2a0a32b8cdf30af3e1c5e86f806 done
#9 extracting sha256:342ecf093a9124f383e5acc3a78d21be9e4f20515e24b2e0c8169a199d845c1c 0.1s
#9 extracting sha256:342ecf093a9124f383e5acc3a78d21be9e4f20515e24b2e0c8169a199d845c1c 1.0s done
#9 extracting sha256:6c240714a1b7806b225c5f9dde0ab272ceaa47a40ac7b752cbe0370bbaf3976e
#9 extracting sha256:6c240714a1b7806b225c5f9dde0ab272ceaa47a40ac7b752cbe0370bbaf3976e done
#9 extracting sha256:ff0451913b17a56844e9c92165120da313434cba935ddb3353799081a241b27c 0.1s
#9 extracting sha256:ff0451913b17a56844e9c92165120da313434cba935ddb3353799081a241b27c 0.2s done
#9 DONE 23.8s

#10 [2/9] RUN apt-get update && apt-get install -y --no-install-recommends python3-pip python3-yaml         ros-noetic-image-transport-plugins ros-noetic-rqt-image-view     && rm -rf /var/lib/apt/lists/*
#10 0.246 Get:1 http://archive.ubuntu.com/ubuntu focal InRelease [265 kB]
#10 0.318 Get:2 http://archive.ubuntu.com/ubuntu focal-updates InRelease [128 kB]
#10 0.336 Get:3 http://archive.ubuntu.com/ubuntu focal-backports InRelease [128 kB]
#10 0.430 Get:4 http://archive.ubuntu.com/ubuntu focal/restricted amd64 Packages [33.4 kB]
#10 0.438 Get:5 http://snapshots.ros.org/noetic/final/ubuntu focal InRelease [13.8 kB]
#10 0.451 Get:6 http://archive.ubuntu.com/ubuntu focal/multiverse amd64 Packages [177 kB]
#10 0.458 Get:7 http://archive.ubuntu.com/ubuntu focal/main amd64 Packages [1275 kB]
#10 0.469 Get:8 http://security.ubuntu.com/ubuntu focal-security InRelease [128 kB]
#10 0.490 Get:9 http://archive.ubuntu.com/ubuntu focal/universe amd64 Packages [11.3 MB]
#10 0.619 Get:10 http://archive.ubuntu.com/ubuntu focal-updates/universe amd64 Packages [1588 kB]
#10 0.639 Get:11 http://archive.ubuntu.com/ubuntu focal-updates/main amd64 Packages [4850 kB]
#10 0.673 Get:12 http://snapshots.ros.org/noetic/final/ubuntu focal/main amd64 Packages [1054 kB]
#10 0.694 Get:13 http://archive.ubuntu.com/ubuntu focal-updates/restricted amd64 Packages [4904 kB]
#10 0.730 Get:14 http://archive.ubuntu.com/ubuntu focal-updates/multiverse amd64 Packages [36.2 kB]
#10 0.731 Get:15 http://archive.ubuntu.com/ubuntu focal-backports/main amd64 Packages [54.7 kB]
#10 0.731 Get:16 http://archive.ubuntu.com/ubuntu focal-backports/universe amd64 Packages [28.4 kB]
#10 0.930 Get:17 http://security.ubuntu.com/ubuntu focal-security/main amd64 Packages [4368 kB]
#10 1.457 Get:18 http://security.ubuntu.com/ubuntu focal-security/restricted amd64 Packages [4710 kB]
#10 1.547 Get:19 http://security.ubuntu.com/ubuntu focal-security/multiverse amd64 Packages [32.5 kB]
#10 1.548 Get:20 http://security.ubuntu.com/ubuntu focal-security/universe amd64 Packages [1300 kB]
#10 2.211 Fetched 36.4 MB in 2s (18.3 MB/s)
#10 2.211 Reading package lists...
#10 3.238 Reading package lists...
#10 4.214 Building dependency tree...
#10 4.415 Reading state information...
#10 4.592 python3-yaml is already the newest version (5.3.1-1ubuntu0.1).
#10 4.592 python3-yaml set to manually installed.
#10 4.592 The following additional packages will be installed:
#10 4.592   adwaita-icon-theme dbus dbus-user-session dconf-gsettings-backend
#10 4.592   dconf-service fontconfig fontconfig-config fonts-dejavu-core gdal-data
#10 4.592   glib-networking glib-networking-common glib-networking-services
#10 4.592   gsettings-desktop-schemas gtk-update-icon-cache hicolor-icon-theme
#10 4.592   humanity-icon-theme iso-codes libaec0 libaom0 libapparmor1 libargon2-1
#10 4.592   libarmadillo9 libarpack2 libatk-bridge2.0-0 libatk1.0-0 libatk1.0-data
#10 4.592   libatspi2.0-0 libavahi-client3 libavahi-common-data libavahi-common3
#10 4.592   libavcodec-dev libavcodec58 libavformat-dev libavformat58 libavresample-dev
#10 4.592   libavresample4 libavutil-dev libavutil56 libbluray2 libcairo-gobject2
#10 4.592   libcairo2 libcap2 libcap2-bin libcfitsio8 libcharls2 libchromaprint1
#10 4.592   libclang1-10 libcodec2-0.9 libcolord2 libcryptsetup12 libcups2
#10 4.592   libcurl3-gnutls libdap25 libdapclient6v5 libdatrie1 libdbus-1-3 libdc1394-22
#10 4.592   libdc1394-22-dev libdconf1 libdevmapper1.02.1 libdouble-conversion3
#10 4.592   libdrm-amdgpu1 libdrm-common libdrm-intel1 libdrm-nouveau2 libdrm-radeon1
#10 4.592   libdrm2 libegl-mesa0 libegl1 libelf1 libepoxy0 libepsilon1 libevdev2
#10 4.592   libexif-dev libexif12 libfontconfig1 libfreetype6 libfreexl1 libfribidi0
#10 4.592   libfyba0 libgbm1 libgd3 libgdal26 libgdcm-dev libgdcm3.0 libgdk-pixbuf2.0-0
#10 4.592   libgdk-pixbuf2.0-common libgeos-3.8.0 libgeos-c1v5 libgeotiff5 libgif7
#10 4.592   libgl1 libgl1-mesa-dri libgl2ps1.4 libglapi-mesa libglvnd0 libglx-mesa0
#10 4.592   libglx0 libgme0 libgphoto2-6 libgphoto2-dev libgphoto2-port12 libgraphite2-3
#10 4.592   libgsm1 libgstreamer-plugins-base1.0-0 libgstreamer1.0-0 libgtk-3-0
#10 4.592   libgtk-3-common libgudev-1.0-0 libharfbuzz0b libhdf4-0-alt libhdf5-103
#10 4.592   libhdf5-openmpi-103 libice6 libilmbase-dev libilmbase24 libinput-bin
#10 4.592   libinput10 libip4tc2 libjbig-dev libjbig0 libjpeg-dev libjpeg-turbo8
#10 4.592   libjpeg-turbo8-dev libjpeg8 libjpeg8-dev libjson-c4 libjson-glib-1.0-0
#10 4.592   libjson-glib-1.0-common libkmlbase1 libkmldom1 libkmlengine1 libkmod2
#10 4.592   liblcms2-2 liblept5 libllvm10 libllvm12 liblzma-dev libminizip1 libmp3lame0
#10 4.592   libmpg123-0 libmtdev1 libnetcdf-c++4 libnetcdf15 libnspr4 libnss3 libogdi4.1
#10 4.592   libogg-dev libogg0 libopencv-calib3d-dev libopencv-calib3d4.2
#10 4.592   libopencv-contrib-dev libopencv-contrib4.2 libopencv-core-dev
#10 4.592   libopencv-core4.2 libopencv-dev libopencv-dnn-dev libopencv-dnn4.2
#10 4.592   libopencv-features2d-dev libopencv-features2d4.2 libopencv-flann-dev
#10 4.592   libopencv-flann4.2 libopencv-highgui-dev libopencv-highgui4.2
#10 4.592   libopencv-imgcodecs-dev libopencv-imgcodecs4.2 libopencv-imgproc-dev
#10 4.592   libopencv-imgproc4.2 libopencv-ml-dev libopencv-ml4.2
#10 4.592   libopencv-objdetect-dev libopencv-objdetect4.2 libopencv-photo-dev
#10 4.592   libopencv-photo4.2 libopencv-shape-dev libopencv-shape4.2
#10 4.592   libopencv-stitching-dev libopencv-stitching4.2 libopencv-superres-dev
#10 4.592   libopencv-superres4.2 libopencv-ts-dev libopencv-video-dev
#10 4.592   libopencv-video4.2 libopencv-videoio-dev libopencv-videoio4.2
#10 4.592   libopencv-videostab-dev libopencv-videostab4.2 libopencv-viz-dev
#10 4.592   libopencv-viz4.2 libopencv4.2-java libopencv4.2-jni libopenexr-dev
#10 4.592   libopenexr24 libopenjp2-7 libopenmpt0 libopus0 liborc-0.4-0 libpam-systemd
#10 4.592   libpango-1.0-0 libpangocairo-1.0-0 libpangoft2-1.0-0 libpcre2-16-0
#10 4.592   libpixman-1-0 libpng-dev libpng16-16 libpoppler97 libpq5 libproj15
#10 4.592   libprotobuf17 libproxy1v5 libpyside2-dev libpyside2-py3-5.14 libqhull7
#10 4.592   libqt5core5a libqt5dbus5 libqt5designer5 libqt5gui5 libqt5help5
#10 4.592   libqt5network5 libqt5printsupport5 libqt5qml5 libqt5sql5 libqt5svg5
#10 4.592   libqt5test5 libqt5widgets5 libqt5xml5 libraw1394-11 libraw1394-dev
#10 4.592   librest-0.7-0 librsvg2-2 librsvg2-common libsensors-config libsensors5
#10 4.592   libshiboken2-dev libshiboken2-py3-5.14 libshine3 libsm6 libsnappy1v5
#10 4.592   libsocket++1 libsoup-gnome2.4-1 libsoup2.4-1 libsoxr0 libspatialite7
#10 4.592   libspeex1 libssh-gcrypt-4 libsuperlu5 libswresample-dev libswresample3
#10 4.592   libswscale-dev libswscale5 libsz2 libtbb-dev libtbb2 libtesseract4
#10 4.592   libthai-data libthai0 libtheora-dev libtheora0 libtiff-dev libtiff5
#10 4.592   libtiffxx5 libtinyxml-dev libtinyxml2.6.2v5 libturbojpeg libturbojpeg0-dev
#10 4.592   libtwolame0 liburiparser1 libusb-1.0-0 libva-drm2 libva-x11-2 libva2
#10 4.592   libvdpau1 libvorbis0a libvorbisenc2 libvorbisfile3 libvpx6 libvtk6.3
#10 4.592   libvulkan1 libwacom-common libwacom2 libwavpack1 libwayland-client0
#10 4.592   libwayland-cursor0 libwayland-egl1 libwayland-server0 libwebp6 libwebpmux3
#10 4.592   libx11-xcb1 libx264-155 libx265-179 libxcb-dri2-0 libxcb-dri3-0 libxcb-glx0
#10 4.592   libxcb-icccm4 libxcb-image0 libxcb-keysyms1 libxcb-present0 libxcb-randr0
#10 4.592   libxcb-render-util0 libxcb-render0 libxcb-shape0 libxcb-shm0 libxcb-sync1
#10 4.592   libxcb-util1 libxcb-xfixes0 libxcb-xinerama0 libxcb-xinput0 libxcb-xkb1
#10 4.592   libxcomposite1 libxcursor1 libxdamage1 libxerces-c3.2 libxfixes3 libxi6
#10 4.592   libxinerama1 libxkbcommon-x11-0 libxkbcommon0 libxpm4 libxrandr2 libxrender1
#10 4.592   libxshmfence1 libxslt1.1 libxt6 libxvidcore4 libxxf86vm1 libzvbi-common
#10 4.593   libzvbi0 odbcinst odbcinst1debian2 proj-data pyqt5-dev python-pip-whl
#10 4.593   python3-opencv python3-pyqt5 python3-pyqt5.qtsvg python3-pyside2.qtcore
#10 4.593   python3-pyside2.qtgui python3-pyside2.qtsvg python3-pyside2.qtwidgets
#10 4.593   python3-sip python3-sip-dev python3-wheel
#10 4.593   ros-noetic-compressed-depth-image-transport
#10 4.593   ros-noetic-compressed-image-transport ros-noetic-cv-bridge
#10 4.593   ros-noetic-image-transport ros-noetic-python-qt-binding ros-noetic-qt-gui
#10 4.593   ros-noetic-qt-gui-cpp ros-noetic-rqt-gui ros-noetic-rqt-gui-cpp
#10 4.593   ros-noetic-theora-image-transport shared-mime-info shiboken2 sip-dev systemd
#10 4.593   systemd-sysv systemd-timesyncd tango-icon-theme ubuntu-mono ucf x11-common
#10 4.593   xkb-data
#10 4.594 Suggested packages:
#10 4.594   isoquery libbluray-bdj colord cups-common libgd-tools geotiff-bin gdal-bin
#10 4.594   libgeotiff-epsg gphoto2 libvisual-0.4-plugins gstreamer1.0-tools gvfs
#10 4.594   libhdf4-doc libhdf4-alt-dev hdf4-tools liblcms2-utils liblzma-doc ogdi-bin
#10 4.594   opencv-doc opus-tools proj-bin qt5-image-formats-plugins qtwayland5
#10 4.594   qt5-qmltooling-plugins libraw1394-doc librsvg2-bin lm-sensors speex
#10 4.594   libtbb-doc libtinyxml-doc python3-pyqt5-dbg python-pyside2-doc
#10 4.594   python-sip-doc systemd-container policykit-1 gnome-icon-theme kdelibs-data
#10 4.594 Recommended packages:
#10 4.594   at-spi2-core libaacs0 libpam-cap dmsetup libexif-doc proj-bin
#10 4.594   libgdk-pixbuf2.0-bin libgphoto2-l10n gstreamer1.0-plugins-base libgtk-3-bin
#10 4.594   opencv-data libpng-tools poppler-data qttranslations5-l10n
#10 4.594   qt5-gtk-platformtheme libqt5sql5-sqlite | libqt5sql5-mysql | libqt5sql5-odbc
#10 4.594   | libqt5sql5-psql | libqt5sql5-tds | libqt5sql5-ibase libraw1394-tools
#10 4.594   va-driver-all | va-driver vdpau-driver-all | vdpau-driver
#10 4.594   mesa-vulkan-drivers | vulkan-icd libwacom-bin networkd-dispatcher
#10 4.594   libnss-systemd
#10 5.351 The following NEW packages will be installed:
#10 5.351   adwaita-icon-theme dbus dbus-user-session dconf-gsettings-backend
#10 5.351   dconf-service fontconfig fontconfig-config fonts-dejavu-core gdal-data
#10 5.351   glib-networking glib-networking-common glib-networking-services
#10 5.352   gsettings-desktop-schemas gtk-update-icon-cache hicolor-icon-theme
#10 5.352   humanity-icon-theme iso-codes libaec0 libaom0 libapparmor1 libargon2-1
#10 5.352   libarmadillo9 libarpack2 libatk-bridge2.0-0 libatk1.0-0 libatk1.0-data
#10 5.352   libatspi2.0-0 libavahi-client3 libavahi-common-data libavahi-common3
#10 5.352   libavcodec-dev libavcodec58 libavformat-dev libavformat58 libavresample-dev
#10 5.352   libavresample4 libavutil-dev libavutil56 libbluray2 libcairo-gobject2
#10 5.352   libcairo2 libcap2 libcap2-bin libcfitsio8 libcharls2 libchromaprint1
#10 5.352   libclang1-10 libcodec2-0.9 libcolord2 libcryptsetup12 libcups2
#10 5.352   libcurl3-gnutls libdap25 libdapclient6v5 libdatrie1 libdbus-1-3 libdc1394-22
#10 5.352   libdc1394-22-dev libdconf1 libdevmapper1.02.1 libdouble-conversion3
#10 5.352   libdrm-amdgpu1 libdrm-common libdrm-intel1 libdrm-nouveau2 libdrm-radeon1
#10 5.352   libdrm2 libegl-mesa0 libegl1 libelf1 libepoxy0 libepsilon1 libevdev2
#10 5.352   libexif-dev libexif12 libfontconfig1 libfreetype6 libfreexl1 libfribidi0
#10 5.352   libfyba0 libgbm1 libgd3 libgdal26 libgdcm-dev libgdcm3.0 libgdk-pixbuf2.0-0
#10 5.352   libgdk-pixbuf2.0-common libgeos-3.8.0 libgeos-c1v5 libgeotiff5 libgif7
#10 5.352   libgl1 libgl1-mesa-dri libgl2ps1.4 libglapi-mesa libglvnd0 libglx-mesa0
#10 5.352   libglx0 libgme0 libgphoto2-6 libgphoto2-dev libgphoto2-port12 libgraphite2-3
#10 5.352   libgsm1 libgstreamer-plugins-base1.0-0 libgstreamer1.0-0 libgtk-3-0
#10 5.352   libgtk-3-common libgudev-1.0-0 libharfbuzz0b libhdf4-0-alt libhdf5-103
#10 5.352   libhdf5-openmpi-103 libice6 libilmbase-dev libilmbase24 libinput-bin
#10 5.352   libinput10 libip4tc2 libjbig-dev libjbig0 libjpeg-dev libjpeg-turbo8
#10 5.352   libjpeg-turbo8-dev libjpeg8 libjpeg8-dev libjson-c4 libjson-glib-1.0-0
#10 5.352   libjson-glib-1.0-common libkmlbase1 libkmldom1 libkmlengine1 libkmod2
#10 5.352   liblcms2-2 liblept5 libllvm10 libllvm12 liblzma-dev libminizip1 libmp3lame0
#10 5.352   libmpg123-0 libmtdev1 libnetcdf-c++4 libnetcdf15 libnspr4 libnss3 libogdi4.1
#10 5.352   libogg-dev libogg0 libopencv-calib3d-dev libopencv-calib3d4.2
#10 5.352   libopencv-contrib-dev libopencv-contrib4.2 libopencv-core-dev
#10 5.352   libopencv-core4.2 libopencv-dev libopencv-dnn-dev libopencv-dnn4.2
#10 5.352   libopencv-features2d-dev libopencv-features2d4.2 libopencv-flann-dev
#10 5.352   libopencv-flann4.2 libopencv-highgui-dev libopencv-highgui4.2
#10 5.352   libopencv-imgcodecs-dev libopencv-imgcodecs4.2 libopencv-imgproc-dev
#10 5.352   libopencv-imgproc4.2 libopencv-ml-dev libopencv-ml4.2
#10 5.352   libopencv-objdetect-dev libopencv-objdetect4.2 libopencv-photo-dev
#10 5.352   libopencv-photo4.2 libopencv-shape-dev libopencv-shape4.2
#10 5.352   libopencv-stitching-dev libopencv-stitching4.2 libopencv-superres-dev
#10 5.352   libopencv-superres4.2 libopencv-ts-dev libopencv-video-dev
#10 5.352   libopencv-video4.2 libopencv-videoio-dev libopencv-videoio4.2
#10 5.352   libopencv-videostab-dev libopencv-videostab4.2 libopencv-viz-dev
#10 5.352   libopencv-viz4.2 libopencv4.2-java libopencv4.2-jni libopenexr-dev
#10 5.352   libopenexr24 libopenjp2-7 libopenmpt0 libopus0 liborc-0.4-0 libpam-systemd
#10 5.352   libpango-1.0-0 libpangocairo-1.0-0 libpangoft2-1.0-0 libpcre2-16-0
#10 5.352   libpixman-1-0 libpng-dev libpng16-16 libpoppler97 libpq5 libproj15
#10 5.352   libprotobuf17 libproxy1v5 libpyside2-dev libpyside2-py3-5.14 libqhull7
#10 5.352   libqt5core5a libqt5dbus5 libqt5designer5 libqt5gui5 libqt5help5
#10 5.352   libqt5network5 libqt5printsupport5 libqt5qml5 libqt5sql5 libqt5svg5
#10 5.353   libqt5test5 libqt5widgets5 libqt5xml5 libraw1394-11 libraw1394-dev
#10 5.353   librest-0.7-0 librsvg2-2 librsvg2-common libsensors-config libsensors5
#10 5.353   libshiboken2-dev libshiboken2-py3-5.14 libshine3 libsm6 libsnappy1v5
#10 5.353   libsocket++1 libsoup-gnome2.4-1 libsoup2.4-1 libsoxr0 libspatialite7
#10 5.353   libspeex1 libssh-gcrypt-4 libsuperlu5 libswresample-dev libswresample3
#10 5.353   libswscale-dev libswscale5 libsz2 libtbb-dev libtbb2 libtesseract4
#10 5.353   libthai-data libthai0 libtheora-dev libtheora0 libtiff-dev libtiff5
#10 5.353   libtiffxx5 libtinyxml-dev libtinyxml2.6.2v5 libturbojpeg libturbojpeg0-dev
#10 5.353   libtwolame0 liburiparser1 libusb-1.0-0 libva-drm2 libva-x11-2 libva2
#10 5.353   libvdpau1 libvorbis0a libvorbisenc2 libvorbisfile3 libvpx6 libvtk6.3
#10 5.353   libvulkan1 libwacom-common libwacom2 libwavpack1 libwayland-client0
#10 5.353   libwayland-cursor0 libwayland-egl1 libwayland-server0 libwebp6 libwebpmux3
#10 5.353   libx11-xcb1 libx264-155 libx265-179 libxcb-dri2-0 libxcb-dri3-0 libxcb-glx0
#10 5.353   libxcb-icccm4 libxcb-image0 libxcb-keysyms1 libxcb-present0 libxcb-randr0
#10 5.353   libxcb-render-util0 libxcb-render0 libxcb-shape0 libxcb-shm0 libxcb-sync1
#10 5.353   libxcb-util1 libxcb-xfixes0 libxcb-xinerama0 libxcb-xinput0 libxcb-xkb1
#10 5.353   libxcomposite1 libxcursor1 libxdamage1 libxerces-c3.2 libxfixes3 libxi6
#10 5.353   libxinerama1 libxkbcommon-x11-0 libxkbcommon0 libxpm4 libxrandr2 libxrender1
#10 5.353   libxshmfence1 libxslt1.1 libxt6 libxvidcore4 libxxf86vm1 libzvbi-common
#10 5.353   libzvbi0 odbcinst odbcinst1debian2 proj-data pyqt5-dev python-pip-whl
#10 5.353   python3-opencv python3-pip python3-pyqt5 python3-pyqt5.qtsvg
#10 5.353   python3-pyside2.qtcore python3-pyside2.qtgui python3-pyside2.qtsvg
#10 5.354   python3-pyside2.qtwidgets python3-sip python3-sip-dev python3-wheel
#10 5.354   ros-noetic-compressed-depth-image-transport
#10 5.354   ros-noetic-compressed-image-transport ros-noetic-cv-bridge
#10 5.354   ros-noetic-image-transport ros-noetic-image-transport-plugins
#10 5.354   ros-noetic-python-qt-binding ros-noetic-qt-gui ros-noetic-qt-gui-cpp
#10 5.354   ros-noetic-rqt-gui ros-noetic-rqt-gui-cpp ros-noetic-rqt-image-view
#10 5.354   ros-noetic-theora-image-transport shared-mime-info shiboken2 sip-dev systemd
#10 5.354   systemd-sysv systemd-timesyncd tango-icon-theme ubuntu-mono ucf x11-common
#10 5.354   xkb-data
#10 5.425 0 upgraded, 366 newly installed, 0 to remove and 16 not upgraded.
#10 5.425 Need to get 211 MB of archives.
#10 5.425 After this operation, 1294 MB of additional disk space will be used.
#10 5.425 Get:1 http://archive.ubuntu.com/ubuntu focal-updates/main amd64 libapparmor1 amd64 2.13.3-7ubuntu5.4 [36.0 kB]
#10 5.458 Get:2 http://archive.ubuntu.com/ubuntu focal-updates/main amd64 libcap2 amd64 1:2.32-1ubuntu0.2 [15.7 kB]
#10 5.462 Get:3 http://archive.ubuntu.com/ubuntu focal/main amd64 libargon2-1 amd64 0~20171227-0.2 [19.2 kB]
#10 5.468 Get:4 http://archive.ubuntu.com/ubuntu focal/main amd64 libdevmapper1.02.1 amd64 2:1.02.167-1ubuntu1 [127 kB]
#10 5.492 Get:5 http://archive.ubuntu.com/ubuntu focal-updates/main amd64 libjson-c4 amd64 0.13.1+dfsg-7ubuntu0.3 [29.3 kB]
#10 5.494 Get:6 http://archive.ubuntu.com/ubuntu focal-updates/main amd64 libcryptsetup12 amd64 2:2.2.2-3ubuntu2.5 [166 kB]
#10 5.507 Get:7 http://archive.ubuntu.com/ubuntu focal-updates/main amd64 libip4tc2 amd64 1.8.4-3ubuntu2.1 [19.1 kB]
#10 5.508 Get:8 http://archive.ubuntu.com/ubuntu focal-updates/main amd64 libkmod2 amd64 27-1ubuntu2.1 [45.3 kB]
#10 5.510 Get:9 http://archive.ubuntu.com/ubuntu focal-updates/main amd64 systemd-timesyncd amd64 245.4-4ubuntu3.24 [28.1 kB]
#10 5.512 Get:10 http://archive.ubuntu.com/ubuntu focal-updates/main amd64 systemd amd64 245.4-4ubuntu3.24 [3815 kB]
#10 5.563 Get:11 http://archive.ubuntu.com/ubuntu focal-updates/main amd64 systemd-sysv amd64 245.4-4ubuntu3.24 [10.3 kB]
#10 5.563 Get:12 http://archive.ubuntu.com/ubuntu focal/universe amd64 libdouble-conversion3 amd64 3.1.5-4ubuntu1 [37.9 kB]
#10 5.564 Get:13 http://archive.ubuntu.com/ubuntu focal-updates/main amd64 libpcre2-16-0 amd64 10.34-7ubuntu0.1 [181 kB]
#10 5.566 Get:14 http://archive.ubuntu.com/ubuntu focal-updates/universe amd64 libqt5core5a amd64 5.12.8+dfsg-0ubuntu2.1 [2006 kB]
#10 5.583 Get:15 http://archive.ubuntu.com/ubuntu focal/main amd64 libpng16-16 amd64 1.6.37-2 [179 kB]
#10 5.585 Get:16 http://archive.ubuntu.com/ubuntu focal-updates/main amd64 libfreetype6 amd64 2.10.1-2ubuntu0.4 [341 kB]
#10 5.588 Get:17 http://archive.ubuntu.com/ubuntu focal/main amd64 ucf all 3.0038+nmu1 [51.6 kB]
#10 5.589 Get:18 http://archive.ubuntu.com/ubuntu focal/main amd64 fonts-dejavu-core all 2.37-1 [1041 kB]
#10 5.596 Get:19 http://archive.ubuntu.com/ubuntu focal/main amd64 fontconfig-config all 2.13.1-2ubuntu3 [28.8 kB]
#10 5.597 Get:20 http://archive.ubuntu.com/ubuntu focal/main amd64 libfontconfig1 amd64 2.13.1-2ubuntu3 [114 kB]
#10 5.598 Get:21 http://archive.ubuntu.com/ubuntu focal/main amd64 fontconfig amd64 2.13.1-2ubuntu3 [171 kB]
#10 5.600 Get:22 http://archive.ubuntu.com/ubuntu focal-updates/main amd64 libdrm-common all 2.4.107-8ubuntu1~20.04.2 [5396 B]
#10 5.600 Get:23 http://archive.ubuntu.com/ubuntu focal-updates/main amd64 libdrm2 amd64 2.4.107-8ubuntu1~20.04.2 [34.1 kB]
#10 5.603 Get:24 http://archive.ubuntu.com/ubuntu focal-updates/main amd64 libglvnd0 amd64 1.3.2-1~ubuntu0.20.04.2 [48.1 kB]
#10 5.604 Get:25 http://archive.ubuntu.com/ubuntu focal-updates/main amd64 libwayland-server0 amd64 1.18.0-1ubuntu0.1 [31.3 kB]
#10 5.605 Get:26 http://archive.ubuntu.com/ubuntu focal-updates/main amd64 libgbm1 amd64 21.2.6-0ubuntu0.1~20.04.2 [29.2 kB]
#10 5.605 Get:27 http://archive.ubuntu.com/ubuntu focal-updates/main amd64 libglapi-mesa amd64 21.2.6-0ubuntu0.1~20.04.2 [27.4 kB]
#10 5.617 Get:28 http://archive.ubuntu.com/ubuntu focal-updates/main amd64 libwayland-client0 amd64 1.18.0-1ubuntu0.1 [23.9 kB]
#10 5.617 Get:29 http://archive.ubuntu.com/ubuntu focal-updates/main amd64 libx11-xcb1 amd64 2:1.6.9-2ubuntu1.6 [9448 B]
#10 5.618 Get:30 http://archive.ubuntu.com/ubuntu focal/main amd64 libxcb-dri2-0 amd64 1.14-2 [6920 B]
#10 5.618 Get:31 http://archive.ubuntu.com/ubuntu focal/main amd64 libxcb-dri3-0 amd64 1.14-2 [6552 B]
#10 5.619 Get:32 http://archive.ubuntu.com/ubuntu focal/main amd64 libxcb-present0 amd64 1.14-2 [5560 B]
#10 5.619 Get:33 http://archive.ubuntu.com/ubuntu focal/main amd64 libxcb-sync1 amd64 1.14-2 [8884 B]
#10 5.630 Get:34 http://archive.ubuntu.com/ubuntu focal/main amd64 libxcb-xfixes0 amd64 1.14-2 [9296 B]
#10 5.631 Get:35 http://archive.ubuntu.com/ubuntu focal/main amd64 libxshmfence1 amd64 1.3-1 [5028 B]
#10 5.631 Get:36 http://archive.ubuntu.com/ubuntu focal-updates/main amd64 libegl-mesa0 amd64 21.2.6-0ubuntu0.1~20.04.2 [96.3 kB]
#10 5.632 Get:37 http://archive.ubuntu.com/ubuntu focal-updates/main amd64 libegl1 amd64 1.3.2-1~ubuntu0.20.04.2 [31.9 kB]
#10 5.644 Get:38 http://archive.ubuntu.com/ubuntu focal/main amd64 libxcb-glx0 amd64 1.14-2 [22.1 kB]
#10 5.645 Get:39 http://archive.ubuntu.com/ubuntu focal/main amd64 libxcb-shm0 amd64 1.14-2 [5584 B]
#10 5.645 Get:40 http://archive.ubuntu.com/ubuntu focal/main amd64 libxfixes3 amd64 1:5.0.3-2 [10.9 kB]
#10 5.646 Get:41 http://archive.ubuntu.com/ubuntu focal/main amd64 libxxf86vm1 amd64 1:1.1.4-1build1 [10.2 kB]
#10 5.646 Get:42 http://archive.ubuntu.com/ubuntu focal-updates/main amd64 libdrm-amdgpu1 amd64 2.4.107-8ubuntu1~20.04.2 [18.6 kB]
#10 5.647 Get:43 http://archive.ubuntu.com/ubuntu focal-updates/main amd64 libdrm-intel1 amd64 2.4.107-8ubuntu1~20.04.2 [60.3 kB]
#10 5.658 Get:44 http://archive.ubuntu.com/ubuntu focal-updates/main amd64 libdrm-nouveau2 amd64 2.4.107-8ubuntu1~20.04.2 [16.6 kB]
#10 5.659 Get:45 http://archive.ubuntu.com/ubuntu focal-updates/main amd64 libdrm-radeon1 amd64 2.4.107-8ubuntu1~20.04.2 [19.7 kB]
#10 5.659 Get:46 http://archive.ubuntu.com/ubuntu focal-updates/main amd64 libelf1 amd64 0.176-1.1ubuntu0.1 [44.2 kB]
#10 5.660 Get:47 http://archive.ubuntu.com/ubuntu focal-updates/main amd64 libllvm12 amd64 1:12.0.0-3ubuntu1~20.04.5 [18.8 MB]
#10 5.824 Get:48 http://archive.ubuntu.com/ubuntu focal-updates/main amd64 libsensors-config all 1:3.6.0-2ubuntu1.1 [6052 B]
#10 5.824 Get:49 http://archive.ubuntu.com/ubuntu focal-updates/main amd64 libsensors5 amd64 1:3.6.0-2ubuntu1.1 [27.2 kB]
#10 5.824 Get:50 http://archive.ubuntu.com/ubuntu focal/main amd64 libvulkan1 amd64 1.2.131.2-1 [93.3 kB]
#10 5.825 Get:51 http://archive.ubuntu.com/ubuntu focal-updates/main amd64 libgl1-mesa-dri amd64 21.2.6-0ubuntu0.1~20.04.2 [11.0 MB]
#10 5.919 Get:52 http://archive.ubuntu.com/ubuntu focal-updates/main amd64 libglx-mesa0 amd64 21.2.6-0ubuntu0.1~20.04.2 [137 kB]
#10 5.920 Get:53 http://archive.ubuntu.com/ubuntu focal-updates/main amd64 libglx0 amd64 1.3.2-1~ubuntu0.20.04.2 [32.5 kB]
#10 5.921 Get:54 http://archive.ubuntu.com/ubuntu focal-updates/main amd64 libgl1 amd64 1.3.2-1~ubuntu0.20.04.2 [85.8 kB]
#10 5.922 Get:55 http://archive.ubuntu.com/ubuntu focal/main amd64 libgraphite2-3 amd64 1.3.13-11build1 [73.5 kB]
#10 5.923 Get:56 http://archive.ubuntu.com/ubuntu focal-updates/main amd64 libharfbuzz0b amd64 2.6.4-1ubuntu4.3 [391 kB]
#10 5.927 Get:57 http://archive.ubuntu.com/ubuntu focal/main amd64 x11-common all 1:7.7+19ubuntu14 [22.3 kB]
#10 5.927 Get:58 http://archive.ubuntu.com/ubuntu focal/main amd64 libice6 amd64 2:1.0.10-0ubuntu1 [41.0 kB]
#10 5.928 Get:59 http://archive.ubuntu.com/ubuntu focal-updates/main amd64 libevdev2 amd64 1.9.0+dfsg-1ubuntu0.2 [31.6 kB]
#10 5.928 Get:60 http://archive.ubuntu.com/ubuntu focal/main amd64 libmtdev1 amd64 1.1.5-1.1 [14.2 kB]
#10 5.933 Get:61 http://archive.ubuntu.com/ubuntu focal/main amd64 libgudev-1.0-0 amd64 1:233-1 [14.0 kB]
#10 5.947 Get:62 http://archive.ubuntu.com/ubuntu focal-updates/main amd64 libwacom-common all 1.3-2ubuntu3 [45.3 kB]
#10 5.947 Get:63 http://archive.ubuntu.com/ubuntu focal-updates/main amd64 libwacom2 amd64 1.3-2ubuntu3 [20.0 kB]
#10 5.948 Get:64 http://archive.ubuntu.com/ubuntu focal-updates/main amd64 libinput-bin amd64 1.15.5-1ubuntu0.3 [19.3 kB]
#10 5.949 Get:65 http://archive.ubuntu.com/ubuntu focal-updates/main amd64 libinput10 amd64 1.15.5-1ubuntu0.3 [112 kB]
#10 5.950 Get:66 http://archive.ubuntu.com/ubuntu focal-updates/main amd64 libjpeg-turbo8 amd64 2.0.3-0ubuntu1.20.04.3 [118 kB]
#10 5.952 Get:67 http://archive.ubuntu.com/ubuntu focal/main amd64 libjpeg8 amd64 8c-2ubuntu8 [2194 B]
#10 5.952 Get:68 http://archive.ubuntu.com/ubuntu focal-updates/main amd64 libdbus-1-3 amd64 1.12.16-2ubuntu2.3 [179 kB]
#10 5.954 Get:69 http://archive.ubuntu.com/ubuntu focal-updates/universe amd64 libqt5dbus5 amd64 5.12.8+dfsg-0ubuntu2.1 [208 kB]
#10 5.956 Get:70 http://archive.ubuntu.com/ubuntu focal-updates/universe amd64 libqt5network5 amd64 5.12.8+dfsg-0ubuntu2.1 [673 kB]
#10 5.962 Get:71 http://archive.ubuntu.com/ubuntu focal/main amd64 libsm6 amd64 2:1.2.3-1 [16.1 kB]
#10 5.974 Get:72 http://archive.ubuntu.com/ubuntu focal/main amd64 libxcb-icccm4 amd64 0.4.1-1.1 [10.8 kB]
#10 5.974 Get:73 http://archive.ubuntu.com/ubuntu focal/main amd64 libxcb-util1 amd64 0.4.0-0ubuntu3 [11.2 kB]
#10 5.975 Get:74 http://archive.ubuntu.com/ubuntu focal/main amd64 libxcb-image0 amd64 0.4.0-1build1 [12.3 kB]
#10 5.975 Get:75 http://archive.ubuntu.com/ubuntu focal/main amd64 libxcb-keysyms1 amd64 0.4.0-1build1 [8452 B]
#10 5.976 Get:76 http://archive.ubuntu.com/ubuntu focal/main amd64 libxcb-randr0 amd64 1.14-2 [16.3 kB]
#10 5.976 Get:77 http://archive.ubuntu.com/ubuntu focal/main amd64 libxcb-render0 amd64 1.14-2 [14.8 kB]
#10 5.976 Get:78 http://archive.ubuntu.com/ubuntu focal/main amd64 libxcb-render-util0 amd64 0.3.9-1build1 [9912 B]
#10 5.977 Get:79 http://archive.ubuntu.com/ubuntu focal/main amd64 libxcb-shape0 amd64 1.14-2 [5928 B]
#10 5.987 Get:80 http://archive.ubuntu.com/ubuntu focal/main amd64 libxcb-xinerama0 amd64 1.14-2 [5260 B]
#10 5.988 Get:81 http://archive.ubuntu.com/ubuntu focal/main amd64 libxcb-xinput0 amd64 1.14-2 [29.3 kB]
#10 5.988 Get:82 http://snapshots.ros.org/noetic/final/ubuntu focal/main amd64 ros-noetic-cv-bridge amd64 1.16.2-1focal.20250519.235655 [91.3 kB]
#10 6.000 Get:83 http://snapshots.ros.org/noetic/final/ubuntu focal/main amd64 ros-noetic-image-transport amd64 1.12.1-1focal.20250519.235437 [247 kB]
#10 6.000 Get:84 http://archive.ubuntu.com/ubuntu focal/main amd64 libxcb-xkb1 amd64 1.14-2 [29.6 kB]
#10 6.001 Get:85 http://archive.ubuntu.com/ubuntu focal/main amd64 xkb-data all 2.29-2 [349 kB]
#10 6.004 Get:86 http://archive.ubuntu.com/ubuntu focal/main amd64 libxkbcommon0 amd64 0.10.0-1 [98.4 kB]
#10 6.005 Get:87 http://archive.ubuntu.com/ubuntu focal/main amd64 libxkbcommon-x11-0 amd64 0.10.0-1 [13.4 kB]
#10 6.006 Get:88 http://archive.ubuntu.com/ubuntu focal/main amd64 libxrender1 amd64 1:0.9.10-1 [18.7 kB]
#10 6.007 Get:89 http://archive.ubuntu.com/ubuntu focal-updates/universe amd64 libqt5gui5 amd64 5.12.8+dfsg-0ubuntu2.1 [2971 kB]
#10 6.009 Get:90 http://snapshots.ros.org/noetic/final/ubuntu focal/main amd64 ros-noetic-compressed-depth-image-transport amd64 1.15.0-1focal.20250521.004155 [93.9 kB]
#10 6.011 Get:91 http://snapshots.ros.org/noetic/final/ubuntu focal/main amd64 ros-noetic-compressed-image-transport amd64 1.15.0-1focal.20250521.004234 [104 kB]
#10 6.016 Get:92 http://snapshots.ros.org/noetic/final/ubuntu focal/main amd64 ros-noetic-theora-image-transport amd64 1.15.0-1focal.20250521.004408 [127 kB]
#10 6.020 Get:93 http://snapshots.ros.org/noetic/final/ubuntu focal/main amd64 ros-noetic-image-transport-plugins amd64 1.15.0-1focal.20250521.012022 [2932 B]
#10 6.029 Get:94 http://snapshots.ros.org/noetic/final/ubuntu focal/main amd64 ros-noetic-python-qt-binding amd64 0.4.6-1focal.20250426.201332 [19.1 kB]
#10 6.033 Get:95 http://snapshots.ros.org/noetic/final/ubuntu focal/main amd64 ros-noetic-qt-gui amd64 0.4.5-1focal.20250426.202313 [98.2 kB]
#10 6.034 Get:96 http://archive.ubuntu.com/ubuntu focal-updates/universe amd64 libqt5widgets5 amd64 5.12.8+dfsg-0ubuntu2.1 [2295 kB]
#10 6.050 Get:97 http://snapshots.ros.org/noetic/final/ubuntu focal/main amd64 ros-noetic-qt-gui-cpp amd64 0.4.5-1focal.20250427.060425 [236 kB]
#10 6.054 Get:98 http://snapshots.ros.org/noetic/final/ubuntu focal/main amd64 ros-noetic-rqt-gui amd64 0.5.5-1focal.20250519.232427 [94.7 kB]
#10 6.056 Get:99 http://archive.ubuntu.com/ubuntu focal/universe amd64 libqt5svg5 amd64 5.12.8-0ubuntu1 [131 kB]
#10 6.057 Get:100 http://archive.ubuntu.com/ubuntu focal-updates/main amd64 dbus amd64 1.12.16-2ubuntu2.3 [151 kB]
#10 6.057 Get:101 http://snapshots.ros.org/noetic/final/ubuntu focal/main amd64 ros-noetic-rqt-gui-cpp amd64 0.5.5-1focal.20250519.232315 [85.5 kB]
#10 6.059 Get:102 http://archive.ubuntu.com/ubuntu focal-updates/main amd64 libcap2-bin amd64 1:2.32-1ubuntu0.2 [26.2 kB]
#10 6.060 Get:103 http://archive.ubuntu.com/ubuntu focal-updates/main amd64 libfribidi0 amd64 1.0.8-2ubuntu0.1 [24.2 kB]
#10 6.061 Get:104 http://archive.ubuntu.com/ubuntu focal-updates/main amd64 libpam-systemd amd64 245.4-4ubuntu3.24 [186 kB]
#10 6.061 Get:105 http://snapshots.ros.org/noetic/final/ubuntu focal/main amd64 ros-noetic-rqt-image-view amd64 0.4.19-1focal.20250520.001352 [54.3 kB]
#10 6.063 Get:106 http://archive.ubuntu.com/ubuntu focal/main amd64 shared-mime-info amd64 1.15-1 [430 kB]
#10 6.066 Get:107 http://archive.ubuntu.com/ubuntu focal/main amd64 iso-codes all 4.4-1 [2695 kB]
#10 6.084 Get:108 http://archive.ubuntu.com/ubuntu focal/main amd64 libusb-1.0-0 amd64 2:1.0.23-2build1 [46.5 kB]
#10 6.084 Get:109 http://archive.ubuntu.com/ubuntu focal/main amd64 hicolor-icon-theme all 0.17-2 [9976 B]
#10 6.085 Get:110 http://archive.ubuntu.com/ubuntu focal-updates/main amd64 libjbig0 amd64 2.1-3.1ubuntu0.20.04.1 [27.3 kB]
#10 6.086 Get:111 http://archive.ubuntu.com/ubuntu focal-updates/main amd64 libwebp6 amd64 0.6.1-2ubuntu0.20.04.3 [185 kB]
#10 6.088 Get:112 http://archive.ubuntu.com/ubuntu focal-updates/main amd64 libtiff5 amd64 4.1.0+git191117-2ubuntu0.20.04.14 [164 kB]
#10 6.089 Get:113 http://archive.ubuntu.com/ubuntu focal-updates/main amd64 libgdk-pixbuf2.0-common all 2.40.0+dfsg-3ubuntu0.5 [4628 B]
#10 6.117 Get:114 http://archive.ubuntu.com/ubuntu focal-updates/main amd64 libgdk-pixbuf2.0-0 amd64 2.40.0+dfsg-3ubuntu0.5 [169 kB]
#10 6.184 Get:115 http://archive.ubuntu.com/ubuntu focal-updates/main amd64 gtk-update-icon-cache amd64 3.24.20-0ubuntu1.2 [28.3 kB]
#10 6.185 Get:116 http://archive.ubuntu.com/ubuntu focal-updates/main amd64 libpixman-1-0 amd64 0.38.4-0ubuntu2.1 [227 kB]
#10 6.201 Get:117 http://archive.ubuntu.com/ubuntu focal/main amd64 libcairo2 amd64 1.16.0-4ubuntu1 [583 kB]
#10 6.221 Get:118 http://archive.ubuntu.com/ubuntu focal/main amd64 libcairo-gobject2 amd64 1.16.0-4ubuntu1 [17.2 kB]
#10 6.222 Get:119 http://archive.ubuntu.com/ubuntu focal/main amd64 libthai-data all 0.1.28-3 [134 kB]
#10 6.224 Get:120 http://archive.ubuntu.com/ubuntu focal/main amd64 libdatrie1 amd64 0.2.12-3 [18.7 kB]
#10 6.225 Get:121 http://archive.ubuntu.com/ubuntu focal/main amd64 libthai0 amd64 0.1.28-3 [18.1 kB]
#10 6.225 Get:122 http://archive.ubuntu.com/ubuntu focal/main amd64 libpango-1.0-0 amd64 1.44.7-2ubuntu4 [162 kB]
#10 6.228 Get:123 http://archive.ubuntu.com/ubuntu focal/main amd64 libpangoft2-1.0-0 amd64 1.44.7-2ubuntu4 [34.9 kB]
#10 6.229 Get:124 http://archive.ubuntu.com/ubuntu focal/main amd64 libpangocairo-1.0-0 amd64 1.44.7-2ubuntu4 [24.8 kB]
#10 6.230 Get:125 http://archive.ubuntu.com/ubuntu focal-updates/main amd64 librsvg2-2 amd64 2.48.9-1ubuntu0.20.04.4 [2313 kB]
#10 6.252 Get:126 http://archive.ubuntu.com/ubuntu focal-updates/main amd64 librsvg2-common amd64 2.48.9-1ubuntu0.20.04.4 [9224 B]
#10 6.252 Get:127 http://archive.ubuntu.com/ubuntu focal/main amd64 humanity-icon-theme all 0.6.15 [1250 kB]
#10 6.261 Get:128 http://archive.ubuntu.com/ubuntu focal/main amd64 ubuntu-mono all 19.04-0ubuntu3 [147 kB]
#10 6.263 Get:129 http://archive.ubuntu.com/ubuntu focal-updates/main amd64 adwaita-icon-theme all 3.36.1-2ubuntu0.20.04.2 [3441 kB]
#10 6.291 Get:130 http://archive.ubuntu.com/ubuntu focal-updates/main amd64 dbus-user-session amd64 1.12.16-2ubuntu2.3 [9424 B]
#10 6.291 Get:131 http://archive.ubuntu.com/ubuntu focal/main amd64 libdconf1 amd64 0.36.0-1 [37.4 kB]
#10 6.292 Get:132 http://archive.ubuntu.com/ubuntu focal/main amd64 dconf-service amd64 0.36.0-1 [29.8 kB]
#10 6.292 Get:133 http://archive.ubuntu.com/ubuntu focal/main amd64 dconf-gsettings-backend amd64 0.36.0-1 [22.5 kB]
#10 6.293 Get:134 http://archive.ubuntu.com/ubuntu focal/universe amd64 gdal-data all 3.0.4+dfsg-1build3 [186 kB]
#10 6.294 Get:135 http://archive.ubuntu.com/ubuntu focal-updates/main amd64 libproxy1v5 amd64 0.4.15-10ubuntu1.2 [49.1 kB]
#10 6.295 Get:136 http://archive.ubuntu.com/ubuntu focal-updates/main amd64 glib-networking-common all 2.64.2-1ubuntu0.1 [5040 B]
#10 6.295 Get:137 http://archive.ubuntu.com/ubuntu focal-updates/main amd64 glib-networking-services amd64 2.64.2-1ubuntu0.1 [10.6 kB]
#10 6.296 Get:138 http://archive.ubuntu.com/ubuntu focal/main amd64 gsettings-desktop-schemas all 3.36.0-1ubuntu1 [29.0 kB]
#10 6.305 Get:139 http://archive.ubuntu.com/ubuntu focal-updates/main amd64 glib-networking amd64 2.64.2-1ubuntu0.1 [58.2 kB]
#10 6.318 Get:140 http://archive.ubuntu.com/ubuntu focal/universe amd64 libaec0 amd64 1.0.4-1 [19.1 kB]
#10 6.319 Get:141 http://archive.ubuntu.com/ubuntu focal-updates/universe amd64 libaom0 amd64 1.0.0.errata1-3+deb11u1ubuntu0.1 [1161 kB]
#10 6.328 Get:142 http://archive.ubuntu.com/ubuntu focal/universe amd64 libarpack2 amd64 3.7.0-3 [92.8 kB]
#10 6.329 Get:143 http://archive.ubuntu.com/ubuntu focal/universe amd64 libsuperlu5 amd64 5.2.1+dfsg1-4 [159 kB]
#10 6.331 Get:144 http://archive.ubuntu.com/ubuntu focal/universe amd64 libarmadillo9 amd64 1:9.800.4+dfsg-1build1 [93.2 kB]
#10 6.335 Get:145 http://archive.ubuntu.com/ubuntu focal/main amd64 libatk1.0-data all 2.35.1-1ubuntu2 [2964 B]
#10 6.335 Get:146 http://archive.ubuntu.com/ubuntu focal/main amd64 libatk1.0-0 amd64 2.35.1-1ubuntu2 [45.5 kB]
#10 6.335 Get:147 http://archive.ubuntu.com/ubuntu focal/main amd64 libatspi2.0-0 amd64 2.36.0-2 [64.2 kB]
#10 6.335 Get:148 http://archive.ubuntu.com/ubuntu focal-updates/main amd64 libatk-bridge2.0-0 amd64 2.34.2-0ubuntu2~20.04.1 [58.2 kB]
#10 6.335 Get:149 http://archive.ubuntu.com/ubuntu focal-updates/main amd64 libavahi-common-data amd64 0.7-4ubuntu7.3 [21.4 kB]
#10 6.345 Get:150 http://archive.ubuntu.com/ubuntu focal-updates/main amd64 libavahi-common3 amd64 0.7-4ubuntu7.3 [21.9 kB]
#10 6.346 Get:151 http://archive.ubuntu.com/ubuntu focal-updates/main amd64 libavahi-client3 amd64 0.7-4ubuntu7.3 [25.5 kB]
#10 6.346 Get:152 http://archive.ubuntu.com/ubuntu focal/universe amd64 libva2 amd64 2.7.0-2 [53.5 kB]
#10 6.358 Get:153 http://archive.ubuntu.com/ubuntu focal/universe amd64 libva-drm2 amd64 2.7.0-2 [7044 B]
#10 6.359 Get:154 http://archive.ubuntu.com/ubuntu focal/universe amd64 libva-x11-2 amd64 2.7.0-2 [11.9 kB]
#10 6.359 Get:155 http://archive.ubuntu.com/ubuntu focal/main amd64 libvdpau1 amd64 1.3-1ubuntu2 [25.6 kB]
#10 6.360 Get:156 http://archive.ubuntu.com/ubuntu focal-updates/universe amd64 libavutil56 amd64 7:4.2.7-0ubuntu0.1 [241 kB]
#10 6.363 Get:157 http://archive.ubuntu.com/ubuntu focal/universe amd64 libcodec2-0.9 amd64 0.9.2-2 [7886 kB]
#10 6.416 Get:158 http://archive.ubuntu.com/ubuntu focal/universe amd64 libgsm1 amd64 1.0.18-2 [24.4 kB]
#10 6.416 Get:159 http://archive.ubuntu.com/ubuntu focal/main amd64 libmp3lame0 amd64 3.100-3 [133 kB]
#10 6.417 Get:160 http://archive.ubuntu.com/ubuntu focal-updates/main amd64 libopenjp2-7 amd64 2.3.1-1ubuntu4.20.04.4 [141 kB]
#10 6.419 Get:161 http://archive.ubuntu.com/ubuntu focal/main amd64 libopus0 amd64 1.3.1-0ubuntu1 [191 kB]
#10 6.420 Get:162 http://archive.ubuntu.com/ubuntu focal/universe amd64 libshine3 amd64 3.1.1-2 [23.2 kB]
#10 6.421 Get:163 http://archive.ubuntu.com/ubuntu focal/main amd64 libsnappy1v5 amd64 1.1.8-1build1 [16.7 kB]
#10 6.421 Get:164 http://archive.ubuntu.com/ubuntu focal-updates/main amd64 libspeex1 amd64 1.2~rc1.2-1.1ubuntu1.20.04.1 [53.2 kB]
#10 6.422 Get:165 http://archive.ubuntu.com/ubuntu focal/main amd64 libsoxr0 amd64 0.1.3-2build1 [78.0 kB]
#10 6.423 Get:166 http://archive.ubuntu.com/ubuntu focal-updates/universe amd64 libswresample3 amd64 7:4.2.7-0ubuntu0.1 [57.1 kB]
#10 6.438 Get:167 http://archive.ubuntu.com/ubuntu focal/main amd64 libogg0 amd64 1.3.4-0ubuntu1 [24.0 kB]
#10 6.439 Get:168 http://archive.ubuntu.com/ubuntu focal/main amd64 libtheora0 amd64 1.1.1+dfsg.1-15ubuntu2 [162 kB]
#10 6.440 Get:169 http://archive.ubuntu.com/ubuntu focal/main amd64 libtwolame0 amd64 0.4.0-2 [47.6 kB]
#10 6.440 Get:170 http://archive.ubuntu.com/ubuntu focal/main amd64 libvorbis0a amd64 1.3.6-2ubuntu1 [87.0 kB]
#10 6.442 Get:171 http://archive.ubuntu.com/ubuntu focal/main amd64 libvorbisenc2 amd64 1.3.6-2ubuntu1 [70.7 kB]
#10 6.442 Get:172 http://archive.ubuntu.com/ubuntu focal-updates/main amd64 libvpx6 amd64 1.8.2-1ubuntu0.4 [819 kB]
#10 6.449 Get:173 http://archive.ubuntu.com/ubuntu focal-updates/main amd64 libwavpack1 amd64 5.2.0-1ubuntu0.1 [77.3 kB]
#10 6.450 Get:174 http://archive.ubuntu.com/ubuntu focal-updates/main amd64 libwebpmux3 amd64 0.6.1-2ubuntu0.20.04.3 [19.5 kB]
#10 6.451 Get:175 http://archive.ubuntu.com/ubuntu focal/universe amd64 libx264-155 amd64 2:0.155.2917+git0a84d98-2 [521 kB]
#10 6.455 Get:176 http://archive.ubuntu.com/ubuntu focal/universe amd64 libx265-179 amd64 3.2.1-1build1 [1060 kB]
#10 6.464 Get:177 http://archive.ubuntu.com/ubuntu focal/universe amd64 libxvidcore4 amd64 2:1.3.7-1 [201 kB]
#10 6.466 Get:178 http://archive.ubuntu.com/ubuntu focal/universe amd64 libzvbi-common all 0.2.35-17 [32.5 kB]
#10 6.467 Get:179 http://archive.ubuntu.com/ubuntu focal/universe amd64 libzvbi0 amd64 0.2.35-17 [237 kB]
#10 6.469 Get:180 http://archive.ubuntu.com/ubuntu focal-updates/universe amd64 libavcodec58 amd64 7:4.2.7-0ubuntu0.1 [4878 kB]
#10 6.509 Get:181 http://archive.ubuntu.com/ubuntu focal-updates/universe amd64 libavutil-dev amd64 7:4.2.7-0ubuntu0.1 [365 kB]
#10 6.513 Get:182 http://archive.ubuntu.com/ubuntu focal-updates/universe amd64 libswresample-dev amd64 7:4.2.7-0ubuntu0.1 [70.6 kB]
#10 6.514 Get:183 http://archive.ubuntu.com/ubuntu focal-updates/universe amd64 libavcodec-dev amd64 7:4.2.7-0ubuntu0.1 [5428 kB]
#10 6.558 Get:184 http://archive.ubuntu.com/ubuntu focal/universe amd64 libbluray2 amd64 1:1.2.0-1 [138 kB]
#10 6.560 Get:185 http://archive.ubuntu.com/ubuntu focal/universe amd64 libchromaprint1 amd64 1.4.3-3build1 [37.6 kB]
#10 6.560 Get:186 http://archive.ubuntu.com/ubuntu focal/universe amd64 libgme0 amd64 0.6.2-1build1 [123 kB]
#10 6.562 Get:187 http://archive.ubuntu.com/ubuntu focal-updates/main amd64 libmpg123-0 amd64 1.25.13-1ubuntu0.2 [124 kB]
#10 6.563 Get:188 http://archive.ubuntu.com/ubuntu focal/main amd64 libvorbisfile3 amd64 1.3.6-2ubuntu1 [16.1 kB]
#10 6.564 Get:189 http://archive.ubuntu.com/ubuntu focal/universe amd64 libopenmpt0 amd64 0.4.11-1build1 [599 kB]
#10 6.568 Get:190 http://archive.ubuntu.com/ubuntu focal-updates/main amd64 libssh-gcrypt-4 amd64 0.9.3-2ubuntu2.5 [202 kB]
#10 6.570 Get:191 http://archive.ubuntu.com/ubuntu focal-updates/universe amd64 libavformat58 amd64 7:4.2.7-0ubuntu0.1 [985 kB]
#10 6.578 Get:192 http://archive.ubuntu.com/ubuntu focal-updates/universe amd64 libavformat-dev amd64 7:4.2.7-0ubuntu0.1 [1187 kB]
#10 6.626 Get:193 http://archive.ubuntu.com/ubuntu focal-updates/universe amd64 libavresample4 amd64 7:4.2.7-0ubuntu0.1 [54.2 kB]
#10 6.627 Get:194 http://archive.ubuntu.com/ubuntu focal-updates/universe amd64 libavresample-dev amd64 7:4.2.7-0ubuntu0.1 [64.1 kB]
#10 6.628 Get:195 http://archive.ubuntu.com/ubuntu focal-updates/main amd64 libcurl3-gnutls amd64 7.68.0-1ubuntu2.25 [233 kB]
#10 6.631 Get:196 http://archive.ubuntu.com/ubuntu focal/universe amd64 libcfitsio8 amd64 3.470-3 [466 kB]
#10 6.634 Get:197 http://archive.ubuntu.com/ubuntu focal/universe amd64 libcharls2 amd64 2.0.0+dfsg-1build1 [74.1 kB]
#10 6.635 Get:198 http://archive.ubuntu.com/ubuntu focal/main amd64 libllvm10 amd64 1:10.0.0-4ubuntu1 [15.3 MB]
#10 6.738 Get:199 http://archive.ubuntu.com/ubuntu focal/universe amd64 libclang1-10 amd64 1:10.0.0-4ubuntu1 [7571 kB]
#10 6.789 Get:200 http://archive.ubuntu.com/ubuntu focal/main amd64 liblcms2-2 amd64 2.9-4 [140 kB]
#10 6.791 Get:201 http://archive.ubuntu.com/ubuntu focal/main amd64 libcolord2 amd64 1.4.4-2 [133 kB]
#10 6.792 Get:202 http://archive.ubuntu.com/ubuntu focal-updates/main amd64 libcups2 amd64 2.3.1-9ubuntu1.9 [234 kB]
#10 6.794 Get:203 http://archive.ubuntu.com/ubuntu focal/universe amd64 libdap25 amd64 3.20.5-1 [435 kB]
#10 6.798 Get:204 http://archive.ubuntu.com/ubuntu focal/universe amd64 libdapclient6v5 amd64 3.20.5-1 [92.2 kB]
#10 6.799 Get:205 http://archive.ubuntu.com/ubuntu focal/main amd64 libepoxy0 amd64 1.5.4-1 [191 kB]
#10 6.800 Get:206 http://archive.ubuntu.com/ubuntu focal/universe amd64 libepsilon1 amd64 0.9.2+dfsg-4 [41.0 kB]
#10 6.801 Get:207 http://archive.ubuntu.com/ubuntu focal-updates/main amd64 libexif12 amd64 0.6.21-6ubuntu0.4 [78.6 kB]
#10 6.802 Get:208 http://archive.ubuntu.com/ubuntu focal-updates/main amd64 libexif-dev amd64 0.6.21-6ubuntu0.4 [84.0 kB]
#10 6.803 Get:209 http://archive.ubuntu.com/ubuntu focal/universe amd64 libfyba0 amd64 4.1.1-6build1 [113 kB]
#10 6.817 Get:210 http://archive.ubuntu.com/ubuntu focal-updates/main amd64 libxpm4 amd64 1:3.5.12-1ubuntu0.20.04.2 [34.9 kB]
#10 6.818 Get:211 http://archive.ubuntu.com/ubuntu focal-updates/main amd64 libgd3 amd64 2.2.5-5.2ubuntu2.4 [118 kB]
#10 6.819 Get:212 http://archive.ubuntu.com/ubuntu focal/universe amd64 libfreexl1 amd64 1.0.5-3 [33.4 kB]
#10 6.822 Get:213 http://archive.ubuntu.com/ubuntu focal/universe amd64 libgeos-3.8.0 amd64 3.8.0-1build1 [535 kB]
#10 6.825 Get:214 http://archive.ubuntu.com/ubuntu focal/universe amd64 libgeos-c1v5 amd64 3.8.0-1build1 [69.9 kB]
#10 6.852 Get:215 http://archive.ubuntu.com/ubuntu focal/universe amd64 proj-data all 6.3.1-1 [7647 kB]
#10 7.007 Get:216 http://archive.ubuntu.com/ubuntu focal/universe amd64 libproj15 amd64 6.3.1-1 [925 kB]
#10 7.014 Get:217 http://archive.ubuntu.com/ubuntu focal/universe amd64 libgeotiff5 amd64 1.5.1-2 [53.1 kB]
#10 7.015 Get:218 http://archive.ubuntu.com/ubuntu focal-updates/main amd64 libgif7 amd64 5.1.9-1ubuntu0.1 [32.4 kB]
#10 7.015 Get:219 http://archive.ubuntu.com/ubuntu focal/universe amd64 libhdf4-0-alt amd64 4.2.14-1ubuntu1 [268 kB]
#10 7.017 Get:220 http://archive.ubuntu.com/ubuntu focal/universe amd64 libsz2 amd64 1.0.4-1 [5188 B]
#10 7.018 Get:221 http://archive.ubuntu.com/ubuntu focal/universe amd64 libhdf5-103 amd64 1.10.4+repack-11ubuntu1 [1311 kB]
#10 7.027 Get:222 http://archive.ubuntu.com/ubuntu focal/universe amd64 libminizip1 amd64 1.1-8build1 [20.2 kB]
#10 7.027 Get:223 http://archive.ubuntu.com/ubuntu focal/universe amd64 liburiparser1 amd64 0.9.3-2 [39.3 kB]
#10 7.028 Get:224 http://archive.ubuntu.com/ubuntu focal/universe amd64 libkmlbase1 amd64 1.3.0-8build1 [45.4 kB]
#10 7.029 Get:225 http://archive.ubuntu.com/ubuntu focal/universe amd64 libkmldom1 amd64 1.3.0-8build1 [152 kB]
#10 7.033 Get:226 http://archive.ubuntu.com/ubuntu focal/universe amd64 libkmlengine1 amd64 1.3.0-8build1 [72.5 kB]
#10 7.035 Get:227 http://archive.ubuntu.com/ubuntu focal/universe amd64 libnetcdf15 amd64 1:4.7.3-1 [341 kB]
#10 7.038 Get:228 http://archive.ubuntu.com/ubuntu focal/universe amd64 libogdi4.1 amd64 4.1.0+ds-1build1 [198 kB]
#10 7.039 Get:229 http://archive.ubuntu.com/ubuntu focal-updates/main amd64 libnspr4 amd64 2:4.35-0ubuntu0.20.04.1 [108 kB]
#10 7.041 Get:230 http://archive.ubuntu.com/ubuntu focal-updates/main amd64 libnss3 amd64 2:3.98-0ubuntu0.20.04.2 [1391 kB]
#10 7.055 Get:231 http://archive.ubuntu.com/ubuntu focal-updates/main amd64 libpoppler97 amd64 0.86.1-0ubuntu1.7 [915 kB]
#10 7.064 Get:232 http://archive.ubuntu.com/ubuntu focal-updates/main amd64 libpq5 amd64 12.22-0ubuntu0.20.04.4 [119 kB]
#10 7.065 Get:233 http://archive.ubuntu.com/ubuntu focal/universe amd64 libqhull7 amd64 2015.2-4 [152 kB]
#10 7.066 Get:234 http://archive.ubuntu.com/ubuntu focal/universe amd64 libspatialite7 amd64 4.3.0a-6build1 [1286 kB]
#10 7.076 Get:235 http://archive.ubuntu.com/ubuntu focal-updates/universe amd64 libxerces-c3.2 amd64 3.2.2+debian-1ubuntu0.2 [878 kB]
#10 7.084 Get:236 http://archive.ubuntu.com/ubuntu focal-updates/main amd64 odbcinst amd64 2.3.6-0.1ubuntu0.1 [14.5 kB]
#10 7.084 Get:237 http://archive.ubuntu.com/ubuntu focal-updates/main amd64 odbcinst1debian2 amd64 2.3.6-0.1ubuntu0.1 [41.7 kB]
#10 7.086 Get:238 http://archive.ubuntu.com/ubuntu focal/universe amd64 libgdal26 amd64 3.0.4+dfsg-1build3 [6156 kB]
#10 7.132 Get:239 http://archive.ubuntu.com/ubuntu focal/universe amd64 libsocket++1 amd64 1.12.13-10build1 [40.7 kB]
#10 7.132 Get:240 http://archive.ubuntu.com/ubuntu focal/universe amd64 libgdcm3.0 amd64 3.0.5-1.1ubuntu2 [1871 kB]
#10 7.146 Get:241 http://archive.ubuntu.com/ubuntu focal/universe amd64 libgdcm-dev amd64 3.0.5-1.1ubuntu2 [258 kB]
#10 7.148 Get:242 http://archive.ubuntu.com/ubuntu focal/universe amd64 libgl2ps1.4 amd64 1.4.0+dfsg1-2 [38.2 kB]
#10 7.148 Get:243 http://archive.ubuntu.com/ubuntu focal-updates/main amd64 libgphoto2-port12 amd64 2.5.25-0ubuntu0.1 [51.8 kB]
#10 7.149 Get:244 http://archive.ubuntu.com/ubuntu focal-updates/main amd64 libgphoto2-6 amd64 2.5.25-0ubuntu0.1 [653 kB]
#10 7.155 Get:245 http://archive.ubuntu.com/ubuntu focal-updates/main amd64 libgphoto2-dev amd64 2.5.25-0ubuntu0.1 [625 kB]
#10 7.161 Get:246 http://archive.ubuntu.com/ubuntu focal-updates/main amd64 libgstreamer1.0-0 amd64 1.16.3-0ubuntu1.2 [894 kB]
#10 7.169 Get:247 http://archive.ubuntu.com/ubuntu focal-updates/main amd64 liborc-0.4-0 amd64 1:0.4.31-1ubuntu0.1 [188 kB]
#10 7.170 Get:248 http://archive.ubuntu.com/ubuntu focal-updates/main amd64 libgstreamer-plugins-base1.0-0 amd64 1.16.3-0ubuntu1.4 [741 kB]
#10 7.177 Get:249 http://archive.ubuntu.com/ubuntu focal/main amd64 libjson-glib-1.0-common all 1.4.4-2ubuntu2 [3468 B]
#10 7.177 Get:250 http://archive.ubuntu.com/ubuntu focal/main amd64 libjson-glib-1.0-0 amd64 1.4.4-2ubuntu2 [59.4 kB]
#10 7.178 Get:251 http://archive.ubuntu.com/ubuntu focal-updates/main amd64 libsoup2.4-1 amd64 2.70.0-1ubuntu0.5 [263 kB]
#10 7.181 Get:252 http://archive.ubuntu.com/ubuntu focal-updates/main amd64 libsoup-gnome2.4-1 amd64 2.70.0-1ubuntu0.5 [6148 B]
#10 7.181 Get:253 http://archive.ubuntu.com/ubuntu focal/main amd64 librest-0.7-0 amd64 0.8.1-1 [32.2 kB]
#10 7.182 Get:254 http://archive.ubuntu.com/ubuntu focal-updates/main amd64 libwayland-cursor0 amd64 1.18.0-1ubuntu0.1 [10.3 kB]
#10 7.186 Get:255 http://archive.ubuntu.com/ubuntu focal-updates/main amd64 libwayland-egl1 amd64 1.18.0-1ubuntu0.1 [5596 B]
#10 7.186 Get:256 http://archive.ubuntu.com/ubuntu focal/main amd64 libxcomposite1 amd64 1:0.4.5-1 [6976 B]
#10 7.187 Get:257 http://archive.ubuntu.com/ubuntu focal/main amd64 libxcursor1 amd64 1:1.2.0-2 [20.1 kB]
#10 7.199 Get:258 http://archive.ubuntu.com/ubuntu focal/main amd64 libxdamage1 amd64 1:1.1.5-2 [6996 B]
#10 7.200 Get:259 http://archive.ubuntu.com/ubuntu focal/main amd64 libxi6 amd64 2:1.7.10-0ubuntu1 [29.9 kB]
#10 7.200 Get:260 http://archive.ubuntu.com/ubuntu focal/main amd64 libxinerama1 amd64 2:1.1.4-2 [6904 B]
#10 7.201 Get:261 http://archive.ubuntu.com/ubuntu focal/main amd64 libxrandr2 amd64 2:1.5.2-0ubuntu1 [18.5 kB]
#10 7.202 Get:262 http://archive.ubuntu.com/ubuntu focal-updates/main amd64 libgtk-3-common all 3.24.20-0ubuntu1.2 [234 kB]
#10 7.205 Get:263 http://archive.ubuntu.com/ubuntu focal-updates/main amd64 libgtk-3-0 amd64 3.24.20-0ubuntu1.2 [2620 kB]
#10 7.231 Get:264 http://archive.ubuntu.com/ubuntu focal/universe amd64 libhdf5-openmpi-103 amd64 1.10.4+repack-11ubuntu1 [1355 kB]
#10 7.240 Get:265 http://archive.ubuntu.com/ubuntu focal/universe amd64 libilmbase24 amd64 2.3.0-6build1 [75.1 kB]
#10 7.241 Get:266 http://archive.ubuntu.com/ubuntu focal/universe amd64 libilmbase-dev amd64 2.3.0-6build1 [71.3 kB]
#10 7.242 Get:267 http://archive.ubuntu.com/ubuntu focal-updates/main amd64 libjpeg-turbo8-dev amd64 2.0.3-0ubuntu1.20.04.3 [238 kB]
#10 7.244 Get:268 http://archive.ubuntu.com/ubuntu focal/main amd64 libjpeg8-dev amd64 8c-2ubuntu8 [1552 B]
#10 7.244 Get:269 http://archive.ubuntu.com/ubuntu focal/main amd64 libjpeg-dev amd64 8c-2ubuntu8 [1546 B]
#10 7.245 Get:270 http://archive.ubuntu.com/ubuntu focal/universe amd64 liblept5 amd64 1.79.0-1 [999 kB]
#10 7.252 Get:271 http://archive.ubuntu.com/ubuntu focal/universe amd64 libnetcdf-c++4 amd64 4.2-11build2 [33.6 kB]
#10 7.252 Get:272 http://archive.ubuntu.com/ubuntu focal/main amd64 libogg-dev amd64 1.3.4-0ubuntu1 [161 kB]
#10 7.254 Get:273 http://archive.ubuntu.com/ubuntu focal/universe amd64 libtbb2 amd64 2020.1-2 [124 kB]
#10 7.258 Get:274 http://archive.ubuntu.com/ubuntu focal/universe amd64 libopencv-core4.2 amd64 4.2.0+dfsg-5 [1027 kB]
#10 7.267 Get:275 http://archive.ubuntu.com/ubuntu focal/universe amd64 libopencv-flann4.2 amd64 4.2.0+dfsg-5 [105 kB]
#10 7.269 Get:276 http://archive.ubuntu.com/ubuntu focal/universe amd64 libopencv-imgproc4.2 amd64 4.2.0+dfsg-5 [1290 kB]
#10 7.280 Get:277 http://archive.ubuntu.com/ubuntu focal-updates/universe amd64 libopenexr24 amd64 2.3.0-6ubuntu0.5 [592 kB]
#10 7.285 Get:278 http://archive.ubuntu.com/ubuntu focal/universe amd64 libopencv-imgcodecs4.2 amd64 4.2.0+dfsg-5 [112 kB]
#10 7.287 Get:279 http://archive.ubuntu.com/ubuntu focal/main amd64 libraw1394-11 amd64 2.1.2-1 [30.7 kB]
#10 7.287 Get:280 http://archive.ubuntu.com/ubuntu focal/universe amd64 libdc1394-22 amd64 2.2.5-2.1 [79.6 kB]
#10 7.288 Get:281 http://archive.ubuntu.com/ubuntu focal-updates/universe amd64 libswscale5 amd64 7:4.2.7-0ubuntu0.1 [157 kB]
#10 7.290 Get:282 http://archive.ubuntu.com/ubuntu focal/universe amd64 libopencv-videoio4.2 amd64 4.2.0+dfsg-5 [157 kB]
#10 7.292 Get:283 http://archive.ubuntu.com/ubuntu focal/universe amd64 libopencv-highgui4.2 amd64 4.2.0+dfsg-5 [32.5 kB]
#10 7.292 Get:284 http://archive.ubuntu.com/ubuntu focal/universe amd64 libopencv-ml4.2 amd64 4.2.0+dfsg-5 [238 kB]
#10 7.294 Get:285 http://archive.ubuntu.com/ubuntu focal/universe amd64 libopencv-features2d4.2 amd64 4.2.0+dfsg-5 [258 kB]
#10 7.298 Get:286 http://archive.ubuntu.com/ubuntu focal/universe amd64 libopencv-calib3d4.2 amd64 4.2.0+dfsg-5 [541 kB]
#10 7.311 Get:287 http://archive.ubuntu.com/ubuntu focal/universe amd64 libtbb-dev amd64 2020.1-2 [273 kB]
#10 7.315 Get:288 http://archive.ubuntu.com/ubuntu focal/universe amd64 libopencv-core-dev amd64 4.2.0+dfsg-5 [1690 kB]
#10 7.332 Get:289 http://archive.ubuntu.com/ubuntu focal/universe amd64 libopencv-flann-dev amd64 4.2.0+dfsg-5 [177 kB]
#10 7.333 Get:290 http://archive.ubuntu.com/ubuntu focal/main amd64 libraw1394-dev amd64 2.1.2-1 [35.5 kB]
#10 7.334 Get:291 http://archive.ubuntu.com/ubuntu focal/universe amd64 libdc1394-22-dev amd64 2.2.5-2.1 [111 kB]
#10 7.335 Get:292 http://archive.ubuntu.com/ubuntu focal/universe amd64 libopencv-imgproc-dev amd64 4.2.0+dfsg-5 [1683 kB]
#10 7.346 Get:293 http://archive.ubuntu.com/ubuntu focal/universe amd64 libopencv-imgcodecs-dev amd64 4.2.0+dfsg-5 [168 kB]
#10 7.348 Get:294 http://archive.ubuntu.com/ubuntu focal/universe amd64 libopencv-videoio-dev amd64 4.2.0+dfsg-5 [216 kB]
#10 7.349 Get:295 http://archive.ubuntu.com/ubuntu focal-updates/universe amd64 libopenexr-dev amd64 2.3.0-6ubuntu0.5 [730 kB]
#10 7.356 Get:296 http://archive.ubuntu.com/ubuntu focal/main amd64 libpng-dev amd64 1.6.37-2 [175 kB]
#10 7.358 Get:297 http://archive.ubuntu.com/ubuntu focal-updates/universe amd64 libswscale-dev amd64 7:4.2.7-0ubuntu0.1 [177 kB]
#10 7.359 Get:298 http://archive.ubuntu.com/ubuntu focal-updates/main amd64 libjbig-dev amd64 2.1-3.1ubuntu0.20.04.1 [25.7 kB]
#10 7.360 Get:299 http://archive.ubuntu.com/ubuntu focal-updates/main amd64 liblzma-dev amd64 5.2.4-1ubuntu1.1 [147 kB]
#10 7.362 Get:300 http://archive.ubuntu.com/ubuntu focal-updates/main amd64 libtiffxx5 amd64 4.1.0+git191117-2ubuntu0.20.04.14 [5884 B]
#10 7.362 Get:301 http://archive.ubuntu.com/ubuntu focal-updates/main amd64 libtiff-dev amd64 4.1.0+git191117-2ubuntu0.20.04.14 [287 kB]
#10 7.366 Get:302 http://archive.ubuntu.com/ubuntu focal/universe amd64 libopencv-highgui-dev amd64 4.2.0+dfsg-5 [50.8 kB]
#10 7.366 Get:303 http://archive.ubuntu.com/ubuntu focal/universe amd64 libopencv-ml-dev amd64 4.2.0+dfsg-5 [314 kB]
#10 7.369 Get:304 http://archive.ubuntu.com/ubuntu focal/universe amd64 libopencv-features2d-dev amd64 4.2.0+dfsg-5 [325 kB]
#10 7.379 Get:305 http://archive.ubuntu.com/ubuntu focal/universe amd64 libopencv-calib3d-dev amd64 4.2.0+dfsg-5 [743 kB]
#10 7.385 Get:306 http://archive.ubuntu.com/ubuntu focal-updates/main amd64 libprotobuf17 amd64 3.6.1.3-2ubuntu5.2 [798 kB]
#10 7.392 Get:307 http://archive.ubuntu.com/ubuntu focal/universe amd64 libopencv-dnn4.2 amd64 4.2.0+dfsg-5 [873 kB]
#10 7.398 Get:308 http://archive.ubuntu.com/ubuntu focal/universe amd64 libopencv-objdetect4.2 amd64 4.2.0+dfsg-5 [149 kB]
#10 7.400 Get:309 http://archive.ubuntu.com/ubuntu focal/universe amd64 libopencv-photo4.2 amd64 4.2.0+dfsg-5 [200 kB]
#10 7.401 Get:310 http://archive.ubuntu.com/ubuntu focal/universe amd64 libopencv-video4.2 amd64 4.2.0+dfsg-5 [147 kB]
#10 7.403 Get:311 http://archive.ubuntu.com/ubuntu focal/universe amd64 libopencv-shape4.2 amd64 4.2.0+dfsg-5 [57.6 kB]
#10 7.403 Get:312 http://archive.ubuntu.com/ubuntu focal/universe amd64 libopencv-stitching4.2 amd64 4.2.0+dfsg-5 [213 kB]
#10 7.405 Get:313 http://archive.ubuntu.com/ubuntu focal/universe amd64 libopencv-superres4.2 amd64 4.2.0+dfsg-5 [48.4 kB]
#10 7.408 Get:314 http://archive.ubuntu.com/ubuntu focal/universe amd64 libopencv-videostab4.2 amd64 4.2.0+dfsg-5 [102 kB]
#10 7.408 Get:315 http://archive.ubuntu.com/ubuntu focal/main amd64 libxt6 amd64 1:1.1.5-1 [160 kB]
#10 7.436 Get:316 http://archive.ubuntu.com/ubuntu focal/universe amd64 libvtk6.3 amd64 6.3.0+dfsg2-5build2 [16.4 MB]
#10 7.655 Get:317 http://archive.ubuntu.com/ubuntu focal/universe amd64 libopencv-viz4.2 amd64 4.2.0+dfsg-5 [122 kB]
#10 7.656 Get:318 http://archive.ubuntu.com/ubuntu focal/universe amd64 libtesseract4 amd64 4.1.1-2build2 [1237 kB]
#10 7.666 Get:319 http://archive.ubuntu.com/ubuntu focal/universe amd64 libopencv-contrib4.2 amd64 4.2.0+dfsg-5 [3312 kB]
#10 7.690 Get:320 http://archive.ubuntu.com/ubuntu focal/universe amd64 libopencv-dnn-dev amd64 4.2.0+dfsg-5 [1283 kB]
#10 7.699 Get:321 http://archive.ubuntu.com/ubuntu focal/universe amd64 libopencv-objdetect-dev amd64 4.2.0+dfsg-5 [184 kB]
#10 7.701 Get:322 http://archive.ubuntu.com/ubuntu focal/universe amd64 libopencv-photo-dev amd64 4.2.0+dfsg-5 [241 kB]
#10 7.703 Get:323 http://archive.ubuntu.com/ubuntu focal/universe amd64 libopencv-video-dev amd64 4.2.0+dfsg-5 [185 kB]
#10 7.704 Get:324 http://archive.ubuntu.com/ubuntu focal/universe amd64 libopencv-shape-dev amd64 4.2.0+dfsg-5 [74.9 kB]
#10 7.705 Get:325 http://archive.ubuntu.com/ubuntu focal/universe amd64 libopencv-stitching-dev amd64 4.2.0+dfsg-5 [266 kB]
#10 7.707 Get:326 http://archive.ubuntu.com/ubuntu focal/universe amd64 libopencv-superres-dev amd64 4.2.0+dfsg-5 [61.1 kB]
#10 7.708 Get:327 http://archive.ubuntu.com/ubuntu focal/universe amd64 libopencv-videostab-dev amd64 4.2.0+dfsg-5 [129 kB]
#10 7.709 Get:328 http://archive.ubuntu.com/ubuntu focal/universe amd64 libopencv-viz-dev amd64 4.2.0+dfsg-5 [173 kB]
#10 7.711 Get:329 http://archive.ubuntu.com/ubuntu focal/universe amd64 libopencv-contrib-dev amd64 4.2.0+dfsg-5 [4267 kB]
#10 7.741 Get:330 http://archive.ubuntu.com/ubuntu focal/universe amd64 libopencv-ts-dev amd64 4.2.0+dfsg-5 [333 kB]
#10 7.744 Get:331 http://archive.ubuntu.com/ubuntu focal/universe amd64 libopencv4.2-jni amd64 4.2.0+dfsg-5 [367 kB]
#10 7.747 Get:332 http://archive.ubuntu.com/ubuntu focal/universe amd64 libopencv4.2-java all 4.2.0+dfsg-5 [892 kB]
#10 7.754 Get:333 http://archive.ubuntu.com/ubuntu focal/universe amd64 libopencv-dev amd64 4.2.0+dfsg-5 [93.6 kB]
#10 7.755 Get:334 http://archive.ubuntu.com/ubuntu focal/universe amd64 libqt5qml5 amd64 5.12.8-0ubuntu1 [1438 kB]
#10 7.765 Get:335 http://archive.ubuntu.com/ubuntu focal/universe amd64 libshiboken2-py3-5.14 amd64 5.14.0-1~exp1ubuntu5 [151 kB]
#10 7.767 Get:336 http://archive.ubuntu.com/ubuntu focal/universe amd64 libpyside2-py3-5.14 amd64 5.14.0-1~exp1ubuntu5 [74.0 kB]
#10 7.767 Get:337 http://archive.ubuntu.com/ubuntu focal/universe amd64 libpyside2-dev amd64 5.14.0-1~exp1ubuntu5 [154 kB]
#10 7.769 Get:338 http://archive.ubuntu.com/ubuntu focal-updates/universe amd64 libqt5xml5 amd64 5.12.8+dfsg-0ubuntu2.1 [105 kB]
#10 7.770 Get:339 http://archive.ubuntu.com/ubuntu focal/universe amd64 libqt5designer5 amd64 5.12.8-0ubuntu1 [2778 kB]
#10 7.790 Get:340 http://archive.ubuntu.com/ubuntu focal-updates/universe amd64 libqt5sql5 amd64 5.12.8+dfsg-0ubuntu2.1 [121 kB]
#10 7.791 Get:341 http://archive.ubuntu.com/ubuntu focal/universe amd64 libqt5help5 amd64 5.12.8-0ubuntu1 [134 kB]
#10 7.792 Get:342 http://archive.ubuntu.com/ubuntu focal-updates/universe amd64 libqt5printsupport5 amd64 5.12.8+dfsg-0ubuntu2.1 [193 kB]
#10 7.794 Get:343 http://archive.ubuntu.com/ubuntu focal-updates/universe amd64 libqt5test5 amd64 5.12.8+dfsg-0ubuntu2.1 [131 kB]
#10 7.796 Get:344 http://archive.ubuntu.com/ubuntu focal-updates/main amd64 libxslt1.1 amd64 1.1.34-4ubuntu0.20.04.3 [151 kB]
#10 7.798 Get:345 http://archive.ubuntu.com/ubuntu focal/universe amd64 shiboken2 amd64 5.14.0-1~exp1ubuntu5 [588 kB]
#10 7.802 Get:346 http://archive.ubuntu.com/ubuntu focal/universe amd64 libshiboken2-dev amd64 5.14.0-1~exp1ubuntu5 [32.3 kB]
#10 7.803 Get:347 http://archive.ubuntu.com/ubuntu focal/main amd64 libtheora-dev amd64 1.1.1+dfsg.1-15ubuntu2 [178 kB]
#10 7.804 Get:348 http://archive.ubuntu.com/ubuntu focal-updates/universe amd64 libtinyxml2.6.2v5 amd64 2.6.2-4+deb10u2build0.20.04.1 [31.0 kB]
#10 7.805 Get:349 http://archive.ubuntu.com/ubuntu focal-updates/universe amd64 libtinyxml-dev amd64 2.6.2-4+deb10u2build0.20.04.1 [45.0 kB]
#10 7.819 Get:350 http://archive.ubuntu.com/ubuntu focal-updates/universe amd64 libturbojpeg amd64 2.0.3-0ubuntu1.20.04.3 [156 kB]
#10 7.821 Get:351 http://archive.ubuntu.com/ubuntu focal-updates/universe amd64 libturbojpeg0-dev amd64 2.0.3-0ubuntu1.20.04.3 [179 kB]
#10 7.824 Get:352 http://archive.ubuntu.com/ubuntu focal/universe amd64 python3-sip amd64 4.19.21+dfsg-1build1 [87.9 kB]
#10 7.825 Get:353 http://archive.ubuntu.com/ubuntu focal/universe amd64 sip-dev amd64 4.19.21+dfsg-1build1 [168 kB]
#10 7.827 Get:354 http://archive.ubuntu.com/ubuntu focal/universe amd64 python3-sip-dev amd64 4.19.21+dfsg-1build1 [22.3 kB]
#10 7.828 Get:355 http://archive.ubuntu.com/ubuntu focal/universe amd64 pyqt5-dev all 5.14.1+dfsg-3build1 [309 kB]
#10 7.830 Get:356 http://archive.ubuntu.com/ubuntu focal-updates/universe amd64 python-pip-whl all 20.0.2-5ubuntu1.11 [1808 kB]
#10 7.846 Get:357 http://archive.ubuntu.com/ubuntu focal/universe amd64 python3-opencv amd64 4.2.0+dfsg-5 [1214 kB]
#10 7.856 Get:358 http://archive.ubuntu.com/ubuntu focal-updates/universe amd64 python3-wheel all 0.34.2-1ubuntu0.1 [23.9 kB]
#10 7.856 Get:359 http://archive.ubuntu.com/ubuntu focal-updates/universe amd64 python3-pip all 20.0.2-5ubuntu1.11 [231 kB]
#10 7.859 Get:360 http://archive.ubuntu.com/ubuntu focal/universe amd64 python3-pyqt5 amd64 5.14.1+dfsg-3build1 [2318 kB]
#10 7.876 Get:361 http://archive.ubuntu.com/ubuntu focal/universe amd64 python3-pyqt5.qtsvg amd64 5.14.1+dfsg-3build1 [26.9 kB]
#10 7.877 Get:362 http://archive.ubuntu.com/ubuntu focal/universe amd64 python3-pyside2.qtcore amd64 5.14.0-1~exp1ubuntu5 [887 kB]
#10 7.884 Get:363 http://archive.ubuntu.com/ubuntu focal/universe amd64 python3-pyside2.qtgui amd64 5.14.0-1~exp1ubuntu5 [995 kB]
#10 7.892 Get:364 http://archive.ubuntu.com/ubuntu focal/universe amd64 python3-pyside2.qtwidgets amd64 5.14.0-1~exp1ubuntu5 [1554 kB]
#10 7.902 Get:365 http://archive.ubuntu.com/ubuntu focal/universe amd64 python3-pyside2.qtsvg amd64 5.14.0-1~exp1ubuntu5 [47.9 kB]
#10 7.903 Get:366 http://archive.ubuntu.com/ubuntu focal/universe amd64 tango-icon-theme all 0.8.90-7 [1161 kB]
#10 8.085 debconf: delaying package configuration, since apt-utils is not installed
#10 8.126 Fetched 211 MB in 3s (83.5 MB/s)
#10 8.146 Selecting previously unselected package libapparmor1:amd64.
#10 8.146 (Reading database ... (Reading database ... 5%(Reading database ... 10%(Reading database ... 15%(Reading database ... 20%(Reading database ... 25%(Reading database ... 30%(Reading database ... 35%(Reading database ... 40%(Reading database ... 45%(Reading database ... 50%(Reading database ... 55%(Reading database ... 60%(Reading database ... 65%(Reading database ... 70%(Reading database ... 75%(Reading database ... 80%(Reading database ... 85%(Reading database ... 90%(Reading database ... 95%(Reading database ... 100%(Reading database ... 47091 files and directories currently installed.)
#10 8.178 Preparing to unpack .../0-libapparmor1_2.13.3-7ubuntu5.4_amd64.deb ...
#10 8.180 Unpacking libapparmor1:amd64 (2.13.3-7ubuntu5.4) ...
#10 8.200 Selecting previously unselected package libcap2:amd64.
#10 8.204 Preparing to unpack .../1-libcap2_1%3a2.32-1ubuntu0.2_amd64.deb ...
#10 8.205 Unpacking libcap2:amd64 (1:2.32-1ubuntu0.2) ...
#10 8.222 Selecting previously unselected package libargon2-1:amd64.
#10 8.226 Preparing to unpack .../2-libargon2-1_0~20171227-0.2_amd64.deb ...
#10 8.227 Unpacking libargon2-1:amd64 (0~20171227-0.2) ...
#10 8.245 Selecting previously unselected package libdevmapper1.02.1:amd64.
#10 8.249 Preparing to unpack .../3-libdevmapper1.02.1_2%3a1.02.167-1ubuntu1_amd64.deb ...
#10 8.251 Unpacking libdevmapper1.02.1:amd64 (2:1.02.167-1ubuntu1) ...
#10 8.278 Selecting previously unselected package libjson-c4:amd64.
#10 8.282 Preparing to unpack .../4-libjson-c4_0.13.1+dfsg-7ubuntu0.3_amd64.deb ...
#10 8.283 Unpacking libjson-c4:amd64 (0.13.1+dfsg-7ubuntu0.3) ...
#10 8.302 Selecting previously unselected package libcryptsetup12:amd64.
#10 8.307 Preparing to unpack .../5-libcryptsetup12_2%3a2.2.2-3ubuntu2.5_amd64.deb ...
#10 8.307 Unpacking libcryptsetup12:amd64 (2:2.2.2-3ubuntu2.5) ...
#10 8.337 Selecting previously unselected package libip4tc2:amd64.
#10 8.341 Preparing to unpack .../6-libip4tc2_1.8.4-3ubuntu2.1_amd64.deb ...
#10 8.342 Unpacking libip4tc2:amd64 (1.8.4-3ubuntu2.1) ...
#10 8.360 Selecting previously unselected package libkmod2:amd64.
#10 8.365 Preparing to unpack .../7-libkmod2_27-1ubuntu2.1_amd64.deb ...
#10 8.366 Unpacking libkmod2:amd64 (27-1ubuntu2.1) ...
#10 8.386 Selecting previously unselected package systemd-timesyncd.
#10 8.390 Preparing to unpack .../8-systemd-timesyncd_245.4-4ubuntu3.24_amd64.deb ...
#10 8.391 Unpacking systemd-timesyncd (245.4-4ubuntu3.24) ...
#10 8.413 Selecting previously unselected package systemd.
#10 8.417 Preparing to unpack .../9-systemd_245.4-4ubuntu3.24_amd64.deb ...
#10 8.469 Unpacking systemd (245.4-4ubuntu3.24) ...
#10 8.818 Setting up libapparmor1:amd64 (2.13.3-7ubuntu5.4) ...
#10 8.820 Setting up libcap2:amd64 (1:2.32-1ubuntu0.2) ...
#10 8.822 Setting up libargon2-1:amd64 (0~20171227-0.2) ...
#10 8.824 Setting up libdevmapper1.02.1:amd64 (2:1.02.167-1ubuntu1) ...
#10 8.826 Setting up libjson-c4:amd64 (0.13.1+dfsg-7ubuntu0.3) ...
#10 8.828 Setting up libcryptsetup12:amd64 (2:2.2.2-3ubuntu2.5) ...
#10 8.830 Setting up libip4tc2:amd64 (1.8.4-3ubuntu2.1) ...
#10 8.832 Setting up libkmod2:amd64 (27-1ubuntu2.1) ...
#10 8.834 Setting up systemd-timesyncd (245.4-4ubuntu3.24) ...
#10 9.012 Created symlink /etc/systemd/system/dbus-org.freedesktop.timesync1.service → /lib/systemd/system/systemd-timesyncd.service.
#10 9.012 Created symlink /etc/systemd/system/sysinit.target.wants/systemd-timesyncd.service → /lib/systemd/system/systemd-timesyncd.service.
#10 9.016 Setting up systemd (245.4-4ubuntu3.24) ...
#10 9.030 Created symlink /etc/systemd/system/getty.target.wants/getty@tty1.service → /lib/systemd/system/getty@.service.
#10 9.033 Created symlink /etc/systemd/system/multi-user.target.wants/remote-fs.target → /lib/systemd/system/remote-fs.target.
#10 9.038 Created symlink /etc/systemd/system/dbus-org.freedesktop.resolve1.service → /lib/systemd/system/systemd-resolved.service.
#10 9.038 Created symlink /etc/systemd/system/multi-user.target.wants/systemd-resolved.service → /lib/systemd/system/systemd-resolved.service.
#10 9.045 ln: failed to create symbolic link '/etc/resolv.conf': Device or resource busy
#10 9.048 Created symlink /etc/systemd/system/multi-user.target.wants/ondemand.service → /lib/systemd/system/ondemand.service.
#10 9.053 Created symlink /etc/systemd/system/sysinit.target.wants/systemd-pstore.service → /lib/systemd/system/systemd-pstore.service.
#10 9.058 Initializing machine ID from random generator.
#10 9.352 Selecting previously unselected package systemd-sysv.
#10 9.352 (Reading database ... (Reading database ... 5%(Reading database ... 10%(Reading database ... 15%(Reading database ... 20%(Reading database ... 25%(Reading database ... 30%(Reading database ... 35%(Reading database ... 40%(Reading database ... 45%(Reading database ... 50%(Reading database ... 55%(Reading database ... 60%(Reading database ... 65%(Reading database ... 70%(Reading database ... 75%(Reading database ... 80%(Reading database ... 85%(Reading database ... 90%(Reading database ... 95%(Reading database ... 100%(Reading database ... 47887 files and directories currently installed.)
#10 9.378 Preparing to unpack .../000-systemd-sysv_245.4-4ubuntu3.24_amd64.deb ...
#10 9.379 Unpacking systemd-sysv (245.4-4ubuntu3.24) ...
#10 9.399 Selecting previously unselected package libdouble-conversion3:amd64.
#10 9.404 Preparing to unpack .../001-libdouble-conversion3_3.1.5-4ubuntu1_amd64.deb ...
#10 9.405 Unpacking libdouble-conversion3:amd64 (3.1.5-4ubuntu1) ...
#10 9.425 Selecting previously unselected package libpcre2-16-0:amd64.
#10 9.429 Preparing to unpack .../002-libpcre2-16-0_10.34-7ubuntu0.1_amd64.deb ...
#10 9.430 Unpacking libpcre2-16-0:amd64 (10.34-7ubuntu0.1) ...
#10 9.464 Selecting previously unselected package libqt5core5a:amd64.
#10 9.468 Preparing to unpack .../003-libqt5core5a_5.12.8+dfsg-0ubuntu2.1_amd64.deb ...
#10 9.475 Unpacking libqt5core5a:amd64 (5.12.8+dfsg-0ubuntu2.1) ...
#10 9.614 Selecting previously unselected package libpng16-16:amd64.
#10 9.618 Preparing to unpack .../004-libpng16-16_1.6.37-2_amd64.deb ...
#10 9.619 Unpacking libpng16-16:amd64 (1.6.37-2) ...
#10 9.649 Selecting previously unselected package libfreetype6:amd64.
#10 9.654 Preparing to unpack .../005-libfreetype6_2.10.1-2ubuntu0.4_amd64.deb ...
#10 9.654 Unpacking libfreetype6:amd64 (2.10.1-2ubuntu0.4) ...
#10 9.699 Selecting previously unselected package ucf.
#10 9.704 Preparing to unpack .../006-ucf_3.0038+nmu1_all.deb ...
#10 9.706 Moving old data out of the way
#10 9.708 Unpacking ucf (3.0038+nmu1) ...
#10 9.728 Selecting previously unselected package fonts-dejavu-core.
#10 9.732 Preparing to unpack .../007-fonts-dejavu-core_2.37-1_all.deb ...
#10 9.733 Unpacking fonts-dejavu-core (2.37-1) ...
#10 9.829 Selecting previously unselected package fontconfig-config.
#10 9.833 Preparing to unpack .../008-fontconfig-config_2.13.1-2ubuntu3_all.deb ...
#10 9.834 Unpacking fontconfig-config (2.13.1-2ubuntu3) ...
#10 9.861 Selecting previously unselected package libfontconfig1:amd64.
#10 9.866 Preparing to unpack .../009-libfontconfig1_2.13.1-2ubuntu3_amd64.deb ...
#10 9.867 Unpacking libfontconfig1:amd64 (2.13.1-2ubuntu3) ...
#10 9.892 Selecting previously unselected package fontconfig.
#10 9.896 Preparing to unpack .../010-fontconfig_2.13.1-2ubuntu3_amd64.deb ...
#10 9.897 Unpacking fontconfig (2.13.1-2ubuntu3) ...
#10 9.923 Selecting previously unselected package libdrm-common.
#10 9.927 Preparing to unpack .../011-libdrm-common_2.4.107-8ubuntu1~20.04.2_all.deb ...
#10 9.928 Unpacking libdrm-common (2.4.107-8ubuntu1~20.04.2) ...
#10 9.945 Selecting previously unselected package libdrm2:amd64.
#10 9.950 Preparing to unpack .../012-libdrm2_2.4.107-8ubuntu1~20.04.2_amd64.deb ...
#10 9.951 Unpacking libdrm2:amd64 (2.4.107-8ubuntu1~20.04.2) ...
#10 9.971 Selecting previously unselected package libglvnd0:amd64.
#10 9.975 Preparing to unpack .../013-libglvnd0_1.3.2-1~ubuntu0.20.04.2_amd64.deb ...
#10 9.976 Unpacking libglvnd0:amd64 (1.3.2-1~ubuntu0.20.04.2) ...
#10 10.000 Selecting previously unselected package libwayland-server0:amd64.
#10 10.00 Preparing to unpack .../014-libwayland-server0_1.18.0-1ubuntu0.1_amd64.deb ...
#10 10.00 Unpacking libwayland-server0:amd64 (1.18.0-1ubuntu0.1) ...
#10 10.03 Selecting previously unselected package libgbm1:amd64.
#10 10.03 Preparing to unpack .../015-libgbm1_21.2.6-0ubuntu0.1~20.04.2_amd64.deb ...
#10 10.03 Unpacking libgbm1:amd64 (21.2.6-0ubuntu0.1~20.04.2) ...
#10 10.05 Selecting previously unselected package libglapi-mesa:amd64.
#10 10.06 Preparing to unpack .../016-libglapi-mesa_21.2.6-0ubuntu0.1~20.04.2_amd64.deb ...
#10 10.06 Unpacking libglapi-mesa:amd64 (21.2.6-0ubuntu0.1~20.04.2) ...
#10 10.08 Selecting previously unselected package libwayland-client0:amd64.
#10 10.08 Preparing to unpack .../017-libwayland-client0_1.18.0-1ubuntu0.1_amd64.deb ...
#10 10.08 Unpacking libwayland-client0:amd64 (1.18.0-1ubuntu0.1) ...
#10 10.10 Selecting previously unselected package libx11-xcb1:amd64.
#10 10.11 Preparing to unpack .../018-libx11-xcb1_2%3a1.6.9-2ubuntu1.6_amd64.deb ...
#10 10.11 Unpacking libx11-xcb1:amd64 (2:1.6.9-2ubuntu1.6) ...
#10 10.13 Selecting previously unselected package libxcb-dri2-0:amd64.
#10 10.13 Preparing to unpack .../019-libxcb-dri2-0_1.14-2_amd64.deb ...
#10 10.14 Unpacking libxcb-dri2-0:amd64 (1.14-2) ...
#10 10.15 Selecting previously unselected package libxcb-dri3-0:amd64.
#10 10.16 Preparing to unpack .../020-libxcb-dri3-0_1.14-2_amd64.deb ...
#10 10.16 Unpacking libxcb-dri3-0:amd64 (1.14-2) ...
#10 10.18 Selecting previously unselected package libxcb-present0:amd64.
#10 10.18 Preparing to unpack .../021-libxcb-present0_1.14-2_amd64.deb ...
#10 10.18 Unpacking libxcb-present0:amd64 (1.14-2) ...
#10 10.20 Selecting previously unselected package libxcb-sync1:amd64.
#10 10.20 Preparing to unpack .../022-libxcb-sync1_1.14-2_amd64.deb ...
#10 10.21 Unpacking libxcb-sync1:amd64 (1.14-2) ...
#10 10.22 Selecting previously unselected package libxcb-xfixes0:amd64.
#10 10.23 Preparing to unpack .../023-libxcb-xfixes0_1.14-2_amd64.deb ...
#10 10.23 Unpacking libxcb-xfixes0:amd64 (1.14-2) ...
#10 10.25 Selecting previously unselected package libxshmfence1:amd64.
#10 10.25 Preparing to unpack .../024-libxshmfence1_1.3-1_amd64.deb ...
#10 10.25 Unpacking libxshmfence1:amd64 (1.3-1) ...
#10 10.27 Selecting previously unselected package libegl-mesa0:amd64.
#10 10.28 Preparing to unpack .../025-libegl-mesa0_21.2.6-0ubuntu0.1~20.04.2_amd64.deb ...
#10 10.28 Unpacking libegl-mesa0:amd64 (21.2.6-0ubuntu0.1~20.04.2) ...
#10 10.30 Selecting previously unselected package libegl1:amd64.
#10 10.31 Preparing to unpack .../026-libegl1_1.3.2-1~ubuntu0.20.04.2_amd64.deb ...
#10 10.31 Unpacking libegl1:amd64 (1.3.2-1~ubuntu0.20.04.2) ...
#10 10.33 Selecting previously unselected package libxcb-glx0:amd64.
#10 10.33 Preparing to unpack .../027-libxcb-glx0_1.14-2_amd64.deb ...
#10 10.33 Unpacking libxcb-glx0:amd64 (1.14-2) ...
#10 10.36 Selecting previously unselected package libxcb-shm0:amd64.
#10 10.36 Preparing to unpack .../028-libxcb-shm0_1.14-2_amd64.deb ...
#10 10.36 Unpacking libxcb-shm0:amd64 (1.14-2) ...
#10 10.38 Selecting previously unselected package libxfixes3:amd64.
#10 10.38 Preparing to unpack .../029-libxfixes3_1%3a5.0.3-2_amd64.deb ...
#10 10.38 Unpacking libxfixes3:amd64 (1:5.0.3-2) ...
#10 10.40 Selecting previously unselected package libxxf86vm1:amd64.
#10 10.41 Preparing to unpack .../030-libxxf86vm1_1%3a1.1.4-1build1_amd64.deb ...
#10 10.41 Unpacking libxxf86vm1:amd64 (1:1.1.4-1build1) ...
#10 10.43 Selecting previously unselected package libdrm-amdgpu1:amd64.
#10 10.43 Preparing to unpack .../031-libdrm-amdgpu1_2.4.107-8ubuntu1~20.04.2_amd64.deb ...
#10 10.43 Unpacking libdrm-amdgpu1:amd64 (2.4.107-8ubuntu1~20.04.2) ...
#10 10.45 Selecting previously unselected package libdrm-intel1:amd64.
#10 10.46 Preparing to unpack .../032-libdrm-intel1_2.4.107-8ubuntu1~20.04.2_amd64.deb ...
#10 10.46 Unpacking libdrm-intel1:amd64 (2.4.107-8ubuntu1~20.04.2) ...
#10 10.48 Selecting previously unselected package libdrm-nouveau2:amd64.
#10 10.49 Preparing to unpack .../033-libdrm-nouveau2_2.4.107-8ubuntu1~20.04.2_amd64.deb ...
#10 10.49 Unpacking libdrm-nouveau2:amd64 (2.4.107-8ubuntu1~20.04.2) ...
#10 10.51 Selecting previously unselected package libdrm-radeon1:amd64.
#10 10.51 Preparing to unpack .../034-libdrm-radeon1_2.4.107-8ubuntu1~20.04.2_amd64.deb ...
#10 10.51 Unpacking libdrm-radeon1:amd64 (2.4.107-8ubuntu1~20.04.2) ...
#10 10.53 Selecting previously unselected package libelf1:amd64.
#10 10.54 Preparing to unpack .../035-libelf1_0.176-1.1ubuntu0.1_amd64.deb ...
#10 10.54 Unpacking libelf1:amd64 (0.176-1.1ubuntu0.1) ...
#10 10.56 Selecting previously unselected package libllvm12:amd64.
#10 10.56 Preparing to unpack .../036-libllvm12_1%3a12.0.0-3ubuntu1~20.04.5_amd64.deb ...
#10 10.56 Unpacking libllvm12:amd64 (1:12.0.0-3ubuntu1~20.04.5) ...
#10 11.93 Selecting previously unselected package libsensors-config.
#10 11.94 Preparing to unpack .../037-libsensors-config_1%3a3.6.0-2ubuntu1.1_all.deb ...
#10 11.94 Unpacking libsensors-config (1:3.6.0-2ubuntu1.1) ...
#10 11.96 Selecting previously unselected package libsensors5:amd64.
#10 11.96 Preparing to unpack .../038-libsensors5_1%3a3.6.0-2ubuntu1.1_amd64.deb ...
#10 11.99 Unpacking libsensors5:amd64 (1:3.6.0-2ubuntu1.1) ...
#10 12.01 Selecting previously unselected package libvulkan1:amd64.
#10 12.02 Preparing to unpack .../039-libvulkan1_1.2.131.2-1_amd64.deb ...
#10 12.02 Unpacking libvulkan1:amd64 (1.2.131.2-1) ...
#10 12.04 Selecting previously unselected package libgl1-mesa-dri:amd64.
#10 12.05 Preparing to unpack .../040-libgl1-mesa-dri_21.2.6-0ubuntu0.1~20.04.2_amd64.deb ...
#10 12.05 Unpacking libgl1-mesa-dri:amd64 (21.2.6-0ubuntu0.1~20.04.2) ...
#10 12.81 Selecting previously unselected package libglx-mesa0:amd64.
#10 12.82 Preparing to unpack .../041-libglx-mesa0_21.2.6-0ubuntu0.1~20.04.2_amd64.deb ...
#10 12.82 Unpacking libglx-mesa0:amd64 (21.2.6-0ubuntu0.1~20.04.2) ...
#10 12.85 Selecting previously unselected package libglx0:amd64.
#10 12.85 Preparing to unpack .../042-libglx0_1.3.2-1~ubuntu0.20.04.2_amd64.deb ...
#10 12.85 Unpacking libglx0:amd64 (1.3.2-1~ubuntu0.20.04.2) ...
#10 12.87 Selecting previously unselected package libgl1:amd64.
#10 12.88 Preparing to unpack .../043-libgl1_1.3.2-1~ubuntu0.20.04.2_amd64.deb ...
#10 12.88 Unpacking libgl1:amd64 (1.3.2-1~ubuntu0.20.04.2) ...
#10 12.91 Selecting previously unselected package libgraphite2-3:amd64.
#10 12.91 Preparing to unpack .../044-libgraphite2-3_1.3.13-11build1_amd64.deb ...
#10 12.91 Unpacking libgraphite2-3:amd64 (1.3.13-11build1) ...
#10 12.93 Selecting previously unselected package libharfbuzz0b:amd64.
#10 12.94 Preparing to unpack .../045-libharfbuzz0b_2.6.4-1ubuntu4.3_amd64.deb ...
#10 12.94 Unpacking libharfbuzz0b:amd64 (2.6.4-1ubuntu4.3) ...
#10 12.98 Selecting previously unselected package x11-common.
#10 12.99 Preparing to unpack .../046-x11-common_1%3a7.7+19ubuntu14_all.deb ...
#10 13.00 dpkg-query: no packages found matching nux-tools
#10 13.01 Unpacking x11-common (1:7.7+19ubuntu14) ...
#10 13.04 Selecting previously unselected package libice6:amd64.
#10 13.04 Preparing to unpack .../047-libice6_2%3a1.0.10-0ubuntu1_amd64.deb ...
#10 13.04 Unpacking libice6:amd64 (2:1.0.10-0ubuntu1) ...
#10 13.06 Selecting previously unselected package libevdev2:amd64.
#10 13.07 Preparing to unpack .../048-libevdev2_1.9.0+dfsg-1ubuntu0.2_amd64.deb ...
#10 13.07 Unpacking libevdev2:amd64 (1.9.0+dfsg-1ubuntu0.2) ...
#10 13.09 Selecting previously unselected package libmtdev1:amd64.
#10 13.09 Preparing to unpack .../049-libmtdev1_1.1.5-1.1_amd64.deb ...
#10 13.09 Unpacking libmtdev1:amd64 (1.1.5-1.1) ...
#10 13.11 Selecting previously unselected package libgudev-1.0-0:amd64.
#10 13.12 Preparing to unpack .../050-libgudev-1.0-0_1%3a233-1_amd64.deb ...
#10 13.12 Unpacking libgudev-1.0-0:amd64 (1:233-1) ...
#10 13.14 Selecting previously unselected package libwacom-common.
#10 13.14 Preparing to unpack .../051-libwacom-common_1.3-2ubuntu3_all.deb ...
#10 13.14 Unpacking libwacom-common (1.3-2ubuntu3) ...
#10 13.21 Selecting previously unselected package libwacom2:amd64.
#10 13.21 Preparing to unpack .../052-libwacom2_1.3-2ubuntu3_amd64.deb ...
#10 13.22 Unpacking libwacom2:amd64 (1.3-2ubuntu3) ...
#10 13.23 Selecting previously unselected package libinput-bin.
#10 13.24 Preparing to unpack .../053-libinput-bin_1.15.5-1ubuntu0.3_amd64.deb ...
#10 13.24 Unpacking libinput-bin (1.15.5-1ubuntu0.3) ...
#10 13.26 Selecting previously unselected package libinput10:amd64.
#10 13.27 Preparing to unpack .../054-libinput10_1.15.5-1ubuntu0.3_amd64.deb ...
#10 13.27 Unpacking libinput10:amd64 (1.15.5-1ubuntu0.3) ...
#10 13.29 Selecting previously unselected package libjpeg-turbo8:amd64.
#10 13.30 Preparing to unpack .../055-libjpeg-turbo8_2.0.3-0ubuntu1.20.04.3_amd64.deb ...
#10 13.30 Unpacking libjpeg-turbo8:amd64 (2.0.3-0ubuntu1.20.04.3) ...
#10 13.32 Selecting previously unselected package libjpeg8:amd64.
#10 13.33 Preparing to unpack .../056-libjpeg8_8c-2ubuntu8_amd64.deb ...
#10 13.33 Unpacking libjpeg8:amd64 (8c-2ubuntu8) ...
#10 13.35 Selecting previously unselected package libdbus-1-3:amd64.
#10 13.35 Preparing to unpack .../057-libdbus-1-3_1.12.16-2ubuntu2.3_amd64.deb ...
#10 13.35 Unpacking libdbus-1-3:amd64 (1.12.16-2ubuntu2.3) ...
#10 13.38 Selecting previously unselected package libqt5dbus5:amd64.
#10 13.38 Preparing to unpack .../058-libqt5dbus5_5.12.8+dfsg-0ubuntu2.1_amd64.deb ...
#10 13.38 Unpacking libqt5dbus5:amd64 (5.12.8+dfsg-0ubuntu2.1) ...
#10 13.42 Selecting previously unselected package libqt5network5:amd64.
#10 13.42 Preparing to unpack .../059-libqt5network5_5.12.8+dfsg-0ubuntu2.1_amd64.deb ...
#10 13.42 Unpacking libqt5network5:amd64 (5.12.8+dfsg-0ubuntu2.1) ...
#10 13.49 Selecting previously unselected package libsm6:amd64.
#10 13.50 Preparing to unpack .../060-libsm6_2%3a1.2.3-1_amd64.deb ...
#10 13.50 Unpacking libsm6:amd64 (2:1.2.3-1) ...
#10 13.51 Selecting previously unselected package libxcb-icccm4:amd64.
#10 13.52 Preparing to unpack .../061-libxcb-icccm4_0.4.1-1.1_amd64.deb ...
#10 13.52 Unpacking libxcb-icccm4:amd64 (0.4.1-1.1) ...
#10 13.54 Selecting previously unselected package libxcb-util1:amd64.
#10 13.54 Preparing to unpack .../062-libxcb-util1_0.4.0-0ubuntu3_amd64.deb ...
#10 13.54 Unpacking libxcb-util1:amd64 (0.4.0-0ubuntu3) ...
#10 13.56 Selecting previously unselected package libxcb-image0:amd64.
#10 13.57 Preparing to unpack .../063-libxcb-image0_0.4.0-1build1_amd64.deb ...
#10 13.57 Unpacking libxcb-image0:amd64 (0.4.0-1build1) ...
#10 13.59 Selecting previously unselected package libxcb-keysyms1:amd64.
#10 13.59 Preparing to unpack .../064-libxcb-keysyms1_0.4.0-1build1_amd64.deb ...
#10 13.59 Unpacking libxcb-keysyms1:amd64 (0.4.0-1build1) ...
#10 13.61 Selecting previously unselected package libxcb-randr0:amd64.
#10 13.61 Preparing to unpack .../065-libxcb-randr0_1.14-2_amd64.deb ...
#10 13.61 Unpacking libxcb-randr0:amd64 (1.14-2) ...
#10 13.63 Selecting previously unselected package libxcb-render0:amd64.
#10 13.64 Preparing to unpack .../066-libxcb-render0_1.14-2_amd64.deb ...
#10 13.64 Unpacking libxcb-render0:amd64 (1.14-2) ...
#10 13.66 Selecting previously unselected package libxcb-render-util0:amd64.
#10 13.66 Preparing to unpack .../067-libxcb-render-util0_0.3.9-1build1_amd64.deb ...
#10 13.66 Unpacking libxcb-render-util0:amd64 (0.3.9-1build1) ...
#10 13.68 Selecting previously unselected package libxcb-shape0:amd64.
#10 13.68 Preparing to unpack .../068-libxcb-shape0_1.14-2_amd64.deb ...
#10 13.69 Unpacking libxcb-shape0:amd64 (1.14-2) ...
#10 13.70 Selecting previously unselected package libxcb-xinerama0:amd64.
#10 13.71 Preparing to unpack .../069-libxcb-xinerama0_1.14-2_amd64.deb ...
#10 13.71 Unpacking libxcb-xinerama0:amd64 (1.14-2) ...
#10 13.73 Selecting previously unselected package libxcb-xinput0:amd64.
#10 13.73 Preparing to unpack .../070-libxcb-xinput0_1.14-2_amd64.deb ...
#10 13.73 Unpacking libxcb-xinput0:amd64 (1.14-2) ...
#10 13.75 Selecting previously unselected package libxcb-xkb1:amd64.
#10 13.75 Preparing to unpack .../071-libxcb-xkb1_1.14-2_amd64.deb ...
#10 13.76 Unpacking libxcb-xkb1:amd64 (1.14-2) ...
#10 13.77 Selecting previously unselected package xkb-data.
#10 13.78 Preparing to unpack .../072-xkb-data_2.29-2_all.deb ...
#10 13.78 Unpacking xkb-data (2.29-2) ...
#10 13.86 Selecting previously unselected package libxkbcommon0:amd64.
#10 13.86 Preparing to unpack .../073-libxkbcommon0_0.10.0-1_amd64.deb ...
#10 13.86 Unpacking libxkbcommon0:amd64 (0.10.0-1) ...
#10 13.89 Selecting previously unselected package libxkbcommon-x11-0:amd64.
#10 13.89 Preparing to unpack .../074-libxkbcommon-x11-0_0.10.0-1_amd64.deb ...
#10 13.89 Unpacking libxkbcommon-x11-0:amd64 (0.10.0-1) ...
#10 13.91 Selecting previously unselected package libxrender1:amd64.
#10 13.92 Preparing to unpack .../075-libxrender1_1%3a0.9.10-1_amd64.deb ...
#10 13.92 Unpacking libxrender1:amd64 (1:0.9.10-1) ...
#10 13.94 Selecting previously unselected package libqt5gui5:amd64.
#10 13.95 Preparing to unpack .../076-libqt5gui5_5.12.8+dfsg-0ubuntu2.1_amd64.deb ...
#10 13.95 Unpacking libqt5gui5:amd64 (5.12.8+dfsg-0ubuntu2.1) ...
#10 14.20 Selecting previously unselected package libqt5widgets5:amd64.
#10 14.20 Preparing to unpack .../077-libqt5widgets5_5.12.8+dfsg-0ubuntu2.1_amd64.deb ...
#10 14.20 Unpacking libqt5widgets5:amd64 (5.12.8+dfsg-0ubuntu2.1) ...
#10 14.38 Selecting previously unselected package libqt5svg5:amd64.
#10 14.38 Preparing to unpack .../078-libqt5svg5_5.12.8-0ubuntu1_amd64.deb ...
#10 14.38 Unpacking libqt5svg5:amd64 (5.12.8-0ubuntu1) ...
#10 14.41 Selecting previously unselected package dbus.
#10 14.42 Preparing to unpack .../079-dbus_1.12.16-2ubuntu2.3_amd64.deb ...
#10 14.43 Unpacking dbus (1.12.16-2ubuntu2.3) ...
#10 14.46 Selecting previously unselected package libcap2-bin.
#10 14.47 Preparing to unpack .../080-libcap2-bin_1%3a2.32-1ubuntu0.2_amd64.deb ...
#10 14.47 Unpacking libcap2-bin (1:2.32-1ubuntu0.2) ...
#10 14.49 Selecting previously unselected package libfribidi0:amd64.
#10 14.49 Preparing to unpack .../081-libfribidi0_1.0.8-2ubuntu0.1_amd64.deb ...
#10 14.49 Unpacking libfribidi0:amd64 (1.0.8-2ubuntu0.1) ...
#10 14.51 Selecting previously unselected package libpam-systemd:amd64.
#10 14.52 Preparing to unpack .../082-libpam-systemd_245.4-4ubuntu3.24_amd64.deb ...
#10 14.52 Unpacking libpam-systemd:amd64 (245.4-4ubuntu3.24) ...
#10 14.58 Selecting previously unselected package shared-mime-info.
#10 14.58 Preparing to unpack .../083-shared-mime-info_1.15-1_amd64.deb ...
#10 14.58 Unpacking shared-mime-info (1.15-1) ...
#10 14.63 Selecting previously unselected package iso-codes.
#10 14.64 Preparing to unpack .../084-iso-codes_4.4-1_all.deb ...
#10 14.64 Unpacking iso-codes (4.4-1) ...
#10 14.94 Selecting previously unselected package libusb-1.0-0:amd64.
#10 14.94 Preparing to unpack .../085-libusb-1.0-0_2%3a1.0.23-2build1_amd64.deb ...
#10 14.94 Unpacking libusb-1.0-0:amd64 (2:1.0.23-2build1) ...
#10 14.96 Selecting previously unselected package hicolor-icon-theme.
#10 14.97 Preparing to unpack .../086-hicolor-icon-theme_0.17-2_all.deb ...
#10 14.97 Unpacking hicolor-icon-theme (0.17-2) ...
#10 15.04 Selecting previously unselected package libjbig0:amd64.
#10 15.05 Preparing to unpack .../087-libjbig0_2.1-3.1ubuntu0.20.04.1_amd64.deb ...
#10 15.05 Unpacking libjbig0:amd64 (2.1-3.1ubuntu0.20.04.1) ...
#10 15.07 Selecting previously unselected package libwebp6:amd64.
#10 15.07 Preparing to unpack .../088-libwebp6_0.6.1-2ubuntu0.20.04.3_amd64.deb ...
#10 15.07 Unpacking libwebp6:amd64 (0.6.1-2ubuntu0.20.04.3) ...
#10 15.10 Selecting previously unselected package libtiff5:amd64.
#10 15.11 Preparing to unpack .../089-libtiff5_4.1.0+git191117-2ubuntu0.20.04.14_amd64.deb ...
#10 15.11 Unpacking libtiff5:amd64 (4.1.0+git191117-2ubuntu0.20.04.14) ...
#10 15.14 Selecting previously unselected package libgdk-pixbuf2.0-common.
#10 15.14 Preparing to unpack .../090-libgdk-pixbuf2.0-common_2.40.0+dfsg-3ubuntu0.5_all.deb ...
#10 15.15 Unpacking libgdk-pixbuf2.0-common (2.40.0+dfsg-3ubuntu0.5) ...
#10 15.16 Selecting previously unselected package libgdk-pixbuf2.0-0:amd64.
#10 15.17 Preparing to unpack .../091-libgdk-pixbuf2.0-0_2.40.0+dfsg-3ubuntu0.5_amd64.deb ...
#10 15.17 Unpacking libgdk-pixbuf2.0-0:amd64 (2.40.0+dfsg-3ubuntu0.5) ...
#10 15.20 Selecting previously unselected package gtk-update-icon-cache.
#10 15.21 Preparing to unpack .../092-gtk-update-icon-cache_3.24.20-0ubuntu1.2_amd64.deb ...
#10 15.22 No diversion 'diversion of /usr/sbin/update-icon-caches to /usr/sbin/update-icon-caches.gtk2 by libgtk-3-bin', none removed.
#10 15.23 No diversion 'diversion of /usr/share/man/man8/update-icon-caches.8.gz to /usr/share/man/man8/update-icon-caches.gtk2.8.gz by libgtk-3-bin', none removed.
#10 15.23 Unpacking gtk-update-icon-cache (3.24.20-0ubuntu1.2) ...
#10 15.25 Selecting previously unselected package libpixman-1-0:amd64.
#10 15.25 Preparing to unpack .../093-libpixman-1-0_0.38.4-0ubuntu2.1_amd64.deb ...
#10 15.25 Unpacking libpixman-1-0:amd64 (0.38.4-0ubuntu2.1) ...
#10 15.29 Selecting previously unselected package libcairo2:amd64.
#10 15.29 Preparing to unpack .../094-libcairo2_1.16.0-4ubuntu1_amd64.deb ...
#10 15.29 Unpacking libcairo2:amd64 (1.16.0-4ubuntu1) ...
#10 15.34 Selecting previously unselected package libcairo-gobject2:amd64.
#10 15.35 Preparing to unpack .../095-libcairo-gobject2_1.16.0-4ubuntu1_amd64.deb ...
#10 15.35 Unpacking libcairo-gobject2:amd64 (1.16.0-4ubuntu1) ...
#10 15.37 Selecting previously unselected package libthai-data.
#10 15.37 Preparing to unpack .../096-libthai-data_0.1.28-3_all.deb ...
#10 15.37 Unpacking libthai-data (0.1.28-3) ...
#10 15.40 Selecting previously unselected package libdatrie1:amd64.
#10 15.41 Preparing to unpack .../097-libdatrie1_0.2.12-3_amd64.deb ...
#10 15.41 Unpacking libdatrie1:amd64 (0.2.12-3) ...
#10 15.42 Selecting previously unselected package libthai0:amd64.
#10 15.43 Preparing to unpack .../098-libthai0_0.1.28-3_amd64.deb ...
#10 15.43 Unpacking libthai0:amd64 (0.1.28-3) ...
#10 15.45 Selecting previously unselected package libpango-1.0-0:amd64.
#10 15.45 Preparing to unpack .../099-libpango-1.0-0_1.44.7-2ubuntu4_amd64.deb ...
#10 15.45 Unpacking libpango-1.0-0:amd64 (1.44.7-2ubuntu4) ...
#10 15.48 Selecting previously unselected package libpangoft2-1.0-0:amd64.
#10 15.49 Preparing to unpack .../100-libpangoft2-1.0-0_1.44.7-2ubuntu4_amd64.deb ...
#10 15.49 Unpacking libpangoft2-1.0-0:amd64 (1.44.7-2ubuntu4) ...
#10 15.51 Selecting previously unselected package libpangocairo-1.0-0:amd64.
#10 15.51 Preparing to unpack .../101-libpangocairo-1.0-0_1.44.7-2ubuntu4_amd64.deb ...
#10 15.51 Unpacking libpangocairo-1.0-0:amd64 (1.44.7-2ubuntu4) ...
#10 15.53 Selecting previously unselected package librsvg2-2:amd64.
#10 15.54 Preparing to unpack .../102-librsvg2-2_2.48.9-1ubuntu0.20.04.4_amd64.deb ...
#10 15.54 Unpacking librsvg2-2:amd64 (2.48.9-1ubuntu0.20.04.4) ...
#10 15.73 Selecting previously unselected package librsvg2-common:amd64.
#10 15.73 Preparing to unpack .../103-librsvg2-common_2.48.9-1ubuntu0.20.04.4_amd64.deb ...
#10 15.73 Unpacking librsvg2-common:amd64 (2.48.9-1ubuntu0.20.04.4) ...
#10 15.76 Selecting previously unselected package humanity-icon-theme.
#10 15.76 Preparing to unpack .../104-humanity-icon-theme_0.6.15_all.deb ...
#10 15.76 Unpacking humanity-icon-theme (0.6.15) ...
#10 16.92 Selecting previously unselected package ubuntu-mono.
#10 16.93 Preparing to unpack .../105-ubuntu-mono_19.04-0ubuntu3_all.deb ...
#10 16.93 Unpacking ubuntu-mono (19.04-0ubuntu3) ...
#10 17.49 Selecting previously unselected package adwaita-icon-theme.
#10 17.49 Preparing to unpack .../106-adwaita-icon-theme_3.36.1-2ubuntu0.20.04.2_all.deb ...
#10 17.50 Unpacking adwaita-icon-theme (3.36.1-2ubuntu0.20.04.2) ...
#10 17.95 Selecting previously unselected package dbus-user-session.
#10 17.95 Preparing to unpack .../107-dbus-user-session_1.12.16-2ubuntu2.3_amd64.deb ...
#10 17.95 Unpacking dbus-user-session (1.12.16-2ubuntu2.3) ...
#10 17.97 Selecting previously unselected package libdconf1:amd64.
#10 17.98 Preparing to unpack .../108-libdconf1_0.36.0-1_amd64.deb ...
#10 17.98 Unpacking libdconf1:amd64 (0.36.0-1) ...
#10 18.00 Selecting previously unselected package dconf-service.
#10 18.01 Preparing to unpack .../109-dconf-service_0.36.0-1_amd64.deb ...
#10 18.01 Unpacking dconf-service (0.36.0-1) ...
#10 18.03 Selecting previously unselected package dconf-gsettings-backend:amd64.
#10 18.03 Preparing to unpack .../110-dconf-gsettings-backend_0.36.0-1_amd64.deb ...
#10 18.03 Unpacking dconf-gsettings-backend:amd64 (0.36.0-1) ...
#10 18.05 Selecting previously unselected package gdal-data.
#10 18.06 Preparing to unpack .../111-gdal-data_3.0.4+dfsg-1build3_all.deb ...
#10 18.06 Unpacking gdal-data (3.0.4+dfsg-1build3) ...
#10 18.10 Selecting previously unselected package libproxy1v5:amd64.
#10 18.10 Preparing to unpack .../112-libproxy1v5_0.4.15-10ubuntu1.2_amd64.deb ...
#10 18.10 Unpacking libproxy1v5:amd64 (0.4.15-10ubuntu1.2) ...
#10 18.13 Selecting previously unselected package glib-networking-common.
#10 18.13 Preparing to unpack .../113-glib-networking-common_2.64.2-1ubuntu0.1_all.deb ...
#10 18.13 Unpacking glib-networking-common (2.64.2-1ubuntu0.1) ...
#10 18.15 Selecting previously unselected package glib-networking-services.
#10 18.15 Preparing to unpack .../114-glib-networking-services_2.64.2-1ubuntu0.1_amd64.deb ...
#10 18.16 Unpacking glib-networking-services (2.64.2-1ubuntu0.1) ...
#10 18.17 Selecting previously unselected package gsettings-desktop-schemas.
#10 18.18 Preparing to unpack .../115-gsettings-desktop-schemas_3.36.0-1ubuntu1_all.deb ...
#10 18.18 Unpacking gsettings-desktop-schemas (3.36.0-1ubuntu1) ...
#10 18.21 Selecting previously unselected package glib-networking:amd64.
#10 18.21 Preparing to unpack .../116-glib-networking_2.64.2-1ubuntu0.1_amd64.deb ...
#10 18.21 Unpacking glib-networking:amd64 (2.64.2-1ubuntu0.1) ...
#10 18.23 Selecting previously unselected package libaec0:amd64.
#10 18.24 Preparing to unpack .../117-libaec0_1.0.4-1_amd64.deb ...
#10 18.24 Unpacking libaec0:amd64 (1.0.4-1) ...
#10 18.26 Selecting previously unselected package libaom0:amd64.
#10 18.27 Preparing to unpack .../118-libaom0_1.0.0.errata1-3+deb11u1ubuntu0.1_amd64.deb ...
#10 18.27 Unpacking libaom0:amd64 (1.0.0.errata1-3+deb11u1ubuntu0.1) ...
#10 18.37 Selecting previously unselected package libarpack2:amd64.
#10 18.38 Preparing to unpack .../119-libarpack2_3.7.0-3_amd64.deb ...
#10 18.38 Unpacking libarpack2:amd64 (3.7.0-3) ...
#10 18.40 Selecting previously unselected package libsuperlu5:amd64.
#10 18.41 Preparing to unpack .../120-libsuperlu5_5.2.1+dfsg1-4_amd64.deb ...
#10 18.41 Unpacking libsuperlu5:amd64 (5.2.1+dfsg1-4) ...
#10 18.44 Selecting previously unselected package libarmadillo9.
#10 18.45 Preparing to unpack .../121-libarmadillo9_1%3a9.800.4+dfsg-1build1_amd64.deb ...
#10 18.45 Unpacking libarmadillo9 (1:9.800.4+dfsg-1build1) ...
#10 18.47 Selecting previously unselected package libatk1.0-data.
#10 18.48 Preparing to unpack .../122-libatk1.0-data_2.35.1-1ubuntu2_all.deb ...
#10 18.48 Unpacking libatk1.0-data (2.35.1-1ubuntu2) ...
#10 18.50 Selecting previously unselected package libatk1.0-0:amd64.
#10 18.50 Preparing to unpack .../123-libatk1.0-0_2.35.1-1ubuntu2_amd64.deb ...
#10 18.50 Unpacking libatk1.0-0:amd64 (2.35.1-1ubuntu2) ...
#10 18.52 Selecting previously unselected package libatspi2.0-0:amd64.
#10 18.53 Preparing to unpack .../124-libatspi2.0-0_2.36.0-2_amd64.deb ...
#10 18.53 Unpacking libatspi2.0-0:amd64 (2.36.0-2) ...
#10 18.55 Selecting previously unselected package libatk-bridge2.0-0:amd64.
#10 18.56 Preparing to unpack .../125-libatk-bridge2.0-0_2.34.2-0ubuntu2~20.04.1_amd64.deb ...
#10 18.56 Unpacking libatk-bridge2.0-0:amd64 (2.34.2-0ubuntu2~20.04.1) ...
#10 18.58 Selecting previously unselected package libavahi-common-data:amd64.
#10 18.59 Preparing to unpack .../126-libavahi-common-data_0.7-4ubuntu7.3_amd64.deb ...
#10 18.59 Unpacking libavahi-common-data:amd64 (0.7-4ubuntu7.3) ...
#10 18.61 Selecting previously unselected package libavahi-common3:amd64.
#10 18.61 Preparing to unpack .../127-libavahi-common3_0.7-4ubuntu7.3_amd64.deb ...
#10 18.61 Unpacking libavahi-common3:amd64 (0.7-4ubuntu7.3) ...
#10 18.63 Selecting previously unselected package libavahi-client3:amd64.
#10 18.64 Preparing to unpack .../128-libavahi-client3_0.7-4ubuntu7.3_amd64.deb ...
#10 18.64 Unpacking libavahi-client3:amd64 (0.7-4ubuntu7.3) ...
#10 18.66 Selecting previously unselected package libva2:amd64.
#10 18.67 Preparing to unpack .../129-libva2_2.7.0-2_amd64.deb ...
#10 18.67 Unpacking libva2:amd64 (2.7.0-2) ...
#10 18.69 Selecting previously unselected package libva-drm2:amd64.
#10 18.70 Preparing to unpack .../130-libva-drm2_2.7.0-2_amd64.deb ...
#10 18.70 Unpacking libva-drm2:amd64 (2.7.0-2) ...
#10 18.71 Selecting previously unselected package libva-x11-2:amd64.
#10 18.72 Preparing to unpack .../131-libva-x11-2_2.7.0-2_amd64.deb ...
#10 18.72 Unpacking libva-x11-2:amd64 (2.7.0-2) ...
#10 18.74 Selecting previously unselected package libvdpau1:amd64.
#10 18.75 Preparing to unpack .../132-libvdpau1_1.3-1ubuntu2_amd64.deb ...
#10 18.75 Unpacking libvdpau1:amd64 (1.3-1ubuntu2) ...
#10 18.77 Selecting previously unselected package libavutil56:amd64.
#10 18.78 Preparing to unpack .../133-libavutil56_7%3a4.2.7-0ubuntu0.1_amd64.deb ...
#10 18.78 Unpacking libavutil56:amd64 (7:4.2.7-0ubuntu0.1) ...
#10 18.81 Selecting previously unselected package libcodec2-0.9:amd64.
#10 18.82 Preparing to unpack .../134-libcodec2-0.9_0.9.2-2_amd64.deb ...
#10 18.82 Unpacking libcodec2-0.9:amd64 (0.9.2-2) ...
#10 19.34 Selecting previously unselected package libgsm1:amd64.
#10 19.34 Preparing to unpack .../135-libgsm1_1.0.18-2_amd64.deb ...
#10 19.34 Unpacking libgsm1:amd64 (1.0.18-2) ...
#10 19.36 Selecting previously unselected package libmp3lame0:amd64.
#10 19.37 Preparing to unpack .../136-libmp3lame0_3.100-3_amd64.deb ...
#10 19.37 Unpacking libmp3lame0:amd64 (3.100-3) ...
#10 19.39 Selecting previously unselected package libopenjp2-7:amd64.
#10 19.40 Preparing to unpack .../137-libopenjp2-7_2.3.1-1ubuntu4.20.04.4_amd64.deb ...
#10 19.40 Unpacking libopenjp2-7:amd64 (2.3.1-1ubuntu4.20.04.4) ...
#10 19.43 Selecting previously unselected package libopus0:amd64.
#10 19.44 Preparing to unpack .../138-libopus0_1.3.1-0ubuntu1_amd64.deb ...
#10 19.44 Unpacking libopus0:amd64 (1.3.1-0ubuntu1) ...
#10 19.47 Selecting previously unselected package libshine3:amd64.
#10 19.47 Preparing to unpack .../139-libshine3_3.1.1-2_amd64.deb ...
#10 19.48 Unpacking libshine3:amd64 (3.1.1-2) ...
#10 19.50 Selecting previously unselected package libsnappy1v5:amd64.
#10 19.50 Preparing to unpack .../140-libsnappy1v5_1.1.8-1build1_amd64.deb ...
#10 19.50 Unpacking libsnappy1v5:amd64 (1.1.8-1build1) ...
#10 19.52 Selecting previously unselected package libspeex1:amd64.
#10 19.53 Preparing to unpack .../141-libspeex1_1.2~rc1.2-1.1ubuntu1.20.04.1_amd64.deb ...
#10 19.53 Unpacking libspeex1:amd64 (1.2~rc1.2-1.1ubuntu1.20.04.1) ...
#10 19.55 Selecting previously unselected package libsoxr0:amd64.
#10 19.55 Preparing to unpack .../142-libsoxr0_0.1.3-2build1_amd64.deb ...
#10 19.56 Unpacking libsoxr0:amd64 (0.1.3-2build1) ...
#10 19.58 Selecting previously unselected package libswresample3:amd64.
#10 19.59 Preparing to unpack .../143-libswresample3_7%3a4.2.7-0ubuntu0.1_amd64.deb ...
#10 19.59 Unpacking libswresample3:amd64 (7:4.2.7-0ubuntu0.1) ...
#10 19.61 Selecting previously unselected package libogg0:amd64.
#10 19.61 Preparing to unpack .../144-libogg0_1.3.4-0ubuntu1_amd64.deb ...
#10 19.62 Unpacking libogg0:amd64 (1.3.4-0ubuntu1) ...
#10 19.64 Selecting previously unselected package libtheora0:amd64.
#10 19.64 Preparing to unpack .../145-libtheora0_1.1.1+dfsg.1-15ubuntu2_amd64.deb ...
#10 19.64 Unpacking libtheora0:amd64 (1.1.1+dfsg.1-15ubuntu2) ...
#10 19.67 Selecting previously unselected package libtwolame0:amd64.
#10 19.68 Preparing to unpack .../146-libtwolame0_0.4.0-2_amd64.deb ...
#10 19.68 Unpacking libtwolame0:amd64 (0.4.0-2) ...
#10 19.70 Selecting previously unselected package libvorbis0a:amd64.
#10 19.71 Preparing to unpack .../147-libvorbis0a_1.3.6-2ubuntu1_amd64.deb ...
#10 19.71 Unpacking libvorbis0a:amd64 (1.3.6-2ubuntu1) ...
#10 19.73 Selecting previously unselected package libvorbisenc2:amd64.
#10 19.74 Preparing to unpack .../148-libvorbisenc2_1.3.6-2ubuntu1_amd64.deb ...
#10 19.74 Unpacking libvorbisenc2:amd64 (1.3.6-2ubuntu1) ...
#10 19.76 Selecting previously unselected package libvpx6:amd64.
#10 19.77 Preparing to unpack .../149-libvpx6_1.8.2-1ubuntu0.4_amd64.deb ...
#10 19.77 Unpacking libvpx6:amd64 (1.8.2-1ubuntu0.4) ...
#10 19.84 Selecting previously unselected package libwavpack1:amd64.
#10 19.85 Preparing to unpack .../150-libwavpack1_5.2.0-1ubuntu0.1_amd64.deb ...
#10 19.85 Unpacking libwavpack1:amd64 (5.2.0-1ubuntu0.1) ...
#10 19.87 Selecting previously unselected package libwebpmux3:amd64.
#10 19.88 Preparing to unpack .../151-libwebpmux3_0.6.1-2ubuntu0.20.04.3_amd64.deb ...
#10 19.88 Unpacking libwebpmux3:amd64 (0.6.1-2ubuntu0.20.04.3) ...
#10 19.90 Selecting previously unselected package libx264-155:amd64.
#10 19.91 Preparing to unpack .../152-libx264-155_2%3a0.155.2917+git0a84d98-2_amd64.deb ...
#10 19.91 Unpacking libx264-155:amd64 (2:0.155.2917+git0a84d98-2) ...
#10 19.96 Selecting previously unselected package libx265-179:amd64.
#10 19.97 Preparing to unpack .../153-libx265-179_3.2.1-1build1_amd64.deb ...
#10 19.97 Unpacking libx265-179:amd64 (3.2.1-1build1) ...
#10 20.09 Selecting previously unselected package libxvidcore4:amd64.
#10 20.09 Preparing to unpack .../154-libxvidcore4_2%3a1.3.7-1_amd64.deb ...
#10 20.09 Unpacking libxvidcore4:amd64 (2:1.3.7-1) ...
#10 20.13 Selecting previously unselected package libzvbi-common.
#10 20.13 Preparing to unpack .../155-libzvbi-common_0.2.35-17_all.deb ...
#10 20.13 Unpacking libzvbi-common (0.2.35-17) ...
#10 20.15 Selecting previously unselected package libzvbi0:amd64.
#10 20.16 Preparing to unpack .../156-libzvbi0_0.2.35-17_amd64.deb ...
#10 20.16 Unpacking libzvbi0:amd64 (0.2.35-17) ...
#10 20.20 Selecting previously unselected package libavcodec58:amd64.
#10 20.20 Preparing to unpack .../157-libavcodec58_7%3a4.2.7-0ubuntu0.1_amd64.deb ...
#10 20.20 Unpacking libavcodec58:amd64 (7:4.2.7-0ubuntu0.1) ...
#10 20.54 Selecting previously unselected package libavutil-dev:amd64.
#10 20.55 Preparing to unpack .../158-libavutil-dev_7%3a4.2.7-0ubuntu0.1_amd64.deb ...
#10 20.55 Unpacking libavutil-dev:amd64 (7:4.2.7-0ubuntu0.1) ...
#10 20.60 Selecting previously unselected package libswresample-dev:amd64.
#10 20.60 Preparing to unpack .../159-libswresample-dev_7%3a4.2.7-0ubuntu0.1_amd64.deb ...
#10 20.61 Unpacking libswresample-dev:amd64 (7:4.2.7-0ubuntu0.1) ...
#10 20.63 Selecting previously unselected package libavcodec-dev:amd64.
#10 20.63 Preparing to unpack .../160-libavcodec-dev_7%3a4.2.7-0ubuntu0.1_amd64.deb ...
#10 20.64 Unpacking libavcodec-dev:amd64 (7:4.2.7-0ubuntu0.1) ...
#10 21.02 Selecting previously unselected package libbluray2:amd64.
#10 21.03 Preparing to unpack .../161-libbluray2_1%3a1.2.0-1_amd64.deb ...
#10 21.03 Unpacking libbluray2:amd64 (1:1.2.0-1) ...
#10 21.06 Selecting previously unselected package libchromaprint1:amd64.
#10 21.06 Preparing to unpack .../162-libchromaprint1_1.4.3-3build1_amd64.deb ...
#10 21.06 Unpacking libchromaprint1:amd64 (1.4.3-3build1) ...
#10 21.08 Selecting previously unselected package libgme0:amd64.
#10 21.09 Preparing to unpack .../163-libgme0_0.6.2-1build1_amd64.deb ...
#10 21.09 Unpacking libgme0:amd64 (0.6.2-1build1) ...
#10 21.12 Selecting previously unselected package libmpg123-0:amd64.
#10 21.12 Preparing to unpack .../164-libmpg123-0_1.25.13-1ubuntu0.2_amd64.deb ...
#10 21.12 Unpacking libmpg123-0:amd64 (1.25.13-1ubuntu0.2) ...
#10 21.18 Selecting previously unselected package libvorbisfile3:amd64.
#10 21.18 Preparing to unpack .../165-libvorbisfile3_1.3.6-2ubuntu1_amd64.deb ...
#10 21.18 Unpacking libvorbisfile3:amd64 (1.3.6-2ubuntu1) ...
#10 21.20 Selecting previously unselected package libopenmpt0:amd64.
#10 21.21 Preparing to unpack .../166-libopenmpt0_0.4.11-1build1_amd64.deb ...
#10 21.21 Unpacking libopenmpt0:amd64 (0.4.11-1build1) ...
#10 21.27 Selecting previously unselected package libssh-gcrypt-4:amd64.
#10 21.27 Preparing to unpack .../167-libssh-gcrypt-4_0.9.3-2ubuntu2.5_amd64.deb ...
#10 21.28 Unpacking libssh-gcrypt-4:amd64 (0.9.3-2ubuntu2.5) ...
#10 21.31 Selecting previously unselected package libavformat58:amd64.
#10 21.31 Preparing to unpack .../168-libavformat58_7%3a4.2.7-0ubuntu0.1_amd64.deb ...
#10 21.31 Unpacking libavformat58:amd64 (7:4.2.7-0ubuntu0.1) ...
#10 21.40 Selecting previously unselected package libavformat-dev:amd64.
#10 21.40 Preparing to unpack .../169-libavformat-dev_7%3a4.2.7-0ubuntu0.1_amd64.deb ...
#10 21.40 Unpacking libavformat-dev:amd64 (7:4.2.7-0ubuntu0.1) ...
#10 21.50 Selecting previously unselected package libavresample4:amd64.
#10 21.51 Preparing to unpack .../170-libavresample4_7%3a4.2.7-0ubuntu0.1_amd64.deb ...
#10 21.51 Unpacking libavresample4:amd64 (7:4.2.7-0ubuntu0.1) ...
#10 21.53 Selecting previously unselected package libavresample-dev:amd64.
#10 21.54 Preparing to unpack .../171-libavresample-dev_7%3a4.2.7-0ubuntu0.1_amd64.deb ...
#10 21.54 Unpacking libavresample-dev:amd64 (7:4.2.7-0ubuntu0.1) ...
#10 21.57 Selecting previously unselected package libcurl3-gnutls:amd64.
#10 21.57 Preparing to unpack .../172-libcurl3-gnutls_7.68.0-1ubuntu2.25_amd64.deb ...
#10 21.57 Unpacking libcurl3-gnutls:amd64 (7.68.0-1ubuntu2.25) ...
#10 21.61 Selecting previously unselected package libcfitsio8:amd64.
#10 21.62 Preparing to unpack .../173-libcfitsio8_3.470-3_amd64.deb ...
#10 21.62 Unpacking libcfitsio8:amd64 (3.470-3) ...
#10 21.67 Selecting previously unselected package libcharls2:amd64.
#10 21.67 Preparing to unpack .../174-libcharls2_2.0.0+dfsg-1build1_amd64.deb ...
#10 21.68 Unpacking libcharls2:amd64 (2.0.0+dfsg-1build1) ...
#10 21.70 Selecting previously unselected package libllvm10:amd64.
#10 21.70 Preparing to unpack .../175-libllvm10_1%3a10.0.0-4ubuntu1_amd64.deb ...
#10 21.71 Unpacking libllvm10:amd64 (1:10.0.0-4ubuntu1) ...
#10 22.80 Selecting previously unselected package libclang1-10.
#10 22.81 Preparing to unpack .../176-libclang1-10_1%3a10.0.0-4ubuntu1_amd64.deb ...
#10 22.81 Unpacking libclang1-10 (1:10.0.0-4ubuntu1) ...
#10 23.35 Selecting previously unselected package liblcms2-2:amd64.
#10 23.35 Preparing to unpack .../177-liblcms2-2_2.9-4_amd64.deb ...
#10 23.35 Unpacking liblcms2-2:amd64 (2.9-4) ...
#10 23.38 Selecting previously unselected package libcolord2:amd64.
#10 23.39 Preparing to unpack .../178-libcolord2_1.4.4-2_amd64.deb ...
#10 23.39 Unpacking libcolord2:amd64 (1.4.4-2) ...
#10 23.42 Selecting previously unselected package libcups2:amd64.
#10 23.42 Preparing to unpack .../179-libcups2_2.3.1-9ubuntu1.9_amd64.deb ...
#10 23.42 Unpacking libcups2:amd64 (2.3.1-9ubuntu1.9) ...
#10 23.46 Selecting previously unselected package libdap25:amd64.
#10 23.46 Preparing to unpack .../180-libdap25_3.20.5-1_amd64.deb ...
#10 23.46 Unpacking libdap25:amd64 (3.20.5-1) ...
#10 23.52 Selecting previously unselected package libdapclient6v5:amd64.
#10 23.52 Preparing to unpack .../181-libdapclient6v5_3.20.5-1_amd64.deb ...
#10 23.52 Unpacking libdapclient6v5:amd64 (3.20.5-1) ...
#10 23.55 Selecting previously unselected package libepoxy0:amd64.
#10 23.55 Preparing to unpack .../182-libepoxy0_1.5.4-1_amd64.deb ...
#10 23.56 Unpacking libepoxy0:amd64 (1.5.4-1) ...
#10 23.59 Selecting previously unselected package libepsilon1:amd64.
#10 23.59 Preparing to unpack .../183-libepsilon1_0.9.2+dfsg-4_amd64.deb ...
#10 23.60 Unpacking libepsilon1:amd64 (0.9.2+dfsg-4) ...
#10 23.62 Selecting previously unselected package libexif12:amd64.
#10 23.62 Preparing to unpack .../184-libexif12_0.6.21-6ubuntu0.4_amd64.deb ...
#10 23.62 Unpacking libexif12:amd64 (0.6.21-6ubuntu0.4) ...
#10 23.65 Selecting previously unselected package libexif-dev:amd64.
#10 23.65 Preparing to unpack .../185-libexif-dev_0.6.21-6ubuntu0.4_amd64.deb ...
#10 23.65 Unpacking libexif-dev:amd64 (0.6.21-6ubuntu0.4) ...
#10 23.68 Selecting previously unselected package libfyba0:amd64.
#10 23.69 Preparing to unpack .../186-libfyba0_4.1.1-6build1_amd64.deb ...
#10 23.69 Unpacking libfyba0:amd64 (4.1.1-6build1) ...
#10 23.71 Selecting previously unselected package libxpm4:amd64.
#10 23.72 Preparing to unpack .../187-libxpm4_1%3a3.5.12-1ubuntu0.20.04.2_amd64.deb ...
#10 23.72 Unpacking libxpm4:amd64 (1:3.5.12-1ubuntu0.20.04.2) ...
#10 23.74 Selecting previously unselected package libgd3:amd64.
#10 23.75 Preparing to unpack .../188-libgd3_2.2.5-5.2ubuntu2.4_amd64.deb ...
#10 23.75 Unpacking libgd3:amd64 (2.2.5-5.2ubuntu2.4) ...
#10 23.78 Selecting previously unselected package libfreexl1:amd64.
#10 23.78 Preparing to unpack .../189-libfreexl1_1.0.5-3_amd64.deb ...
#10 23.78 Unpacking libfreexl1:amd64 (1.0.5-3) ...
#10 23.81 Selecting previously unselected package libgeos-3.8.0:amd64.
#10 23.81 Preparing to unpack .../190-libgeos-3.8.0_3.8.0-1build1_amd64.deb ...
#10 23.81 Unpacking libgeos-3.8.0:amd64 (3.8.0-1build1) ...
#10 23.86 Selecting previously unselected package libgeos-c1v5:amd64.
#10 23.87 Preparing to unpack .../191-libgeos-c1v5_3.8.0-1build1_amd64.deb ...
#10 23.87 Unpacking libgeos-c1v5:amd64 (3.8.0-1build1) ...
#10 23.89 Selecting previously unselected package proj-data.
#10 23.90 Preparing to unpack .../192-proj-data_6.3.1-1_all.deb ...
#10 23.90 Unpacking proj-data (6.3.1-1) ...
#10 24.48 Selecting previously unselected package libproj15:amd64.
#10 24.49 Preparing to unpack .../193-libproj15_6.3.1-1_amd64.deb ...
#10 24.49 Unpacking libproj15:amd64 (6.3.1-1) ...
#10 24.58 Selecting previously unselected package libgeotiff5:amd64.
#10 24.58 Preparing to unpack .../194-libgeotiff5_1.5.1-2_amd64.deb ...
#10 24.58 Unpacking libgeotiff5:amd64 (1.5.1-2) ...
#10 24.60 Selecting previously unselected package libgif7:amd64.
#10 24.61 Preparing to unpack .../195-libgif7_5.1.9-1ubuntu0.1_amd64.deb ...
#10 24.61 Unpacking libgif7:amd64 (5.1.9-1ubuntu0.1) ...
#10 24.63 Selecting previously unselected package libhdf4-0-alt.
#10 24.64 Preparing to unpack .../196-libhdf4-0-alt_4.2.14-1ubuntu1_amd64.deb ...
#10 24.64 Unpacking libhdf4-0-alt (4.2.14-1ubuntu1) ...
#10 24.68 Selecting previously unselected package libsz2:amd64.
#10 24.68 Preparing to unpack .../197-libsz2_1.0.4-1_amd64.deb ...
#10 24.69 Unpacking libsz2:amd64 (1.0.4-1) ...
#10 24.71 Selecting previously unselected package libhdf5-103:amd64.
#10 24.71 Preparing to unpack .../198-libhdf5-103_1.10.4+repack-11ubuntu1_amd64.deb ...
#10 24.72 Unpacking libhdf5-103:amd64 (1.10.4+repack-11ubuntu1) ...
#10 24.83 Selecting previously unselected package libminizip1:amd64.
#10 24.84 Preparing to unpack .../199-libminizip1_1.1-8build1_amd64.deb ...
#10 24.84 Unpacking libminizip1:amd64 (1.1-8build1) ...
#10 24.86 Selecting previously unselected package liburiparser1:amd64.
#10 24.86 Preparing to unpack .../200-liburiparser1_0.9.3-2_amd64.deb ...
#10 24.86 Unpacking liburiparser1:amd64 (0.9.3-2) ...
#10 24.89 Selecting previously unselected package libkmlbase1:amd64.
#10 24.89 Preparing to unpack .../201-libkmlbase1_1.3.0-8build1_amd64.deb ...
#10 24.89 Unpacking libkmlbase1:amd64 (1.3.0-8build1) ...
#10 24.92 Selecting previously unselected package libkmldom1:amd64.
#10 24.92 Preparing to unpack .../202-libkmldom1_1.3.0-8build1_amd64.deb ...
#10 24.92 Unpacking libkmldom1:amd64 (1.3.0-8build1) ...
#10 24.95 Selecting previously unselected package libkmlengine1:amd64.
#10 24.96 Preparing to unpack .../203-libkmlengine1_1.3.0-8build1_amd64.deb ...
#10 24.96 Unpacking libkmlengine1:amd64 (1.3.0-8build1) ...
#10 24.99 Selecting previously unselected package libnetcdf15:amd64.
#10 24.99 Preparing to unpack .../204-libnetcdf15_1%3a4.7.3-1_amd64.deb ...
#10 24.99 Unpacking libnetcdf15:amd64 (1:4.7.3-1) ...
#10 25.04 Selecting previously unselected package libogdi4.1.
#10 25.04 Preparing to unpack .../205-libogdi4.1_4.1.0+ds-1build1_amd64.deb ...
#10 25.04 Unpacking libogdi4.1 (4.1.0+ds-1build1) ...
#10 25.08 Selecting previously unselected package libnspr4:amd64.
#10 25.08 Preparing to unpack .../206-libnspr4_2%3a4.35-0ubuntu0.20.04.1_amd64.deb ...
#10 25.09 Unpacking libnspr4:amd64 (2:4.35-0ubuntu0.20.04.1) ...
#10 25.11 Selecting previously unselected package libnss3:amd64.
#10 25.12 Preparing to unpack .../207-libnss3_2%3a3.98-0ubuntu0.20.04.2_amd64.deb ...
#10 25.12 Unpacking libnss3:amd64 (2:3.98-0ubuntu0.20.04.2) ...
#10 25.24 Selecting previously unselected package libpoppler97:amd64.
#10 25.25 Preparing to unpack .../208-libpoppler97_0.86.1-0ubuntu1.7_amd64.deb ...
#10 25.25 Unpacking libpoppler97:amd64 (0.86.1-0ubuntu1.7) ...
#10 25.33 Selecting previously unselected package libpq5:amd64.
#10 25.34 Preparing to unpack .../209-libpq5_12.22-0ubuntu0.20.04.4_amd64.deb ...
#10 25.34 Unpacking libpq5:amd64 (12.22-0ubuntu0.20.04.4) ...
#10 25.37 Selecting previously unselected package libqhull7:amd64.
#10 25.37 Preparing to unpack .../210-libqhull7_2015.2-4_amd64.deb ...
#10 25.37 Unpacking libqhull7:amd64 (2015.2-4) ...
#10 25.40 Selecting previously unselected package libspatialite7:amd64.
#10 25.41 Preparing to unpack .../211-libspatialite7_4.3.0a-6build1_amd64.deb ...
#10 25.41 Unpacking libspatialite7:amd64 (4.3.0a-6build1) ...
#10 25.53 Selecting previously unselected package libxerces-c3.2:amd64.
#10 25.54 Preparing to unpack .../212-libxerces-c3.2_3.2.2+debian-1ubuntu0.2_amd64.deb ...
#10 25.54 Unpacking libxerces-c3.2:amd64 (3.2.2+debian-1ubuntu0.2) ...
#10 25.63 Selecting previously unselected package odbcinst.
#10 25.63 Preparing to unpack .../213-odbcinst_2.3.6-0.1ubuntu0.1_amd64.deb ...
#10 25.63 Unpacking odbcinst (2.3.6-0.1ubuntu0.1) ...
#10 25.65 Selecting previously unselected package odbcinst1debian2:amd64.
#10 25.66 Preparing to unpack .../214-odbcinst1debian2_2.3.6-0.1ubuntu0.1_amd64.deb ...
#10 25.66 Unpacking odbcinst1debian2:amd64 (2.3.6-0.1ubuntu0.1) ...
#10 25.69 Selecting previously unselected package libgdal26.
#10 25.70 Preparing to unpack .../215-libgdal26_3.0.4+dfsg-1build3_amd64.deb ...
#10 25.70 Unpacking libgdal26 (3.0.4+dfsg-1build3) ...
#10 26.12 Selecting previously unselected package libsocket++1:amd64.
#10 26.13 Preparing to unpack .../216-libsocket++1_1.12.13-10build1_amd64.deb ...
#10 26.13 Unpacking libsocket++1:amd64 (1.12.13-10build1) ...
#10 26.15 Selecting previously unselected package libgdcm3.0:amd64.
#10 26.15 Preparing to unpack .../217-libgdcm3.0_3.0.5-1.1ubuntu2_amd64.deb ...
#10 26.16 Unpacking libgdcm3.0:amd64 (3.0.5-1.1ubuntu2) ...
#10 26.31 Selecting previously unselected package libgdcm-dev.
#10 26.32 Preparing to unpack .../218-libgdcm-dev_3.0.5-1.1ubuntu2_amd64.deb ...
#10 26.32 Unpacking libgdcm-dev (3.0.5-1.1ubuntu2) ...
#10 26.40 Selecting previously unselected package libgl2ps1.4.
#10 26.41 Preparing to unpack .../219-libgl2ps1.4_1.4.0+dfsg1-2_amd64.deb ...
#10 26.41 Unpacking libgl2ps1.4 (1.4.0+dfsg1-2) ...
#10 26.43 Selecting previously unselected package libgphoto2-port12:amd64.
#10 26.44 Preparing to unpack .../220-libgphoto2-port12_2.5.25-0ubuntu0.1_amd64.deb ...
#10 26.44 Unpacking libgphoto2-port12:amd64 (2.5.25-0ubuntu0.1) ...
#10 26.46 Selecting previously unselected package libgphoto2-6:amd64.
#10 26.47 Preparing to unpack .../221-libgphoto2-6_2.5.25-0ubuntu0.1_amd64.deb ...
#10 26.47 Unpacking libgphoto2-6:amd64 (2.5.25-0ubuntu0.1) ...
#10 26.54 Selecting previously unselected package libgphoto2-dev:amd64.
#10 26.55 Preparing to unpack .../222-libgphoto2-dev_2.5.25-0ubuntu0.1_amd64.deb ...
#10 26.55 Unpacking libgphoto2-dev:amd64 (2.5.25-0ubuntu0.1) ...
#10 26.62 Selecting previously unselected package libgstreamer1.0-0:amd64.
#10 26.63 Preparing to unpack .../223-libgstreamer1.0-0_1.16.3-0ubuntu1.2_amd64.deb ...
#10 26.63 Unpacking libgstreamer1.0-0:amd64 (1.16.3-0ubuntu1.2) ...
#10 26.71 Selecting previously unselected package liborc-0.4-0:amd64.
#10 26.72 Preparing to unpack .../224-liborc-0.4-0_1%3a0.4.31-1ubuntu0.1_amd64.deb ...
#10 26.72 Unpacking liborc-0.4-0:amd64 (1:0.4.31-1ubuntu0.1) ...
#10 26.75 Selecting previously unselected package libgstreamer-plugins-base1.0-0:amd64.
#10 26.76 Preparing to unpack .../225-libgstreamer-plugins-base1.0-0_1.16.3-0ubuntu1.4_amd64.deb ...
#10 26.76 Unpacking libgstreamer-plugins-base1.0-0:amd64 (1.16.3-0ubuntu1.4) ...
#10 26.83 Selecting previously unselected package libjson-glib-1.0-common.
#10 26.84 Preparing to unpack .../226-libjson-glib-1.0-common_1.4.4-2ubuntu2_all.deb ...
#10 26.84 Unpacking libjson-glib-1.0-common (1.4.4-2ubuntu2) ...
#10 26.86 Selecting previously unselected package libjson-glib-1.0-0:amd64.
#10 26.87 Preparing to unpack .../227-libjson-glib-1.0-0_1.4.4-2ubuntu2_amd64.deb ...
#10 26.87 Unpacking libjson-glib-1.0-0:amd64 (1.4.4-2ubuntu2) ...
#10 26.89 Selecting previously unselected package libsoup2.4-1:amd64.
#10 26.90 Preparing to unpack .../228-libsoup2.4-1_2.70.0-1ubuntu0.5_amd64.deb ...
#10 26.90 Unpacking libsoup2.4-1:amd64 (2.70.0-1ubuntu0.5) ...
#10 26.94 Selecting previously unselected package libsoup-gnome2.4-1:amd64.
#10 26.94 Preparing to unpack .../229-libsoup-gnome2.4-1_2.70.0-1ubuntu0.5_amd64.deb ...
#10 26.94 Unpacking libsoup-gnome2.4-1:amd64 (2.70.0-1ubuntu0.5) ...
#10 26.96 Selecting previously unselected package librest-0.7-0:amd64.
#10 26.97 Preparing to unpack .../230-librest-0.7-0_0.8.1-1_amd64.deb ...
#10 26.97 Unpacking librest-0.7-0:amd64 (0.8.1-1) ...
#10 26.99 Selecting previously unselected package libwayland-cursor0:amd64.
#10 27.00 Preparing to unpack .../231-libwayland-cursor0_1.18.0-1ubuntu0.1_amd64.deb ...
#10 27.00 Unpacking libwayland-cursor0:amd64 (1.18.0-1ubuntu0.1) ...
#10 27.02 Selecting previously unselected package libwayland-egl1:amd64.
#10 27.02 Preparing to unpack .../232-libwayland-egl1_1.18.0-1ubuntu0.1_amd64.deb ...
#10 27.02 Unpacking libwayland-egl1:amd64 (1.18.0-1ubuntu0.1) ...
#10 27.04 Selecting previously unselected package libxcomposite1:amd64.
#10 27.05 Preparing to unpack .../233-libxcomposite1_1%3a0.4.5-1_amd64.deb ...
#10 27.05 Unpacking libxcomposite1:amd64 (1:0.4.5-1) ...
#10 27.07 Selecting previously unselected package libxcursor1:amd64.
#10 27.07 Preparing to unpack .../234-libxcursor1_1%3a1.2.0-2_amd64.deb ...
#10 27.08 Unpacking libxcursor1:amd64 (1:1.2.0-2) ...
#10 27.10 Selecting previously unselected package libxdamage1:amd64.
#10 27.10 Preparing to unpack .../235-libxdamage1_1%3a1.1.5-2_amd64.deb ...
#10 27.10 Unpacking libxdamage1:amd64 (1:1.1.5-2) ...
#10 27.12 Selecting previously unselected package libxi6:amd64.
#10 27.13 Preparing to unpack .../236-libxi6_2%3a1.7.10-0ubuntu1_amd64.deb ...
#10 27.13 Unpacking libxi6:amd64 (2:1.7.10-0ubuntu1) ...
#10 27.15 Selecting previously unselected package libxinerama1:amd64.
#10 27.16 Preparing to unpack .../237-libxinerama1_2%3a1.1.4-2_amd64.deb ...
#10 27.16 Unpacking libxinerama1:amd64 (2:1.1.4-2) ...
#10 27.18 Selecting previously unselected package libxrandr2:amd64.
#10 27.19 Preparing to unpack .../238-libxrandr2_2%3a1.5.2-0ubuntu1_amd64.deb ...
#10 27.19 Unpacking libxrandr2:amd64 (2:1.5.2-0ubuntu1) ...
#10 27.21 Selecting previously unselected package libgtk-3-common.
#10 27.21 Preparing to unpack .../239-libgtk-3-common_3.24.20-0ubuntu1.2_all.deb ...
#10 27.21 Unpacking libgtk-3-common (3.24.20-0ubuntu1.2) ...
#10 27.25 Selecting previously unselected package libgtk-3-0:amd64.
#10 27.25 Preparing to unpack .../240-libgtk-3-0_3.24.20-0ubuntu1.2_amd64.deb ...
#10 27.25 Unpacking libgtk-3-0:amd64 (3.24.20-0ubuntu1.2) ...
#10 27.45 Selecting previously unselected package libhdf5-openmpi-103:amd64.
#10 27.45 Preparing to unpack .../241-libhdf5-openmpi-103_1.10.4+repack-11ubuntu1_amd64.deb ...
#10 27.46 Unpacking libhdf5-openmpi-103:amd64 (1.10.4+repack-11ubuntu1) ...
#10 27.57 Selecting previously unselected package libilmbase24:amd64.
#10 27.58 Preparing to unpack .../242-libilmbase24_2.3.0-6build1_amd64.deb ...
#10 27.58 Unpacking libilmbase24:amd64 (2.3.0-6build1) ...
#10 27.61 Selecting previously unselected package libilmbase-dev:amd64.
#10 27.61 Preparing to unpack .../243-libilmbase-dev_2.3.0-6build1_amd64.deb ...
#10 27.61 Unpacking libilmbase-dev:amd64 (2.3.0-6build1) ...
#10 27.65 Selecting previously unselected package libjpeg-turbo8-dev:amd64.
#10 27.65 Preparing to unpack .../244-libjpeg-turbo8-dev_2.0.3-0ubuntu1.20.04.3_amd64.deb ...
#10 27.65 Unpacking libjpeg-turbo8-dev:amd64 (2.0.3-0ubuntu1.20.04.3) ...
#10 27.69 Selecting previously unselected package libjpeg8-dev:amd64.
#10 27.69 Preparing to unpack .../245-libjpeg8-dev_8c-2ubuntu8_amd64.deb ...
#10 27.69 Unpacking libjpeg8-dev:amd64 (8c-2ubuntu8) ...
#10 27.71 Selecting previously unselected package libjpeg-dev:amd64.
#10 27.72 Preparing to unpack .../246-libjpeg-dev_8c-2ubuntu8_amd64.deb ...
#10 27.72 Unpacking libjpeg-dev:amd64 (8c-2ubuntu8) ...
#10 27.74 Selecting previously unselected package liblept5:amd64.
#10 27.74 Preparing to unpack .../247-liblept5_1.79.0-1_amd64.deb ...
#10 27.75 Unpacking liblept5:amd64 (1.79.0-1) ...
#10 27.83 Selecting previously unselected package libnetcdf-c++4.
#10 27.84 Preparing to unpack .../248-libnetcdf-c++4_4.2-11build2_amd64.deb ...
#10 27.86 Unpacking libnetcdf-c++4 (4.2-11build2) ...
#10 27.88 Selecting previously unselected package libogg-dev:amd64.
#10 27.89 Preparing to unpack .../249-libogg-dev_1.3.4-0ubuntu1_amd64.deb ...
#10 27.89 Unpacking libogg-dev:amd64 (1.3.4-0ubuntu1) ...
#10 27.92 Selecting previously unselected package libtbb2:amd64.
#10 27.93 Preparing to unpack .../250-libtbb2_2020.1-2_amd64.deb ...
#10 27.93 Unpacking libtbb2:amd64 (2020.1-2) ...
#10 27.96 Selecting previously unselected package libopencv-core4.2:amd64.
#10 27.96 Preparing to unpack .../251-libopencv-core4.2_4.2.0+dfsg-5_amd64.deb ...
#10 27.96 Unpacking libopencv-core4.2:amd64 (4.2.0+dfsg-5) ...
#10 28.06 Selecting previously unselected package libopencv-flann4.2:amd64.
#10 28.06 Preparing to unpack .../252-libopencv-flann4.2_4.2.0+dfsg-5_amd64.deb ...
#10 28.06 Unpacking libopencv-flann4.2:amd64 (4.2.0+dfsg-5) ...
#10 28.09 Selecting previously unselected package libopencv-imgproc4.2:amd64.
#10 28.10 Preparing to unpack .../253-libopencv-imgproc4.2_4.2.0+dfsg-5_amd64.deb ...
#10 28.10 Unpacking libopencv-imgproc4.2:amd64 (4.2.0+dfsg-5) ...
#10 28.22 Selecting previously unselected package libopenexr24:amd64.
#10 28.22 Preparing to unpack .../254-libopenexr24_2.3.0-6ubuntu0.5_amd64.deb ...
#10 28.22 Unpacking libopenexr24:amd64 (2.3.0-6ubuntu0.5) ...
#10 28.29 Selecting previously unselected package libopencv-imgcodecs4.2:amd64.
#10 28.30 Preparing to unpack .../255-libopencv-imgcodecs4.2_4.2.0+dfsg-5_amd64.deb ...
#10 28.30 Unpacking libopencv-imgcodecs4.2:amd64 (4.2.0+dfsg-5) ...
#10 28.32 Selecting previously unselected package libraw1394-11:amd64.
#10 28.33 Preparing to unpack .../256-libraw1394-11_2.1.2-1_amd64.deb ...
#10 28.33 Unpacking libraw1394-11:amd64 (2.1.2-1) ...
#10 28.35 Selecting previously unselected package libdc1394-22:amd64.
#10 28.36 Preparing to unpack .../257-libdc1394-22_2.2.5-2.1_amd64.deb ...
#10 28.36 Unpacking libdc1394-22:amd64 (2.2.5-2.1) ...
#10 28.39 Selecting previously unselected package libswscale5:amd64.
#10 28.39 Preparing to unpack .../258-libswscale5_7%3a4.2.7-0ubuntu0.1_amd64.deb ...
#10 28.39 Unpacking libswscale5:amd64 (7:4.2.7-0ubuntu0.1) ...
#10 28.42 Selecting previously unselected package libopencv-videoio4.2:amd64.
#10 28.43 Preparing to unpack .../259-libopencv-videoio4.2_4.2.0+dfsg-5_amd64.deb ...
#10 28.43 Unpacking libopencv-videoio4.2:amd64 (4.2.0+dfsg-5) ...
#10 28.46 Selecting previously unselected package libopencv-highgui4.2:amd64.
#10 28.47 Preparing to unpack .../260-libopencv-highgui4.2_4.2.0+dfsg-5_amd64.deb ...
#10 28.47 Unpacking libopencv-highgui4.2:amd64 (4.2.0+dfsg-5) ...
#10 28.49 Selecting previously unselected package libopencv-ml4.2:amd64.
#10 28.50 Preparing to unpack .../261-libopencv-ml4.2_4.2.0+dfsg-5_amd64.deb ...
#10 28.50 Unpacking libopencv-ml4.2:amd64 (4.2.0+dfsg-5) ...
#10 28.53 Selecting previously unselected package libopencv-features2d4.2:amd64.
#10 28.54 Preparing to unpack .../262-libopencv-features2d4.2_4.2.0+dfsg-5_amd64.deb ...
#10 28.54 Unpacking libopencv-features2d4.2:amd64 (4.2.0+dfsg-5) ...
#10 28.58 Selecting previously unselected package libopencv-calib3d4.2:amd64.
#10 28.58 Preparing to unpack .../263-libopencv-calib3d4.2_4.2.0+dfsg-5_amd64.deb ...
#10 28.58 Unpacking libopencv-calib3d4.2:amd64 (4.2.0+dfsg-5) ...
#10 28.64 Selecting previously unselected package libtbb-dev:amd64.
#10 28.65 Preparing to unpack .../264-libtbb-dev_2020.1-2_amd64.deb ...
#10 28.65 Unpacking libtbb-dev:amd64 (2020.1-2) ...
#10 28.70 Selecting previously unselected package libopencv-core-dev:amd64.
#10 28.71 Preparing to unpack .../265-libopencv-core-dev_4.2.0+dfsg-5_amd64.deb ...
#10 28.71 Unpacking libopencv-core-dev:amd64 (4.2.0+dfsg-5) ...
#10 28.87 Selecting previously unselected package libopencv-flann-dev:amd64.
#10 28.88 Preparing to unpack .../266-libopencv-flann-dev_4.2.0+dfsg-5_amd64.deb ...
#10 28.88 Unpacking libopencv-flann-dev:amd64 (4.2.0+dfsg-5) ...
#10 28.92 Selecting previously unselected package libraw1394-dev:amd64.
#10 28.93 Preparing to unpack .../267-libraw1394-dev_2.1.2-1_amd64.deb ...
#10 28.93 Unpacking libraw1394-dev:amd64 (2.1.2-1) ...
#10 28.95 Selecting previously unselected package libdc1394-22-dev:amd64.
#10 28.95 Preparing to unpack .../268-libdc1394-22-dev_2.2.5-2.1_amd64.deb ...
#10 28.96 Unpacking libdc1394-22-dev:amd64 (2.2.5-2.1) ...
#10 28.98 Selecting previously unselected package libopencv-imgproc-dev:amd64.
#10 28.99 Preparing to unpack .../269-libopencv-imgproc-dev_4.2.0+dfsg-5_amd64.deb ...
#10 28.99 Unpacking libopencv-imgproc-dev:amd64 (4.2.0+dfsg-5) ...
#10 29.16 Selecting previously unselected package libopencv-imgcodecs-dev:amd64.
#10 29.16 Preparing to unpack .../270-libopencv-imgcodecs-dev_4.2.0+dfsg-5_amd64.deb ...
#10 29.16 Unpacking libopencv-imgcodecs-dev:amd64 (4.2.0+dfsg-5) ...
#10 29.20 Selecting previously unselected package libopencv-videoio-dev:amd64.
#10 29.20 Preparing to unpack .../271-libopencv-videoio-dev_4.2.0+dfsg-5_amd64.deb ...
#10 29.20 Unpacking libopencv-videoio-dev:amd64 (4.2.0+dfsg-5) ...
#10 29.24 Selecting previously unselected package libopenexr-dev.
#10 29.24 Preparing to unpack .../272-libopenexr-dev_2.3.0-6ubuntu0.5_amd64.deb ...
#10 29.26 Unpacking libopenexr-dev (2.3.0-6ubuntu0.5) ...
#10 29.35 Selecting previously unselected package libpng-dev:amd64.
#10 29.36 Preparing to unpack .../273-libpng-dev_1.6.37-2_amd64.deb ...
#10 29.36 Unpacking libpng-dev:amd64 (1.6.37-2) ...
#10 29.39 Selecting previously unselected package libswscale-dev:amd64.
#10 29.40 Preparing to unpack .../274-libswscale-dev_7%3a4.2.7-0ubuntu0.1_amd64.deb ...
#10 29.40 Unpacking libswscale-dev:amd64 (7:4.2.7-0ubuntu0.1) ...
#10 29.43 Selecting previously unselected package libjbig-dev:amd64.
#10 29.44 Preparing to unpack .../275-libjbig-dev_2.1-3.1ubuntu0.20.04.1_amd64.deb ...
#10 29.44 Unpacking libjbig-dev:amd64 (2.1-3.1ubuntu0.20.04.1) ...
#10 29.46 Selecting previously unselected package liblzma-dev:amd64.
#10 29.47 Preparing to unpack .../276-liblzma-dev_5.2.4-1ubuntu1.1_amd64.deb ...
#10 29.47 Unpacking liblzma-dev:amd64 (5.2.4-1ubuntu1.1) ...
#10 29.50 Selecting previously unselected package libtiffxx5:amd64.
#10 29.51 Preparing to unpack .../277-libtiffxx5_4.1.0+git191117-2ubuntu0.20.04.14_amd64.deb ...
#10 29.51 Unpacking libtiffxx5:amd64 (4.1.0+git191117-2ubuntu0.20.04.14) ...
#10 29.53 Selecting previously unselected package libtiff-dev:amd64.
#10 29.53 Preparing to unpack .../278-libtiff-dev_4.1.0+git191117-2ubuntu0.20.04.14_amd64.deb ...
#10 29.53 Unpacking libtiff-dev:amd64 (4.1.0+git191117-2ubuntu0.20.04.14) ...
#10 29.57 Selecting previously unselected package libopencv-highgui-dev:amd64.
#10 29.58 Preparing to unpack .../279-libopencv-highgui-dev_4.2.0+dfsg-5_amd64.deb ...
#10 29.58 Unpacking libopencv-highgui-dev:amd64 (4.2.0+dfsg-5) ...
#10 29.60 Selecting previously unselected package libopencv-ml-dev:amd64.
#10 29.61 Preparing to unpack .../280-libopencv-ml-dev_4.2.0+dfsg-5_amd64.deb ...
#10 29.61 Unpacking libopencv-ml-dev:amd64 (4.2.0+dfsg-5) ...
#10 29.65 Selecting previously unselected package libopencv-features2d-dev:amd64.
#10 29.66 Preparing to unpack .../281-libopencv-features2d-dev_4.2.0+dfsg-5_amd64.deb ...
#10 29.66 Unpacking libopencv-features2d-dev:amd64 (4.2.0+dfsg-5) ...
#10 29.70 Selecting previously unselected package libopencv-calib3d-dev:amd64.
#10 29.71 Preparing to unpack .../282-libopencv-calib3d-dev_4.2.0+dfsg-5_amd64.deb ...
#10 29.71 Unpacking libopencv-calib3d-dev:amd64 (4.2.0+dfsg-5) ...
#10 29.78 Selecting previously unselected package libprotobuf17:amd64.
#10 29.78 Preparing to unpack .../283-libprotobuf17_3.6.1.3-2ubuntu5.2_amd64.deb ...
#10 29.79 Unpacking libprotobuf17:amd64 (3.6.1.3-2ubuntu5.2) ...
#10 29.87 Selecting previously unselected package libopencv-dnn4.2:amd64.
#10 29.87 Preparing to unpack .../284-libopencv-dnn4.2_4.2.0+dfsg-5_amd64.deb ...
#10 29.87 Unpacking libopencv-dnn4.2:amd64 (4.2.0+dfsg-5) ...
#10 29.96 Selecting previously unselected package libopencv-objdetect4.2:amd64.
#10 29.97 Preparing to unpack .../285-libopencv-objdetect4.2_4.2.0+dfsg-5_amd64.deb ...
#10 29.97 Unpacking libopencv-objdetect4.2:amd64 (4.2.0+dfsg-5) ...
#10 30.00 Selecting previously unselected package libopencv-photo4.2:amd64.
#10 30.00 Preparing to unpack .../286-libopencv-photo4.2_4.2.0+dfsg-5_amd64.deb ...
#10 30.00 Unpacking libopencv-photo4.2:amd64 (4.2.0+dfsg-5) ...
#10 30.04 Selecting previously unselected package libopencv-video4.2:amd64.
#10 30.04 Preparing to unpack .../287-libopencv-video4.2_4.2.0+dfsg-5_amd64.deb ...
#10 30.05 Unpacking libopencv-video4.2:amd64 (4.2.0+dfsg-5) ...
#10 30.08 Selecting previously unselected package libopencv-shape4.2:amd64.
#10 30.08 Preparing to unpack .../288-libopencv-shape4.2_4.2.0+dfsg-5_amd64.deb ...
#10 30.08 Unpacking libopencv-shape4.2:amd64 (4.2.0+dfsg-5) ...
#10 30.11 Selecting previously unselected package libopencv-stitching4.2:amd64.
#10 30.11 Preparing to unpack .../289-libopencv-stitching4.2_4.2.0+dfsg-5_amd64.deb ...
#10 30.11 Unpacking libopencv-stitching4.2:amd64 (4.2.0+dfsg-5) ...
#10 30.15 Selecting previously unselected package libopencv-superres4.2:amd64.
#10 30.15 Preparing to unpack .../290-libopencv-superres4.2_4.2.0+dfsg-5_amd64.deb ...
#10 30.16 Unpacking libopencv-superres4.2:amd64 (4.2.0+dfsg-5) ...
#10 30.18 Selecting previously unselected package libopencv-videostab4.2:amd64.
#10 30.18 Preparing to unpack .../291-libopencv-videostab4.2_4.2.0+dfsg-5_amd64.deb ...
#10 30.18 Unpacking libopencv-videostab4.2:amd64 (4.2.0+dfsg-5) ...
#10 30.21 Selecting previously unselected package libxt6:amd64.
#10 30.22 Preparing to unpack .../292-libxt6_1%3a1.1.5-1_amd64.deb ...
#10 30.22 Unpacking libxt6:amd64 (1:1.1.5-1) ...
#10 30.25 Selecting previously unselected package libvtk6.3.
#10 30.25 Preparing to unpack .../293-libvtk6.3_6.3.0+dfsg2-5build2_amd64.deb ...
#10 30.25 Unpacking libvtk6.3 (6.3.0+dfsg2-5build2) ...
#10 31.43 Selecting previously unselected package libopencv-viz4.2:amd64.
#10 31.44 Preparing to unpack .../294-libopencv-viz4.2_4.2.0+dfsg-5_amd64.deb ...
#10 31.44 Unpacking libopencv-viz4.2:amd64 (4.2.0+dfsg-5) ...
#10 31.47 Selecting previously unselected package libtesseract4:amd64.
#10 31.47 Preparing to unpack .../295-libtesseract4_4.1.1-2build2_amd64.deb ...
#10 31.47 Unpacking libtesseract4:amd64 (4.1.1-2build2) ...
#10 31.58 Selecting previously unselected package libopencv-contrib4.2:amd64.
#10 31.58 Preparing to unpack .../296-libopencv-contrib4.2_4.2.0+dfsg-5_amd64.deb ...
#10 31.59 Unpacking libopencv-contrib4.2:amd64 (4.2.0+dfsg-5) ...
#10 31.82 Selecting previously unselected package libopencv-dnn-dev:amd64.
#10 31.82 Preparing to unpack .../297-libopencv-dnn-dev_4.2.0+dfsg-5_amd64.deb ...
#10 31.82 Unpacking libopencv-dnn-dev:amd64 (4.2.0+dfsg-5) ...
#10 31.97 Selecting previously unselected package libopencv-objdetect-dev:amd64.
#10 31.98 Preparing to unpack .../298-libopencv-objdetect-dev_4.2.0+dfsg-5_amd64.deb ...
#10 31.98 Unpacking libopencv-objdetect-dev:amd64 (4.2.0+dfsg-5) ...
#10 32.01 Selecting previously unselected package libopencv-photo-dev:amd64.
#10 32.01 Preparing to unpack .../299-libopencv-photo-dev_4.2.0+dfsg-5_amd64.deb ...
#10 32.01 Unpacking libopencv-photo-dev:amd64 (4.2.0+dfsg-5) ...
#10 32.06 Selecting previously unselected package libopencv-video-dev:amd64.
#10 32.06 Preparing to unpack .../300-libopencv-video-dev_4.2.0+dfsg-5_amd64.deb ...
#10 32.06 Unpacking libopencv-video-dev:amd64 (4.2.0+dfsg-5) ...
#10 32.10 Selecting previously unselected package libopencv-shape-dev:amd64.
#10 32.10 Preparing to unpack .../301-libopencv-shape-dev_4.2.0+dfsg-5_amd64.deb ...
#10 32.10 Unpacking libopencv-shape-dev:amd64 (4.2.0+dfsg-5) ...
#10 32.13 Selecting previously unselected package libopencv-stitching-dev:amd64.
#10 32.13 Preparing to unpack .../302-libopencv-stitching-dev_4.2.0+dfsg-5_amd64.deb ...
#10 32.13 Unpacking libopencv-stitching-dev:amd64 (4.2.0+dfsg-5) ...
#10 32.17 Selecting previously unselected package libopencv-superres-dev:amd64.
#10 32.18 Preparing to unpack .../303-libopencv-superres-dev_4.2.0+dfsg-5_amd64.deb ...
#10 32.18 Unpacking libopencv-superres-dev:amd64 (4.2.0+dfsg-5) ...
#10 32.20 Selecting previously unselected package libopencv-videostab-dev:amd64.
#10 32.21 Preparing to unpack .../304-libopencv-videostab-dev_4.2.0+dfsg-5_amd64.deb ...
#10 32.21 Unpacking libopencv-videostab-dev:amd64 (4.2.0+dfsg-5) ...
#10 32.24 Selecting previously unselected package libopencv-viz-dev:amd64.
#10 32.25 Preparing to unpack .../305-libopencv-viz-dev_4.2.0+dfsg-5_amd64.deb ...
#10 32.25 Unpacking libopencv-viz-dev:amd64 (4.2.0+dfsg-5) ...
#10 32.28 Selecting previously unselected package libopencv-contrib-dev:amd64.
#10 32.29 Preparing to unpack .../306-libopencv-contrib-dev_4.2.0+dfsg-5_amd64.deb ...
#10 32.29 Unpacking libopencv-contrib-dev:amd64 (4.2.0+dfsg-5) ...
#10 32.64 Selecting previously unselected package libopencv-ts-dev:amd64.
#10 32.65 Preparing to unpack .../307-libopencv-ts-dev_4.2.0+dfsg-5_amd64.deb ...
#10 32.65 Unpacking libopencv-ts-dev:amd64 (4.2.0+dfsg-5) ...
#10 32.70 Selecting previously unselected package libopencv4.2-jni.
#10 32.71 Preparing to unpack .../308-libopencv4.2-jni_4.2.0+dfsg-5_amd64.deb ...
#10 32.71 Unpacking libopencv4.2-jni (4.2.0+dfsg-5) ...
#10 32.76 Selecting previously unselected package libopencv4.2-java.
#10 32.76 Preparing to unpack .../309-libopencv4.2-java_4.2.0+dfsg-5_all.deb ...
#10 32.77 Unpacking libopencv4.2-java (4.2.0+dfsg-5) ...
#10 32.83 Selecting previously unselected package libopencv-dev.
#10 32.84 Preparing to unpack .../310-libopencv-dev_4.2.0+dfsg-5_amd64.deb ...
#10 32.84 Unpacking libopencv-dev (4.2.0+dfsg-5) ...
#10 32.87 Selecting previously unselected package libqt5qml5:amd64.
#10 32.88 Preparing to unpack .../311-libqt5qml5_5.12.8-0ubuntu1_amd64.deb ...
#10 32.88 Unpacking libqt5qml5:amd64 (5.12.8-0ubuntu1) ...
#10 32.99 Selecting previously unselected package libshiboken2-py3-5.14.
#10 33.00 Preparing to unpack .../312-libshiboken2-py3-5.14_5.14.0-1~exp1ubuntu5_amd64.deb ...
#10 33.00 Unpacking libshiboken2-py3-5.14 (5.14.0-1~exp1ubuntu5) ...
#10 33.03 Selecting previously unselected package libpyside2-py3-5.14.
#10 33.04 Preparing to unpack .../313-libpyside2-py3-5.14_5.14.0-1~exp1ubuntu5_amd64.deb ...
#10 33.04 Unpacking libpyside2-py3-5.14 (5.14.0-1~exp1ubuntu5) ...
#10 33.07 Selecting previously unselected package libpyside2-dev.
#10 33.07 Preparing to unpack .../314-libpyside2-dev_5.14.0-1~exp1ubuntu5_amd64.deb ...
#10 33.07 Unpacking libpyside2-dev (5.14.0-1~exp1ubuntu5) ...
#10 33.13 Selecting previously unselected package libqt5xml5:amd64.
#10 33.14 Preparing to unpack .../315-libqt5xml5_5.12.8+dfsg-0ubuntu2.1_amd64.deb ...
#10 33.14 Unpacking libqt5xml5:amd64 (5.12.8+dfsg-0ubuntu2.1) ...
#10 33.17 Selecting previously unselected package libqt5designer5:amd64.
#10 33.17 Preparing to unpack .../316-libqt5designer5_5.12.8-0ubuntu1_amd64.deb ...
#10 33.17 Unpacking libqt5designer5:amd64 (5.12.8-0ubuntu1) ...
#10 33.33 Selecting previously unselected package libqt5sql5:amd64.
#10 33.34 Preparing to unpack .../317-libqt5sql5_5.12.8+dfsg-0ubuntu2.1_amd64.deb ...
#10 33.34 Unpacking libqt5sql5:amd64 (5.12.8+dfsg-0ubuntu2.1) ...
#10 33.37 Selecting previously unselected package libqt5help5:amd64.
#10 33.37 Preparing to unpack .../318-libqt5help5_5.12.8-0ubuntu1_amd64.deb ...
#10 33.37 Unpacking libqt5help5:amd64 (5.12.8-0ubuntu1) ...
#10 33.40 Selecting previously unselected package libqt5printsupport5:amd64.
#10 33.41 Preparing to unpack .../319-libqt5printsupport5_5.12.8+dfsg-0ubuntu2.1_amd64.deb ...
#10 33.41 Unpacking libqt5printsupport5:amd64 (5.12.8+dfsg-0ubuntu2.1) ...
#10 33.44 Selecting previously unselected package libqt5test5:amd64.
#10 33.45 Preparing to unpack .../320-libqt5test5_5.12.8+dfsg-0ubuntu2.1_amd64.deb ...
#10 33.45 Unpacking libqt5test5:amd64 (5.12.8+dfsg-0ubuntu2.1) ...
#10 33.48 Selecting previously unselected package libxslt1.1:amd64.
#10 33.48 Preparing to unpack .../321-libxslt1.1_1.1.34-4ubuntu0.20.04.3_amd64.deb ...
#10 33.48 Unpacking libxslt1.1:amd64 (1.1.34-4ubuntu0.20.04.3) ...
#10 33.51 Selecting previously unselected package shiboken2.
#10 33.52 Preparing to unpack .../322-shiboken2_5.14.0-1~exp1ubuntu5_amd64.deb ...
#10 33.52 Unpacking shiboken2 (5.14.0-1~exp1ubuntu5) ...
#10 33.58 Selecting previously unselected package libshiboken2-dev.
#10 33.59 Preparing to unpack .../323-libshiboken2-dev_5.14.0-1~exp1ubuntu5_amd64.deb ...
#10 33.59 Unpacking libshiboken2-dev (5.14.0-1~exp1ubuntu5) ...
#10 33.61 Selecting previously unselected package libtheora-dev:amd64.
#10 33.62 Preparing to unpack .../324-libtheora-dev_1.1.1+dfsg.1-15ubuntu2_amd64.deb ...
#10 33.62 Unpacking libtheora-dev:amd64 (1.1.1+dfsg.1-15ubuntu2) ...
#10 33.65 Selecting previously unselected package libtinyxml2.6.2v5:amd64.
#10 33.66 Preparing to unpack .../325-libtinyxml2.6.2v5_2.6.2-4+deb10u2build0.20.04.1_amd64.deb ...
#10 33.66 Unpacking libtinyxml2.6.2v5:amd64 (2.6.2-4+deb10u2build0.20.04.1) ...
#10 33.68 Selecting previously unselected package libtinyxml-dev:amd64.
#10 33.69 Preparing to unpack .../326-libtinyxml-dev_2.6.2-4+deb10u2build0.20.04.1_amd64.deb ...
#10 33.69 Unpacking libtinyxml-dev:amd64 (2.6.2-4+deb10u2build0.20.04.1) ...
#10 33.71 Selecting previously unselected package libturbojpeg:amd64.
#10 33.72 Preparing to unpack .../327-libturbojpeg_2.0.3-0ubuntu1.20.04.3_amd64.deb ...
#10 33.72 Unpacking libturbojpeg:amd64 (2.0.3-0ubuntu1.20.04.3) ...
#10 33.75 Selecting previously unselected package libturbojpeg0-dev:amd64.
#10 33.75 Preparing to unpack .../328-libturbojpeg0-dev_2.0.3-0ubuntu1.20.04.3_amd64.deb ...
#10 33.75 Unpacking libturbojpeg0-dev:amd64 (2.0.3-0ubuntu1.20.04.3) ...
#10 33.79 Selecting previously unselected package python3-sip.
#10 33.80 Preparing to unpack .../329-python3-sip_4.19.21+dfsg-1build1_amd64.deb ...
#10 33.80 Unpacking python3-sip (4.19.21+dfsg-1build1) ...
#10 33.82 Selecting previously unselected package sip-dev.
#10 33.83 Preparing to unpack .../330-sip-dev_4.19.21+dfsg-1build1_amd64.deb ...
#10 33.83 Unpacking sip-dev (4.19.21+dfsg-1build1) ...
#10 33.86 Selecting previously unselected package python3-sip-dev.
#10 33.86 Preparing to unpack .../331-python3-sip-dev_4.19.21+dfsg-1build1_amd64.deb ...
#10 33.87 Unpacking python3-sip-dev (4.19.21+dfsg-1build1) ...
#10 33.92 Selecting previously unselected package pyqt5-dev.
#10 33.92 Preparing to unpack .../332-pyqt5-dev_5.14.1+dfsg-3build1_all.deb ...
#10 33.92 Unpacking pyqt5-dev (5.14.1+dfsg-3build1) ...
#10 34.07 Selecting previously unselected package python-pip-whl.
#10 34.08 Preparing to unpack .../333-python-pip-whl_20.0.2-5ubuntu1.11_all.deb ...
#10 34.08 Unpacking python-pip-whl (20.0.2-5ubuntu1.11) ...
#10 34.20 Selecting previously unselected package python3-opencv.
#10 34.20 Preparing to unpack .../334-python3-opencv_4.2.0+dfsg-5_amd64.deb ...
#10 34.20 Unpacking python3-opencv (4.2.0+dfsg-5) ...
#10 34.31 Selecting previously unselected package python3-wheel.
#10 34.32 Preparing to unpack .../335-python3-wheel_0.34.2-1ubuntu0.1_all.deb ...
#10 34.32 Unpacking python3-wheel (0.34.2-1ubuntu0.1) ...
#10 34.34 Selecting previously unselected package python3-pip.
#10 34.35 Preparing to unpack .../336-python3-pip_20.0.2-5ubuntu1.11_all.deb ...
#10 34.35 Unpacking python3-pip (20.0.2-5ubuntu1.11) ...
#10 34.40 Selecting previously unselected package python3-pyqt5.
#10 34.41 Preparing to unpack .../337-python3-pyqt5_5.14.1+dfsg-3build1_amd64.deb ...
#10 34.41 Unpacking python3-pyqt5 (5.14.1+dfsg-3build1) ...
#10 34.64 Selecting previously unselected package python3-pyqt5.qtsvg.
#10 34.65 Preparing to unpack .../338-python3-pyqt5.qtsvg_5.14.1+dfsg-3build1_amd64.deb ...
#10 34.65 Unpacking python3-pyqt5.qtsvg (5.14.1+dfsg-3build1) ...
#10 34.67 Selecting previously unselected package python3-pyside2.qtcore.
#10 34.67 Preparing to unpack .../339-python3-pyside2.qtcore_5.14.0-1~exp1ubuntu5_amd64.deb ...
#10 34.68 Unpacking python3-pyside2.qtcore (5.14.0-1~exp1ubuntu5) ...
#10 34.76 Selecting previously unselected package python3-pyside2.qtgui.
#10 34.76 Preparing to unpack .../340-python3-pyside2.qtgui_5.14.0-1~exp1ubuntu5_amd64.deb ...
#10 34.77 Unpacking python3-pyside2.qtgui (5.14.0-1~exp1ubuntu5) ...
#10 34.86 Selecting previously unselected package python3-pyside2.qtwidgets.
#10 34.86 Preparing to unpack .../341-python3-pyside2.qtwidgets_5.14.0-1~exp1ubuntu5_amd64.deb ...
#10 34.87 Unpacking python3-pyside2.qtwidgets (5.14.0-1~exp1ubuntu5) ...
#10 35.03 Selecting previously unselected package python3-pyside2.qtsvg.
#10 35.03 Preparing to unpack .../342-python3-pyside2.qtsvg_5.14.0-1~exp1ubuntu5_amd64.deb ...
#10 35.03 Unpacking python3-pyside2.qtsvg (5.14.0-1~exp1ubuntu5) ...
#10 35.06 Selecting previously unselected package ros-noetic-cv-bridge.
#10 35.06 Preparing to unpack .../343-ros-noetic-cv-bridge_1.16.2-1focal.20250519.235655_amd64.deb ...
#10 35.06 Unpacking ros-noetic-cv-bridge (1.16.2-1focal.20250519.235655) ...
#10 35.09 Selecting previously unselected package ros-noetic-image-transport.
#10 35.10 Preparing to unpack .../344-ros-noetic-image-transport_1.12.1-1focal.20250519.235437_amd64.deb ...
#10 35.10 Unpacking ros-noetic-image-transport (1.12.1-1focal.20250519.235437) ...
#10 35.14 Selecting previously unselected package ros-noetic-compressed-depth-image-transport.
#10 35.15 Preparing to unpack .../345-ros-noetic-compressed-depth-image-transport_1.15.0-1focal.20250521.004155_amd64.deb ...
#10 35.15 Unpacking ros-noetic-compressed-depth-image-transport (1.15.0-1focal.20250521.004155) ...
#10 35.18 Selecting previously unselected package ros-noetic-compressed-image-transport.
#10 35.18 Preparing to unpack .../346-ros-noetic-compressed-image-transport_1.15.0-1focal.20250521.004234_amd64.deb ...
#10 35.18 Unpacking ros-noetic-compressed-image-transport (1.15.0-1focal.20250521.004234) ...
#10 35.21 Selecting previously unselected package ros-noetic-theora-image-transport.
#10 35.22 Preparing to unpack .../347-ros-noetic-theora-image-transport_1.15.0-1focal.20250521.004408_amd64.deb ...
#10 35.22 Unpacking ros-noetic-theora-image-transport (1.15.0-1focal.20250521.004408) ...
#10 35.25 Selecting previously unselected package ros-noetic-image-transport-plugins.
#10 35.26 Preparing to unpack .../348-ros-noetic-image-transport-plugins_1.15.0-1focal.20250521.012022_amd64.deb ...
#10 35.26 Unpacking ros-noetic-image-transport-plugins (1.15.0-1focal.20250521.012022) ...
#10 35.28 Selecting previously unselected package ros-noetic-python-qt-binding.
#10 35.29 Preparing to unpack .../349-ros-noetic-python-qt-binding_0.4.6-1focal.20250426.201332_amd64.deb ...
#10 35.29 Unpacking ros-noetic-python-qt-binding (0.4.6-1focal.20250426.201332) ...
#10 35.31 Selecting previously unselected package tango-icon-theme.
#10 35.32 Preparing to unpack .../350-tango-icon-theme_0.8.90-7_all.deb ...
#10 35.32 Unpacking tango-icon-theme (0.8.90-7) ...
#10 35.92 Selecting previously unselected package ros-noetic-qt-gui.
#10 35.92 Preparing to unpack .../351-ros-noetic-qt-gui_0.4.5-1focal.20250426.202313_amd64.deb ...
#10 35.92 Unpacking ros-noetic-qt-gui (0.4.5-1focal.20250426.202313) ...
#10 35.96 Selecting previously unselected package ros-noetic-qt-gui-cpp.
#10 35.97 Preparing to unpack .../352-ros-noetic-qt-gui-cpp_0.4.5-1focal.20250427.060425_amd64.deb ...
#10 35.97 Unpacking ros-noetic-qt-gui-cpp (0.4.5-1focal.20250427.060425) ...
#10 36.01 Selecting previously unselected package ros-noetic-rqt-gui.
#10 36.02 Preparing to unpack .../353-ros-noetic-rqt-gui_0.5.5-1focal.20250519.232427_amd64.deb ...
#10 36.02 Unpacking ros-noetic-rqt-gui (0.5.5-1focal.20250519.232427) ...
#10 36.05 Selecting previously unselected package ros-noetic-rqt-gui-cpp.
#10 36.05 Preparing to unpack .../354-ros-noetic-rqt-gui-cpp_0.5.5-1focal.20250519.232315_amd64.deb ...
#10 36.05 Unpacking ros-noetic-rqt-gui-cpp (0.5.5-1focal.20250519.232315) ...
#10 36.08 Selecting previously unselected package ros-noetic-rqt-image-view.
#10 36.09 Preparing to unpack .../355-ros-noetic-rqt-image-view_0.4.19-1focal.20250520.001352_amd64.deb ...
#10 36.09 Unpacking ros-noetic-rqt-image-view (0.4.19-1focal.20250520.001352) ...
#10 36.14 Setting up libgme0:amd64 (0.6.2-1build1) ...
#10 36.15 Setting up libssh-gcrypt-4:amd64 (0.9.3-2ubuntu2.5) ...
#10 36.15 Setting up libshiboken2-py3-5.14 (5.14.0-1~exp1ubuntu5) ...
#10 36.27 Setting up libgraphite2-3:amd64 (1.3.13-11build1) ...
#10 36.27 Setting up libxcb-dri3-0:amd64 (1.14-2) ...
#10 36.27 Setting up liblcms2-2:amd64 (2.9-4) ...
#10 36.27 Setting up libpixman-1-0:amd64 (0.38.4-0ubuntu2.1) ...
#10 36.28 Setting up libwayland-server0:amd64 (1.18.0-1ubuntu0.1) ...
#10 36.28 Setting up libx11-xcb1:amd64 (2:1.6.9-2ubuntu1.6) ...
#10 36.28 Setting up systemd-sysv (245.4-4ubuntu3.24) ...
#10 36.28 Setting up libdouble-conversion3:amd64 (3.1.5-4ubuntu1) ...
#10 36.29 Setting up libraw1394-11:amd64 (2.1.2-1) ...
#10 36.29 Setting up libproxy1v5:amd64 (0.4.15-10ubuntu1.2) ...
#10 36.29 Setting up libxdamage1:amd64 (1:1.1.5-2) ...
#10 36.29 Setting up libmpg123-0:amd64 (1.25.13-1ubuntu0.2) ...
#10 36.29 Setting up libxcb-xfixes0:amd64 (1.14-2) ...
#10 36.30 Setting up libogg0:amd64 (1.3.4-0ubuntu1) ...
#10 36.30 Setting up libspeex1:amd64 (1.2~rc1.2-1.1ubuntu1.20.04.1) ...
#10 36.30 Setting up proj-data (6.3.1-1) ...
#10 36.30 Setting up libshine3:amd64 (3.1.1-2) ...
#10 36.30 Setting up libxpm4:amd64 (1:3.5.12-1ubuntu0.20.04.2) ...
#10 36.31 Setting up hicolor-icon-theme (0.17-2) ...
#10 36.32 Setting up libxi6:amd64 (2:1.7.10-0ubuntu1) ...
#10 36.33 Setting up libtwolame0:amd64 (0.4.0-2) ...
#10 36.33 Setting up libgeos-3.8.0:amd64 (3.8.0-1build1) ...
#10 36.33 Setting up libxcb-xinput0:amd64 (1.14-2) ...
#10 36.33 Setting up libxrender1:amd64 (1:0.9.10-1) ...
#10 36.34 Setting up libdatrie1:amd64 (0.2.12-3) ...
#10 36.34 Setting up libogdi4.1 (4.1.0+ds-1build1) ...
#10 36.34 Setting up libgsm1:amd64 (1.0.18-2) ...
#10 36.34 Setting up libx264-155:amd64 (2:0.155.2917+git0a84d98-2) ...
#10 36.35 Setting up libcharls2:amd64 (2.0.0+dfsg-1build1) ...
#10 36.35 Setting up libminizip1:amd64 (1.1-8build1) ...
#10 36.35 Setting up libx265-179:amd64 (3.2.1-1build1) ...
#10 36.35 Setting up libxcb-render0:amd64 (1.14-2) ...
#10 36.35 Setting up libsoxr0:amd64 (0.1.3-2build1) ...
#10 36.36 Setting up libglvnd0:amd64 (1.3.2-1~ubuntu0.20.04.2) ...
#10 36.36 Setting up libxcb-glx0:amd64 (1.14-2) ...
#10 36.36 Setting up libaom0:amd64 (1.0.0.errata1-3+deb11u1ubuntu0.1) ...
#10 36.36 Setting up libraw1394-dev:amd64 (2.1.2-1) ...
#10 36.37 Setting up libgdk-pixbuf2.0-common (2.40.0+dfsg-3ubuntu0.5) ...
#10 36.37 Setting up libtbb2:amd64 (2020.1-2) ...
#10 36.37 Setting up libxcb-keysyms1:amd64 (0.4.0-1build1) ...
#10 36.37 Setting up libarpack2:amd64 (3.7.0-3) ...
#10 36.38 Setting up libxcb-shape0:amd64 (1.14-2) ...
#10 36.38 Setting up x11-common (1:7.7+19ubuntu14) ...
#10 36.46 update-rc.d: warning: start and stop actions are no longer supported; falling back to defaults
#10 36.46 invoke-rc.d: could not determine current runlevel
#10 36.47 invoke-rc.d: policy-rc.d denied execution of start.
#10 36.47 Setting up libsensors-config (1:3.6.0-2ubuntu1.1) ...
#10 36.48 Setting up libpq5:amd64 (12.22-0ubuntu0.20.04.4) ...
#10 36.48 Setting up libsuperlu5:amd64 (5.2.1+dfsg1-4) ...
#10 36.48 Setting up libdap25:amd64 (3.20.5-1) ...
#10 36.48 Setting up libxcb-render-util0:amd64 (0.3.9-1build1) ...
#10 36.48 Setting up xkb-data (2.29-2) ...
#10 36.49 Setting up libcurl3-gnutls:amd64 (7.68.0-1ubuntu2.25) ...
#10 36.49 Setting up libqhull7:amd64 (2015.2-4) ...
#10 36.49 Setting up libxcb-shm0:amd64 (1.14-2) ...
#10 36.49 Setting up libxcb-icccm4:amd64 (0.4.1-1.1) ...
#10 36.50 Setting up libogg-dev:amd64 (1.3.4-0ubuntu1) ...
#10 36.50 Setting up libxvidcore4:amd64 (2:1.3.7-1) ...
#10 36.50 Setting up sip-dev (4.19.21+dfsg-1build1) ...
#10 36.50 Setting up libepsilon1:amd64 (0.9.2+dfsg-4) ...
#10 36.50 Setting up python3-wheel (0.34.2-1ubuntu0.1) ...
#10 36.63 Setting up libilmbase24:amd64 (2.3.0-6build1) ...
#10 36.63 Setting up libjbig0:amd64 (2.1-3.1ubuntu0.20.04.1) ...
#10 36.63 Setting up libpcre2-16-0:amd64 (10.34-7ubuntu0.1) ...
#10 36.64 Setting up libaec0:amd64 (1.0.4-1) ...
#10 36.64 Setting up libcolord2:amd64 (1.4.4-2) ...
#10 36.64 Setting up gdal-data (3.0.4+dfsg-1build3) ...
#10 36.64 Setting up libxcb-util1:amd64 (0.4.0-0ubuntu3) ...
#10 36.65 Setting up libxxf86vm1:amd64 (1:1.1.4-1build1) ...
#10 36.65 Setting up libsnappy1v5:amd64 (1.1.8-1build1) ...
#10 36.66 Setting up libxcb-xkb1:amd64 (1.14-2) ...
#10 36.66 Setting up libxcb-image0:amd64 (0.4.0-1build1) ...
#10 36.67 Setting up libcap2-bin (1:2.32-1ubuntu0.2) ...
#10 36.67 Setting up libllvm10:amd64 (1:10.0.0-4ubuntu1) ...
#10 36.67 Setting up libxcb-present0:amd64 (1.14-2) ...
#10 36.67 Setting up libdconf1:amd64 (0.36.0-1) ...
#10 36.68 Setting up libcfitsio8:amd64 (3.470-3) ...
#10 36.68 Setting up libxcb-xinerama0:amd64 (1.14-2) ...
#10 36.71 Setting up libopenexr24:amd64 (2.3.0-6ubuntu0.5) ...
#10 36.71 Setting up libva2:amd64 (2.7.0-2) ...
#10 36.71 Setting up libepoxy0:amd64 (1.5.4-1) ...
#10 36.71 Setting up libnspr4:amd64 (2:4.35-0ubuntu0.20.04.1) ...
#10 36.71 Setting up libxfixes3:amd64 (1:5.0.3-2) ...
#10 36.72 Setting up libxcb-sync1:amd64 (1.14-2) ...
#10 36.72 Setting up libclang1-10 (1:10.0.0-4ubuntu1) ...
#10 36.72 Setting up libcodec2-0.9:amd64 (0.9.2-2) ...
#10 36.72 Setting up libavahi-common-data:amd64 (0.7-4ubuntu7.3) ...
#10 36.72 Setting up libllvm12:amd64 (1:12.0.0-3ubuntu1~20.04.5) ...
#10 36.73 Setting up libdbus-1-3:amd64 (1.12.16-2ubuntu2.3) ...
#10 36.73 Setting up dbus (1.12.16-2ubuntu2.3) ...
#10 36.81 Setting up libfribidi0:amd64 (1.0.8-2ubuntu0.1) ...
#10 36.82 Setting up libopus0:amd64 (1.3.1-0ubuntu1) ...
#10 36.82 Setting up shared-mime-info (1.15-1) ...
#10 37.43 Setting up libxinerama1:amd64 (2:1.1.4-2) ...
#10 37.43 Setting up libexif12:amd64 (0.6.21-6ubuntu0.4) ...
#10 37.43 Setting up libpng16-16:amd64 (1.6.37-2) ...
#10 37.43 Setting up libvorbis0a:amd64 (1.3.6-2ubuntu1) ...
#10 37.44 Setting up libxrandr2:amd64 (2:1.5.2-0ubuntu1) ...
#10 37.44 Setting up liborc-0.4-0:amd64 (1:0.4.31-1ubuntu0.1) ...
#10 37.44 Setting up libwebp6:amd64 (0.6.1-2ubuntu0.20.04.3) ...
#10 37.45 Setting up libgeos-c1v5:amd64 (3.8.0-1build1) ...
#10 37.45 Setting up fonts-dejavu-core (2.37-1) ...
#10 37.46 Setting up libsocket++1:amd64 (1.12.13-10build1) ...
#10 37.46 Setting up libproj15:amd64 (6.3.1-1) ...
#10 37.46 Setting up ucf (3.0038+nmu1) ...
#10 37.53 Setting up libsensors5:amd64 (1:3.6.0-2ubuntu1.1) ...
#10 37.53 Setting up libtinyxml2.6.2v5:amd64 (2.6.2-4+deb10u2build0.20.04.1) ...
#10 37.53 Setting up libjpeg-turbo8:amd64 (2.0.3-0ubuntu1.20.04.3) ...
#10 37.54 Setting up libqt5core5a:amd64 (5.12.8+dfsg-0ubuntu2.1) ...
#10 37.54 Setting up libglapi-mesa:amd64 (21.2.6-0ubuntu0.1~20.04.2) ...
#10 37.55 Setting up libmtdev1:amd64 (1.1.5-1.1) ...
#10 37.55 Setting up libvulkan1:amd64 (1.2.131.2-1) ...
#10 37.55 Setting up liblzma-dev:amd64 (5.2.4-1ubuntu1.1) ...
#10 37.55 Setting up libxcb-dri2-0:amd64 (1.14-2) ...
#10 37.56 Setting up libgif7:amd64 (5.1.9-1ubuntu0.1) ...
#10 37.56 Setting up libatk1.0-data (2.35.1-1ubuntu2) ...
#10 37.56 Setting up libturbojpeg:amd64 (2.0.3-0ubuntu1.20.04.3) ...
#10 37.57 Setting up liburiparser1:amd64 (0.9.3-2) ...
#10 37.57 Setting up libfreexl1:amd64 (1.0.5-3) ...
#10 37.57 Setting up libxshmfence1:amd64 (1.3-1) ...
#10 37.57 Setting up libvpx6:amd64 (1.8.2-1ubuntu0.4) ...
#10 37.58 Setting up libvdpau1:amd64 (1.3-1ubuntu2) ...
#10 37.58 Setting up libqt5dbus5:amd64 (5.12.8+dfsg-0ubuntu2.1) ...
#10 37.58 Setting up libwavpack1:amd64 (5.2.0-1ubuntu0.1) ...
#10 37.58 Setting up libxcb-randr0:amd64 (1.14-2) ...
#10 37.59 Setting up libfyba0:amd64 (4.1.1-6build1) ...
#10 37.59 Setting up libkmlbase1:amd64 (1.3.0-8build1) ...
#10 37.59 Setting up libxslt1.1:amd64 (1.1.34-4ubuntu0.20.04.3) ...
#10 37.59 Setting up libdapclient6v5:amd64 (3.20.5-1) ...
#10 37.59 Setting up libpam-systemd:amd64 (245.4-4ubuntu3.24) ...
#10 37.69 Setting up libopenjp2-7:amd64 (2.3.1-1ubuntu4.20.04.4) ...
#10 37.70 Setting up libthai-data (0.1.28-3) ...
#10 37.70 Setting up libjson-glib-1.0-common (1.4.4-2ubuntu2) ...
#10 37.70 Setting up python-pip-whl (20.0.2-5ubuntu1.11) ...
#10 37.70 Setting up libatk1.0-0:amd64 (2.35.1-1ubuntu2) ...
#10 37.70 Setting up shiboken2 (5.14.0-1~exp1ubuntu5) ...
#10 37.71 Setting up libprotobuf17:amd64 (3.6.1.3-2ubuntu5.2) ...
#10 37.71 Setting up libwayland-egl1:amd64 (1.18.0-1ubuntu0.1) ...
#10 37.71 Setting up libusb-1.0-0:amd64 (2:1.0.23-2build1) ...
#10 37.71 Setting up libtbb-dev:amd64 (2020.1-2) ...
#10 37.72 Setting up libgphoto2-port12:amd64 (2.5.25-0ubuntu0.1) ...
#10 37.72 Setting up libarmadillo9 (1:9.800.4+dfsg-1build1) ...
#10 37.72 Setting up glib-networking-common (2.64.2-1ubuntu0.1) ...
#10 37.72 Setting up ros-noetic-image-transport (1.12.1-1focal.20250519.235437) ...
#10 37.72 Setting up libqt5test5:amd64 (5.12.8+dfsg-0ubuntu2.1) ...
#10 37.73 Setting up libwebpmux3:amd64 (0.6.1-2ubuntu0.20.04.3) ...
#10 37.73 Setting up libdrm-common (2.4.107-8ubuntu1~20.04.2) ...
#10 37.73 Setting up libelf1:amd64 (0.176-1.1ubuntu0.1) ...
#10 37.73 Setting up libxcomposite1:amd64 (1:0.4.5-1) ...
#10 37.73 Setting up libevdev2:amd64 (1.9.0+dfsg-1ubuntu0.2) ...
#10 37.74 Setting up iso-codes (4.4-1) ...
#10 37.74 Setting up libgudev-1.0-0:amd64 (1:233-1) ...
#10 37.74 Setting up libzvbi-common (0.2.35-17) ...
#10 37.74 Setting up libgstreamer1.0-0:amd64 (1.16.3-0ubuntu1.2) ...
#10 37.75 Setcap worked! gst-ptp-helper is not suid!
#10 37.75 Setting up libmp3lame0:amd64 (3.100-3) ...
#10 37.75 Setting up libilmbase-dev:amd64 (2.3.0-6build1) ...
#10 37.78 Setting up libsz2:amd64 (1.0.4-1) ...
#10 37.78 Setting up libvorbisenc2:amd64 (1.3.6-2ubuntu1) ...
#10 37.78 Setting up tango-icon-theme (0.8.90-7) ...
#10 37.85 Setting up libwacom-common (1.3-2ubuntu3) ...
#10 37.86 Setting up python3-sip (4.19.21+dfsg-1build1) ...
#10 37.98 Setting up libxkbcommon0:amd64 (0.10.0-1) ...
#10 37.98 Setting up libkmldom1:amd64 (1.3.0-8build1) ...
#10 37.98 Setting up libwayland-client0:amd64 (1.18.0-1ubuntu0.1) ...
#10 37.99 Setting up libjpeg8:amd64 (8c-2ubuntu8) ...
#10 37.99 Setting up libspatialite7:amd64 (4.3.0a-6build1) ...
#10 37.99 Setting up glib-networking-services (2.64.2-1ubuntu0.1) ...
#10 37.99 Setting up libzvbi0:amd64 (0.2.35-17) ...
#10 38.00 Setting up libice6:amd64 (2:1.0.10-0ubuntu1) ...
#10 38.00 Setting up libjpeg-turbo8-dev:amd64 (2.0.3-0ubuntu1.20.04.3) ...
#10 38.00 Setting up libexif-dev:amd64 (0.6.21-6ubuntu0.4) ...
#10 38.00 Setting up libopencv-core4.2:amd64 (4.2.0+dfsg-5) ...
#10 38.00 Setting up libxerces-c3.2:amd64 (3.2.2+debian-1ubuntu0.2) ...
#10 38.01 Setting up libkmlengine1:amd64 (1.3.0-8build1) ...
#10 38.01 Setting up python3-sip-dev (4.19.21+dfsg-1build1) ...
#10 38.12 Setting up libtinyxml-dev:amd64 (2.6.2-4+deb10u2build0.20.04.1) ...
#10 38.12 Setting up fontconfig-config (2.13.1-2ubuntu3) ...
#10 38.16 Setting up libopencv-imgproc4.2:amd64 (4.2.0+dfsg-5) ...
#10 38.16 Setting up libxcursor1:amd64 (1:1.2.0-2) ...
#10 38.16 Setting up libpng-dev:amd64 (1.6.37-2) ...
#10 38.16 Setting up libavahi-common3:amd64 (0.7-4ubuntu7.3) ...
#10 38.17 Setting up libdc1394-22:amd64 (2.2.5-2.1) ...
#10 38.17 Setting up libjbig-dev:amd64 (2.1-3.1ubuntu0.20.04.1) ...
#10 38.17 Setting up pyqt5-dev (5.14.1+dfsg-3build1) ...
#10 38.17 Setting up libnss3:amd64 (2:3.98-0ubuntu0.20.04.2) ...
#10 38.17 Setting up libatspi2.0-0:amd64 (2.36.0-2) ...
#10 38.18 Setting up libqt5network5:amd64 (5.12.8+dfsg-0ubuntu2.1) ...
#10 38.18 Setting up libjson-glib-1.0-0:amd64 (1.4.4-2ubuntu2) ...
#10 38.18 Setting up libqt5sql5:amd64 (5.12.8+dfsg-0ubuntu2.1) ...
#10 38.18 Setting up libatk-bridge2.0-0:amd64 (2.34.2-0ubuntu2~20.04.1) ...
#10 38.18 Setting up libthai0:amd64 (0.1.28-3) ...
#10 38.19 Setting up libturbojpeg0-dev:amd64 (2.0.3-0ubuntu1.20.04.3) ...
#10 38.19 Setting up libvorbisfile3:amd64 (1.3.6-2ubuntu1) ...
#10 38.19 Setting up dbus-user-session (1.12.16-2ubuntu2.3) ...
#10 38.19 Setting up libqt5xml5:amd64 (5.12.8+dfsg-0ubuntu2.1) ...
#10 38.19 Setting up libopenexr-dev (2.3.0-6ubuntu0.5) ...
#10 38.21 Setting up libhdf5-openmpi-103:amd64 (1.10.4+repack-11ubuntu1) ...
#10 38.21 Setting up libfreetype6:amd64 (2.10.1-2ubuntu0.4) ...
#10 38.21 Setting up libqt5qml5:amd64 (5.12.8-0ubuntu1) ...
#10 38.22 Setting up libgdcm3.0:amd64 (3.0.5-1.1ubuntu2) ...
#10 38.22 Setting up libhdf5-103:amd64 (1.10.4+repack-11ubuntu1) ...
#10 38.22 Setting up libxkbcommon-x11-0:amd64 (0.10.0-1) ...
#10 38.22 Setting up python3-pip (20.0.2-5ubuntu1.11) ...
#10 38.42 Setting up libshiboken2-dev (5.14.0-1~exp1ubuntu5) ...
#10 38.43 Setting up libhdf4-0-alt (4.2.14-1ubuntu1) ...
#10 38.43 Setting up libdrm2:amd64 (2.4.107-8ubuntu1~20.04.2) ...
#10 38.43 Setting up libopencv-core-dev:amd64 (4.2.0+dfsg-5) ...
#10 38.43 Setting up libva-drm2:amd64 (2.7.0-2) ...
#10 38.44 Setting up libopencv-flann4.2:amd64 (4.2.0+dfsg-5) ...
#10 38.44 Setting up libwayland-cursor0:amd64 (1.18.0-1ubuntu0.1) ...
#10 38.44 Setting up libharfbuzz0b:amd64 (2.6.4-1ubuntu4.3) ...
#10 38.44 Setting up libtiff5:amd64 (4.1.0+git191117-2ubuntu0.20.04.14) ...
#10 38.44 Setting up libopencv-photo4.2:amd64 (4.2.0+dfsg-5) ...
#10 38.45 Setting up libjpeg8-dev:amd64 (8c-2ubuntu8) ...
#10 38.45 Setting up libva-x11-2:amd64 (2.7.0-2) ...
#10 38.45 Setting up libwacom2:amd64 (1.3-2ubuntu3) ...
#10 38.45 Setting up libsm6:amd64 (2:1.2.3-1) ...
#10 38.46 Setting up libopenmpt0:amd64 (0.4.11-1build1) ...
#10 38.46 Setting up libavahi-client3:amd64 (0.7-4ubuntu7.3) ...
#10 38.46 Setting up libopencv-ml4.2:amd64 (4.2.0+dfsg-5) ...
#10 38.46 Setting up libtiffxx5:amd64 (4.1.0+git191117-2ubuntu0.20.04.14) ...
#10 38.46 Setting up libdrm-amdgpu1:amd64 (2.4.107-8ubuntu1~20.04.2) ...
#10 38.47 Setting up libopencv-flann-dev:amd64 (4.2.0+dfsg-5) ...
#10 38.47 Setting up libgdcm-dev (3.0.5-1.1ubuntu2) ...
#10 38.47 Setting up libdrm-nouveau2:amd64 (2.4.107-8ubuntu1~20.04.2) ...
#10 38.47 Setting up libopencv-ml-dev:amd64 (4.2.0+dfsg-5) ...
#10 38.47 Setting up libdc1394-22-dev:amd64 (2.2.5-2.1) ...
#10 38.50 Setting up libgbm1:amd64 (21.2.6-0ubuntu0.1~20.04.2) ...
#10 38.50 Setting up libopencv-dnn4.2:amd64 (4.2.0+dfsg-5) ...
#10 38.51 Setting up libdrm-radeon1:amd64 (2.4.107-8ubuntu1~20.04.2) ...
#10 38.51 Setting up libdrm-intel1:amd64 (2.4.107-8ubuntu1~20.04.2) ...
#10 38.51 Setting up libgl1-mesa-dri:amd64 (21.2.6-0ubuntu0.1~20.04.2) ...
#10 38.52 Setting up libjpeg-dev:amd64 (8c-2ubuntu8) ...
#10 38.52 Setting up libpyside2-py3-5.14 (5.14.0-1~exp1ubuntu5) ...
#10 38.63 Setting up dconf-service (0.36.0-1) ...
#10 38.63 Setting up libpyside2-dev (5.14.0-1~exp1ubuntu5) ...
#10 38.63 Setting up libopencv-ts-dev:amd64 (4.2.0+dfsg-5) ...
#10 38.64 Setting up libavutil56:amd64 (7:4.2.7-0ubuntu0.1) ...
#10 38.64 Setting up liblept5:amd64 (1.79.0-1) ...
#10 38.64 Setting up libgeotiff5:amd64 (1.5.1-2) ...
#10 38.64 Setting up libinput-bin (1.15.5-1ubuntu0.3) ...
#10 38.64 Setting up libnetcdf15:amd64 (1:4.7.3-1) ...
#10 38.65 Setting up libegl-mesa0:amd64 (21.2.6-0ubuntu0.1~20.04.2) ...
#10 38.65 Setting up libtiff-dev:amd64 (4.1.0+git191117-2ubuntu0.20.04.14) ...
#10 38.65 Setting up python3-pyside2.qtcore (5.14.0-1~exp1ubuntu5) ...
#10 38.65 Setting up libopencv-imgproc-dev:amd64 (4.2.0+dfsg-5) ...
#10 38.66 Setting up libgdk-pixbuf2.0-0:amd64 (2.40.0+dfsg-3ubuntu0.5) ...
#10 38.68 Setting up libopencv-dnn-dev:amd64 (4.2.0+dfsg-5) ...
#10 38.68 Setting up libxt6:amd64 (1:1.1.5-1) ...
#10 38.68 Setting up libtesseract4:amd64 (4.1.1-2build2) ...
#10 38.68 Setting up libcups2:amd64 (2.3.1-9ubuntu1.9) ...
#10 38.69 Setting up libegl1:amd64 (1.3.2-1~ubuntu0.20.04.2) ...
#10 38.69 Setting up libswscale5:amd64 (7:4.2.7-0ubuntu0.1) ...
#10 38.69 Setting up libavutil-dev:amd64 (7:4.2.7-0ubuntu0.1) ...
#10 38.69 Setting up libinput10:amd64 (1.15.5-1ubuntu0.3) ...
#10 38.69 Setting up gtk-update-icon-cache (3.24.20-0ubuntu1.2) ...
#10 38.70 Setting up libglx-mesa0:amd64 (21.2.6-0ubuntu0.1~20.04.2) ...
#10 38.70 Setting up libglx0:amd64 (1.3.2-1~ubuntu0.20.04.2) ...
#10 38.70 Setting up dconf-gsettings-backend:amd64 (0.36.0-1) ...
#10 38.70 Setting up libopencv-photo-dev:amd64 (4.2.0+dfsg-5) ...
#10 38.70 Setting up libswresample3:amd64 (7:4.2.7-0ubuntu0.1) ...
#10 38.71 Setting up libnetcdf-c++4 (4.2-11build2) ...
#10 38.71 Setting up libavresample4:amd64 (7:4.2.7-0ubuntu0.1) ...
#10 38.71 Setting up libgl1:amd64 (1.3.2-1~ubuntu0.20.04.2) ...
#10 38.71 Setting up libswscale-dev:amd64 (7:4.2.7-0ubuntu0.1) ...
#10 38.71 Setting up libgtk-3-common (3.24.20-0ubuntu1.2) ...
#10 38.72 Setting up gsettings-desktop-schemas (3.36.0-1ubuntu1) ...
#10 38.72 Setting up libswresample-dev:amd64 (7:4.2.7-0ubuntu0.1) ...
#10 38.72 Setting up libavresample-dev:amd64 (7:4.2.7-0ubuntu0.1) ...
#10 38.72 Setting up libgl2ps1.4 (1.4.0+dfsg1-2) ...
#10 38.77 Setting up odbcinst (2.3.6-0.1ubuntu0.1) ...
#10 38.83 Setting up odbcinst1debian2:amd64 (2.3.6-0.1ubuntu0.1) ...
#10 39.01 Processing triggers for libglib2.0-0:amd64 (2.64.6-1~ubuntu20.04.9) ...
#10 39.03 Processing triggers for libc-bin (2.31-0ubuntu9.17) ...
#10 39.10 Processing triggers for systemd (245.4-4ubuntu3.24) ...
#10 39.13 Processing triggers for sgml-base (1.29.1) ...
#10 39.14 Setting up libfontconfig1:amd64 (2.13.1-2ubuntu3) ...
#10 39.14 Setting up glib-networking:amd64 (2.64.2-1ubuntu0.1) ...
#10 39.15 Setting up libbluray2:amd64 (1:1.2.0-1) ...
#10 39.17 Setting up fontconfig (2.13.1-2ubuntu3) ...
#10 39.17 Regenerating fonts cache... done.
#10 41.20 Setting up libsoup2.4-1:amd64 (2.70.0-1ubuntu0.5) ...
#10 41.21 Setting up libpango-1.0-0:amd64 (1.44.7-2ubuntu4) ...
#10 41.21 Setting up libqt5gui5:amd64 (5.12.8+dfsg-0ubuntu2.1) ...
#10 41.22 Setting up libgstreamer-plugins-base1.0-0:amd64 (1.16.3-0ubuntu1.4) ...
#10 41.23 Setting up libqt5widgets5:amd64 (5.12.8+dfsg-0ubuntu2.1) ...
#10 41.23 Setting up libpoppler97:amd64 (0.86.1-0ubuntu1.7) ...
#10 41.23 Setting up libqt5help5:amd64 (5.12.8-0ubuntu1) ...
#10 41.24 Setting up libcairo2:amd64 (1.16.0-4ubuntu1) ...
#10 41.24 Setting up libqt5printsupport5:amd64 (5.12.8+dfsg-0ubuntu2.1) ...
#10 41.25 Setting up libgd3:amd64 (2.2.5-5.2ubuntu2.4) ...
#10 41.26 Setting up libtheora0:amd64 (1.1.1+dfsg.1-15ubuntu2) ...
#10 41.27 Setting up libcairo-gobject2:amd64 (1.16.0-4ubuntu1) ...
#10 41.27 Setting up libpangoft2-1.0-0:amd64 (1.44.7-2ubuntu4) ...
#10 41.28 Setting up libsoup-gnome2.4-1:amd64 (2.70.0-1ubuntu0.5) ...
#10 41.29 Setting up libpangocairo-1.0-0:amd64 (1.44.7-2ubuntu4) ...
#10 41.30 Setting up librest-0.7-0:amd64 (0.8.1-1) ...
#10 41.31 Setting up libvtk6.3 (6.3.0+dfsg2-5build2) ...
#10 41.31 Setting up libqt5designer5:amd64 (5.12.8-0ubuntu1) ...
#10 41.32 Setting up python3-pyside2.qtgui (5.14.0-1~exp1ubuntu5) ...
#10 41.33 Setting up python3-pyside2.qtwidgets (5.14.0-1~exp1ubuntu5) ...
#10 41.33 Setting up libqt5svg5:amd64 (5.12.8-0ubuntu1) ...
#10 41.33 Setting up libgdal26 (3.0.4+dfsg-1build3) ...
#10 41.34 Setting up libopencv-imgcodecs4.2:amd64 (4.2.0+dfsg-5) ...
#10 41.34 Setting up libopencv-imgcodecs-dev:amd64 (4.2.0+dfsg-5) ...
#10 41.35 Setting up librsvg2-2:amd64 (2.48.9-1ubuntu0.20.04.4) ...
#10 41.35 Setting up libgphoto2-6:amd64 (2.5.25-0ubuntu0.1) ...
#10 41.35 Setting up libtheora-dev:amd64 (1.1.1+dfsg.1-15ubuntu2) ...
#10 41.36 Setting up librsvg2-common:amd64 (2.48.9-1ubuntu0.20.04.4) ...
#10 41.38 Setting up libavcodec58:amd64 (7:4.2.7-0ubuntu0.1) ...
#10 41.41 Setting up libopencv-viz4.2:amd64 (4.2.0+dfsg-5) ...
#10 41.42 Setting up python3-pyqt5 (5.14.1+dfsg-3build1) ...
#10 41.56 Setting up python3-pyqt5.qtsvg (5.14.1+dfsg-3build1) ...
#10 41.56 Setting up libchromaprint1:amd64 (1.4.3-3build1) ...
#10 41.57 Setting up python3-pyside2.qtsvg (5.14.0-1~exp1ubuntu5) ...
#10 41.57 Setting up ros-noetic-python-qt-binding (0.4.6-1focal.20250426.201332) ...
#10 41.58 Setting up libgphoto2-dev:amd64 (2.5.25-0ubuntu0.1) ...
#10 41.58 Setting up libavformat58:amd64 (7:4.2.7-0ubuntu0.1) ...
#10 41.59 Setting up libavcodec-dev:amd64 (7:4.2.7-0ubuntu0.1) ...
#10 41.59 Setting up libopencv-videoio4.2:amd64 (4.2.0+dfsg-5) ...
#10 41.60 Setting up libavformat-dev:amd64 (7:4.2.7-0ubuntu0.1) ...
#10 41.60 Setting up adwaita-icon-theme (3.36.1-2ubuntu0.20.04.2) ...
#10 41.64 update-alternatives: using /usr/share/icons/Adwaita/cursor.theme to provide /usr/share/icons/default/index.theme (x-cursor-theme) in auto mode
#10 41.65 Setting up libopencv-viz-dev:amd64 (4.2.0+dfsg-5) ...
#10 41.66 Setting up libopencv-videoio-dev:amd64 (4.2.0+dfsg-5) ...
#10 41.69 Setting up ros-noetic-qt-gui (0.4.5-1focal.20250426.202313) ...
#10 41.69 Setting up libgtk-3-0:amd64 (3.24.20-0ubuntu1.2) ...
#10 41.71 Setting up ros-noetic-qt-gui-cpp (0.4.5-1focal.20250427.060425) ...
#10 41.72 Setting up ros-noetic-rqt-gui (0.5.5-1focal.20250519.232427) ...
#10 41.72 Setting up libopencv-highgui4.2:amd64 (4.2.0+dfsg-5) ...
#10 41.73 Setting up libopencv-features2d4.2:amd64 (4.2.0+dfsg-5) ...
#10 41.73 Setting up humanity-icon-theme (0.6.15) ...
#10 42.00 Setting up ros-noetic-rqt-gui-cpp (0.5.5-1focal.20250519.232315) ...
#10 42.01 Setting up libopencv-calib3d4.2:amd64 (4.2.0+dfsg-5) ...
#10 42.02 Setting up libopencv-highgui-dev:amd64 (4.2.0+dfsg-5) ...
#10 42.02 Setting up libopencv-features2d-dev:amd64 (4.2.0+dfsg-5) ...
#10 42.03 Setting up libopencv-calib3d-dev:amd64 (4.2.0+dfsg-5) ...
#10 42.03 Setting up libopencv-video4.2:amd64 (4.2.0+dfsg-5) ...
#10 42.05 Setting up libopencv-videostab4.2:amd64 (4.2.0+dfsg-5) ...
#10 42.06 Setting up ubuntu-mono (19.04-0ubuntu3) ...
#10 42.12 Setting up libopencv-superres4.2:amd64 (4.2.0+dfsg-5) ...
#10 42.12 Setting up libopencv-objdetect4.2:amd64 (4.2.0+dfsg-5) ...
#10 42.13 Setting up libopencv-stitching4.2:amd64 (4.2.0+dfsg-5) ...
#10 42.13 Setting up libopencv-video-dev:amd64 (4.2.0+dfsg-5) ...
#10 42.14 Setting up libopencv-videostab-dev:amd64 (4.2.0+dfsg-5) ...
#10 42.14 Setting up libopencv-shape4.2:amd64 (4.2.0+dfsg-5) ...
#10 42.15 Setting up libopencv-objdetect-dev:amd64 (4.2.0+dfsg-5) ...
#10 42.16 Setting up libopencv-shape-dev:amd64 (4.2.0+dfsg-5) ...
#10 42.17 Setting up libopencv-superres-dev:amd64 (4.2.0+dfsg-5) ...
#10 42.18 Setting up libopencv-contrib4.2:amd64 (4.2.0+dfsg-5) ...
#10 42.19 Setting up libopencv4.2-jni (4.2.0+dfsg-5) ...
#10 42.19 Setting up libopencv-stitching-dev:amd64 (4.2.0+dfsg-5) ...
#10 42.20 Setting up python3-opencv (4.2.0+dfsg-5) ...
#10 42.20 Setting up libopencv-contrib-dev:amd64 (4.2.0+dfsg-5) ...
#10 42.20 Setting up libopencv4.2-java (4.2.0+dfsg-5) ...
#10 42.22 Setting up libopencv-dev (4.2.0+dfsg-5) ...
#10 42.22 Setting up ros-noetic-cv-bridge (1.16.2-1focal.20250519.235655) ...
#10 42.23 Setting up ros-noetic-compressed-depth-image-transport (1.15.0-1focal.20250521.004155) ...
#10 42.23 Setting up ros-noetic-rqt-image-view (0.4.19-1focal.20250520.001352) ...
#10 42.24 Setting up ros-noetic-compressed-image-transport (1.15.0-1focal.20250521.004234) ...
#10 42.24 Setting up ros-noetic-theora-image-transport (1.15.0-1focal.20250521.004408) ...
#10 42.25 Setting up ros-noetic-image-transport-plugins (1.15.0-1focal.20250521.012022) ...
#10 42.25 Processing triggers for libc-bin (2.31-0ubuntu9.17) ...
#10 42.28 Processing triggers for libgdk-pixbuf2.0-0:amd64 (2.40.0+dfsg-3ubuntu0.5) ...
#10 DONE 44.2s

#11 [3/9] COPY docker/requirements-ros1.txt /tmp/
#11 DONE 0.0s

#12 [4/9] RUN python3 -m pip install -r /tmp/requirements-ros1.txt
#12 2.065 Collecting numpy<1.25,>=1.20
#12 2.122   Downloading numpy-1.24.4-cp38-cp38-manylinux_2_17_x86_64.manylinux2014_x86_64.whl (17.3 MB)
#12 3.563 Collecting pillow<11
#12 3.579   Downloading pillow-10.4.0-cp38-cp38-manylinux_2_17_x86_64.manylinux2014_x86_64.whl (4.4 MB)
#12 3.719 Requirement already satisfied: pyyaml in /usr/lib/python3/dist-packages (from -r /tmp/requirements-ros1.txt (line 4)) (5.3.1)
#12 4.415 Collecting matplotlib<3.8
#12 4.431   Downloading matplotlib-3.7.5-cp38-cp38-manylinux_2_12_x86_64.manylinux2010_x86_64.whl (9.2 MB)
#12 5.005 Collecting contourpy>=1.0.1
#12 5.021   Downloading contourpy-1.1.1-cp38-cp38-manylinux_2_17_x86_64.manylinux2014_x86_64.whl (301 kB)
#12 5.379 Collecting kiwisolver>=1.0.1
#12 5.396   Downloading kiwisolver-1.4.7-cp38-cp38-manylinux_2_5_x86_64.manylinux1_x86_64.whl (1.2 MB)
#12 5.434 Requirement already satisfied: pyparsing>=2.3.1 in /usr/lib/python3/dist-packages (from matplotlib<3.8->-r /tmp/requirements-ros1.txt (line 5)) (2.4.6)
#12 5.515 Collecting importlib-resources>=3.2.0; python_version < "3.10"
#12 5.533   Downloading importlib_resources-6.4.5-py3-none-any.whl (36 kB)
#12 5.560 Requirement already satisfied: python-dateutil>=2.7 in /usr/lib/python3/dist-packages (from matplotlib<3.8->-r /tmp/requirements-ros1.txt (line 5)) (2.7.3)
#12 6.371 Collecting fonttools>=4.22.0
#12 6.390   Downloading fonttools-4.57.0-cp38-cp38-manylinux_2_17_x86_64.manylinux2014_x86_64.whl (4.7 MB)
#12 6.651 Collecting packaging>=20.0
#12 6.668   Downloading packaging-26.2-py3-none-any.whl (100 kB)
#12 6.716 Collecting cycler>=0.10
#12 6.732   Downloading cycler-0.12.1-py3-none-any.whl (8.3 kB)
#12 6.812 Collecting zipp>=3.1.0; python_version < "3.10"
#12 6.828   Downloading zipp-3.20.2-py3-none-any.whl (9.2 kB)
#12 7.006 Installing collected packages: numpy, pillow, contourpy, kiwisolver, zipp, importlib-resources, fonttools, packaging, cycler, matplotlib
#12 7.006   Attempting uninstall: numpy
#12 7.006     Found existing installation: numpy 1.17.4
#12 7.007     Not uninstalling numpy at /usr/lib/python3/dist-packages, outside environment /usr
#12 7.007     Can't uninstall 'numpy'. No files were found to uninstall.
#12 11.16 Successfully installed contourpy-1.1.1 cycler-0.12.1 fonttools-4.57.0 importlib-resources-6.4.5 kiwisolver-1.4.7 matplotlib-3.7.5 numpy-1.24.4 packaging-26.2 pillow-10.4.0 zipp-3.20.2
#12 DONE 11.5s

#13 [5/9] COPY . /workspace
#13 DONE 0.0s

#14 [6/9] WORKDIR /workspace
#14 DONE 0.0s

#15 [7/9] RUN mkdir -p /opt/catkin_ws/src && ln -s /workspace/ros1/omnivla_real_ros1 /opt/catkin_ws/src/omnivla_real_ros1     && source /opt/ros/noetic/setup.bash && cd /opt/catkin_ws && catkin_make -DCMAKE_BUILD_TYPE=Release     && (cd /workspace/ros1/omnivla_real_ros1 && find CMakeLists.txt package.xml include src web -type f | sort | xargs cat         | md5sum | cut -d' ' -f1) > /opt/catkin_ws/.src_hash     && python3 -c "import omnivla_real.ros_common, omnivla_real.remote; print('ros1 node deps OK')"     && python3 /workspace/tools/nav_config_json.py > /dev/null && ls /opt/catkin_ws/devel/lib/omnivla_real_ros1/
#15 0.276 Base path: /opt/catkin_ws
#15 0.276 Source space: /opt/catkin_ws/src
#15 0.276 Build space: /opt/catkin_ws/build
#15 0.276 Devel space: /opt/catkin_ws/devel
#15 0.277 Install space: /opt/catkin_ws/install
#15 0.277 Creating symlink "/opt/catkin_ws/src/CMakeLists.txt" pointing to "/opt/ros/noetic/share/catkin/cmake/toplevel.cmake"
#15 0.279 ####
#15 0.279 #### Running command: "cmake /opt/catkin_ws/src -DCMAKE_BUILD_TYPE=Release -DCATKIN_DEVEL_PREFIX=/opt/catkin_ws/devel -DCMAKE_INSTALL_PREFIX=/opt/catkin_ws/install -G Unix Makefiles" in "/opt/catkin_ws/build"
#15 0.279 ####
#15 0.356 -- The C compiler identification is GNU 9.4.0
#15 0.426 -- The CXX compiler identification is GNU 9.4.0
#15 0.434 -- Check for working C compiler: /usr/bin/cc
#15 0.514 -- Check for working C compiler: /usr/bin/cc -- works
#15 0.515 -- Detecting C compiler ABI info
#15 0.594 -- Detecting C compiler ABI info - done
#15 0.607 -- Detecting C compile features
#15 0.608 -- Detecting C compile features - done
#15 0.612 -- Check for working CXX compiler: /usr/bin/c++
#15 0.702 -- Check for working CXX compiler: /usr/bin/c++ -- works
#15 0.703 -- Detecting CXX compiler ABI info
#15 0.794 -- Detecting CXX compiler ABI info - done
#15 0.808 -- Detecting CXX compile features
#15 0.809 -- Detecting CXX compile features - done
#15 0.883 -- Using CATKIN_DEVEL_PREFIX: /opt/catkin_ws/devel
#15 0.883 -- Using CMAKE_PREFIX_PATH: /opt/ros/noetic
#15 0.884 -- This workspace overlays: /opt/ros/noetic
#15 0.907 -- Found PythonInterp: /usr/bin/python3 (found suitable version "3.8.10", minimum required is "3") 
#15 0.907 -- Using PYTHON_EXECUTABLE: /usr/bin/python3
#15 0.907 -- Using Debian Python package layout
#15 0.939 -- Found PY_em: /usr/lib/python3/dist-packages/em.py  
#15 0.939 -- Using empy: /usr/lib/python3/dist-packages/em.py
#15 1.060 -- Using CATKIN_ENABLE_TESTING: ON
#15 1.060 -- Call enable_testing()
#15 1.064 -- Using CATKIN_TEST_RESULTS_DIR: /opt/catkin_ws/build/test_results
#15 1.428 -- Forcing gtest/gmock from source, though one was otherwise available.
#15 1.428 -- Found gtest sources under '/usr/src/googletest': gtests will be built
#15 1.428 -- Found gmock sources under '/usr/src/googletest': gmock will be built
#15 1.454 -- Found PythonInterp: /usr/bin/python3 (found version "3.8.10") 
#15 1.457 -- Found Threads: TRUE  
#15 1.462 -- Using Python nosetests: /usr/bin/nosetests3
#15 1.519 -- catkin 0.8.12
#15 1.519 -- BUILD_SHARED_LIBS is on
#15 1.671 -- BUILD_SHARED_LIBS is on
#15 1.929 -- ~~~~~~~~~~~~~~~~~~~~~~~~~~~~~~~~~~~~~~~~~~~~~~~~~
#15 1.929 -- ~~  traversing 1 packages in topological order:
#15 1.931 -- ~~  - omnivla_real_ros1
#15 1.931 -- ~~~~~~~~~~~~~~~~~~~~~~~~~~~~~~~~~~~~~~~~~~~~~~~~~
#15 1.931 -- +++ processing catkin package: 'omnivla_real_ros1'
#15 1.931 -- ==> add_subdirectory(omnivla_real_ros1)
#15 1.983 -- Using these message generators: gencpp;geneus;genlisp;gennodejs;genpy
#15 2.216 -- Installing devel-space wrapper /opt/catkin_ws/src/omnivla_real_ros1/scripts/navigator_node.py to /opt/catkin_ws/devel/lib/omnivla_real_ros1
#15 2.220 -- Configuring done
#15 2.263 -- Generating done
#15 2.270 -- Build files have been written to: /opt/catkin_ws/build
#15 2.276 ####
#15 2.276 #### Running command: "make -j4 -l4" in "/opt/catkin_ws/build"
#15 2.276 ####
#15 2.330 Scanning dependencies of target omnivla_core
#15 2.346 [ 13%] Building CXX object omnivla_real_ros1/CMakeFiles/omnivla_core.dir/src/core/app.cpp.o
#15 2.346 [ 26%] Building CXX object omnivla_real_ros1/CMakeFiles/omnivla_core.dir/src/core/config.cpp.o
#15 2.346 [ 26%] Building CXX object omnivla_real_ros1/CMakeFiles/omnivla_core.dir/src/core/controller.cpp.o
#15 2.347 [ 26%] Building CXX object omnivla_real_ros1/CMakeFiles/omnivla_core.dir/src/core/engine.cpp.o
#15 4.829 [ 33%] Building CXX object omnivla_real_ros1/CMakeFiles/omnivla_core.dir/src/core/navlog.cpp.o
#15 8.749 [ 40%] Building CXX object omnivla_real_ros1/CMakeFiles/omnivla_core.dir/src/core/policy_client.cpp.o
#15 9.558 [ 46%] Building CXX object omnivla_real_ros1/CMakeFiles/omnivla_core.dir/src/core/runner.cpp.o
#15 9.998 [ 53%] Building CXX object omnivla_real_ros1/CMakeFiles/omnivla_core.dir/src/core/tracker.cpp.o
#15 10.74 [ 60%] Building CXX object omnivla_real_ros1/CMakeFiles/omnivla_core.dir/src/core/web_ui.cpp.o
#15 13.21 [ 66%] Building CXX object omnivla_real_ros1/CMakeFiles/omnivla_core.dir/web_index.cpp.o
#15 25.95 [ 73%] Linking CXX static library /opt/catkin_ws/devel/lib/libomnivla_core.a
#15 26.04 [ 73%] Built target omnivla_core
#15 26.06 Scanning dependencies of target omnivla_core_check
#15 26.07 Scanning dependencies of target omnivla_navigator
#15 26.08 [ 80%] Building CXX object omnivla_real_ros1/CMakeFiles/omnivla_core_check.dir/src/tools/core_check.cpp.o
#15 26.09 [ 86%] Building CXX object omnivla_real_ros1/CMakeFiles/omnivla_navigator.dir/src/navigator_node.cpp.o
#15 32.33 [ 93%] Linking CXX executable /opt/catkin_ws/devel/lib/omnivla_real_ros1/core_check
#15 32.48 [ 93%] Built target omnivla_core_check
#15 33.69 [100%] Linking CXX executable /opt/catkin_ws/devel/lib/omnivla_real_ros1/navigator
#15 33.90 [100%] Built target omnivla_navigator
#15 34.13 ros1 node deps OK
#15 34.33 core_check
#15 34.33 navigator
#15 34.33 navigator_node.py
#15 DONE 34.4s

#16 [8/9] COPY docker/entrypoint-ros1.sh /entrypoint.sh
#16 DONE 0.0s

#17 [9/9] RUN chmod +x /entrypoint.sh
#17 DONE 0.1s

#18 exporting to image
#18 exporting layers
#18 exporting layers 11.4s done
#18 writing image sha256:6234babc7fd565339a29e55d17571bcf5ddd21227f50ea562675867ebf68755b done
#18 naming to docker.io/library/omnivla_real:ros1 done
#18 DONE 11.4s
