step,sim_time,x,y,yaw,subgoal,num_nodes,sg_x,sg_y,sg_yaw,goal_local_x,goal_local_y,goal_bearing_deg,pred_bearing_deg,modality,controller,v,w,latency,dist,similarity,state,wp0_x,wp0_y,wp0_yaw_deg,wp1_x,wp1_y,wp1_yaw_deg,wp2_x,wp2_y,wp2_yaw_deg,wp3_x,wp3_y,wp3_yaw_deg,wp4_x,wp4_y,wp4_yaw_deg,wp5_x,wp5_y,wp5_yaw_deg,wp6_x,wp6_y,wp6_yaw_deg,wp7_x,wp7_y,wp7_yaw_deg
1,1000.1,0,0,0,0,24,0,0,0,0,0,0,104.21,6,trajectory,0.041077,1,0.14137,0,1,running,0.023546,0.036086,0.43684,0.006435,0.068461,176.15,-0.0079257,0.048692,7.6434,-0.037259,0.042882,119.26,-0.0070727,0.027921,-132.59,-0.010345,0.036973,-44.352,-0.0032331,0.056387,-130.08,-0.015008,0.072643,-97.426
2,1000.3,0,0,0,0,24,0,0,0,0,0,0,104.21,6,trajectory,0.041077,1,0.13414,0,1,running,0.023546,0.036086,0.43684,0.006435,0.068461,176.15,-0.0079257,0.048692,7.6434,-0.037259,0.042882,119.26,-0.0070727,0.027921,-132.59,-0.010345,0.036973,-44.352,-0.0032331,0.056387,-130.08,-0.015008,0.072643,-97.426
3,1000.4,0,0,0,0,24,0,0,0,0,0,0,104.21,6,trajectory,0.041077,1,0.13272,0,1,running,0.023546,0.036086,0.43684,0.006435,0.068461,176.15,-0.0079257,0.048692,7.6434,-0.037259,0.042882,119.26,-0.0070727,0.027921,-132.59,-0.010345,0.036973,-44.352,-0.0032331,0.056387,-130.08,-0.015008,0.072643,-97.426
4,1000.6,0,0,0,0,24,0,0,0,0,0,0,104.21,6,trajectory,0.041077,1,0.13569,0,1,running,0.023546,0.036086,0.43684,0.006435,0.068461,176.15,-0.0079257,0.048692,7.6434,-0.037259,0.042882,119.26,-0.0070727,0.027921,-132.59,-0.010345,0.036973,-44.352,-0.0032331,0.056387,-130.08,-0.015008,0.072643,-97.426
5,1000.7,0,0,0,0,24,0,0,0,0,0,0,104.21,6,trajectory,0.041077,1,0.13158,0,1,running,0.023546,0.036086,0.43684,0.006435,0.068461,176.15,-0.0079257,0.048692,7.6434,-0.037259,0.042882,119.26,-0.0070727,0.027921,-132.59,-0.010345,0.036973,-44.352,-0.0032331,0.056387,-130.08,-0.015008,0.072643,-97.426
6,1000.9,0,0,0,0,24,0,0,0,0,0,0,104.21,6,trajectory,0.041077,1,0.13589,0,1,running,0.023546,0.036086,0.43684,0.006435,0.068461,176.15,-0.0079257,0.048692,7.6434,-0.037259,0.042882,119.26,-0.0070727,0.027921,-132.59,-0.010345,0.036973,-44.352,-0.0032331,0.056387,-130.08,-0.015008,0.072643,-97.426
7,1001.1,0,0,0,0,24,0,0,0,0,0,0,104.21,6,trajectory,0.041077,1,0.1312,0,1,running,0.023546,0.036086,0.43684,0.006435,0.068461,176.15,-0.0079257,0.048692,7.6434,-0.037259,0.042882,119.26,-0.0070727,0.027921,-132.59,-0.010345,0.036973,-44.352,-0.0032331,0.056387,-130.08,-0.015008,0.072643,-97.426
8,1001.2,0,0,0,0,24,0,0,0,0,0,0,104.21,6,trajectory,0.041077,1,0.13259,0,1,running,0.023546,0.036086,0.43684,0.006435,0.068461,176.15,-0.0079257,0.048692,7.6434,-0.037259,0.042882,119.26,-0.0070727,0.027921,-132.59,-0.010345,0.036973,-44.352,-0.0032331,0.056387,-130.08,-0.015008,0.072643,-97.426
9,1001.4,0,0,0,0,24,0,0,0,0,0,0,104.21,6,trajectory,0.041077,1,0.13301,0,1,running,0.023546,0.036086,0.43684,0.006435,0.068461,176.15,-0.0079257,0.048692,7.6434,-0.037259,0.042882,119.26,-0.0070727,0.027921,-132.59,-0.010345,0.036973,-44.352,-0.0032331,0.056387,-130.08,-0.015008,0.072643,-97.426
10,1001.5,0,0,0,0,24,0,0,0,0,0,0,104.21,6,trajectory,0.041077,1,0.13215,0,1,running,0.023546,0.036086,0.43684,0.006435,0.068461,176.15,-0.0079257,0.048692,7.6434,-0.037259,0.042882,119.26,-0.0070727,0.027921,-132.59,-0.010345,0.036973,-44.352,-0.0032331,0.056387,-130.08,-0.015008,0.072643,-97.426
11,1001.7,0,0,0,0,24,0,0,0,0,0,0,104.21,6,trajectory,0.041077,1,0.13094,0,1,running,0.023546,0.036086,0.43684,0.006435,0.068461,176.15,-0.0079257,0.048692,7.6434,-0.037259,0.042882,119.26,-0.0070727,0.027921,-132.59,-0.010345,0.036973,-44.352,-0.0032331,0.056387,-130.08,-0.015008,0.072643,-97.426
12,1001.8,0,0,0,0,24,0,0,0,0,0,0,104.21,6,trajectory,0.041077,1,0.13244,0,1,running,0.023546,0.036086,0.43684,0.006435,0.068461,176.15,-0.0079257,0.048692,7.6434,-0.037259,0.042882,119.26,-0.0070727,0.027921,-132.59,-0.010345,0.036973,-44.352,-0.0032331,0.056387,-130.08,-0.015008,0.072643,-97.426
13,1002,0,0,0,0,24,0,0,0,0,0,0,104.21,6,trajectory,0.041077,1,0.13257,0,1,running,0.023546,0.036086,0.43684,0.006435,0.068461,176.15,-0.0079257,0.048692,7.6434,-0.037259,0.042882,119.26,-0.0070727,0.027921,-132.59,-0.010345,0.036973,-44.352,-0.0032331,0.056387,-130.08,-0.015008,0.072643,-97.426
14,1002.1,0,0,0,0,24,0,0,0,0,0,0,104.21,6,trajectory,0.041077,1,0.14226,0,1,running,0.023546,0.036086,0.43684,0.006435,0.068461,176.15,-0.0079257,0.048692,7.6434,-0.037259,0.042882,119.26,-0.0070727,0.027921,-132.59,-0.010345,0.036973,-44.352,-0.0032331,0.056387,-130.08,-0.015008,0.072643,-97.426
15,1002.3,0.036,2.16e-06,0.00012,0,24,0,0,0,-0.036,2.16e-06,180,104.21,6,trajectory,0.041077,1,0.13182,0.036,1,running,0.023546,0.036086,0.43684,0.006435,0.068461,176.15,-0.0079257,0.048692,7.6434,-0.037259,0.042882,119.26,-0.0070727,0.027921,-132.59,-0.010345,0.036973,-44.352,-0.0032331,0.056387,-130.08,-0.015008,0.072643,-97.426
16,1002.4,0.12,2.4e-05,0.0004,0,24,0,0,0,-0.12,2.4e-05,179.99,104.21,6,trajectory,0.041077,1,0.1327,0.12,1,running,0.023546,0.036086,0.43683,0.006435,0.068461,176.15,-0.0079257,0.048692,7.6434,-0.037259,0.042882,119.26,-0.0070727,0.027921,-132.59,-0.010345,0.036973,-44.352,-0.0032331,0.056387,-130.08,-0.015008,0.072643,-97.426
17,1002.6,0.216,7.776e-05,0.00072,0,24,0,0,0,-0.216,7.776e-05,179.98,104.21,6,trajectory,0.041077,1,0.13563,0.216,1,running,0.023546,0.036086,0.43684,0.006435,0.068461,176.15,-0.0079257,0.048692,7.6434,-0.037259,0.042882,119.26,-0.0070727,0.027921,-132.59,-0.010345,0.036973,-44.352,-0.0032331,0.056387,-130.08,-0.015008,0.072643,-97.426
18,1002.7,0.312,0.00016224,0.00104,0,24,0,0,0,-0.312,0.00016224,179.97,104.21,6,trajectory,0.041077,1,0.1324,0.312,1,running,0.023546,0.036086,0.43684,0.006435,0.068461,176.15,-0.0079257,0.048692,7.6434,-0.037259,0.042882,119.26,-0.0070727,0.027921,-132.59,-0.010345,0.036973,-44.352,-0.0032331,0.056387,-130.08,-0.015008,0.072643,-97.426
19,1002.9,0.396,0.00026136,0.00132,1,24,1.044,0.0018166,0.00348,0.648,0.00069984,0.061879,104.21,6,trajectory,0.041077,1,0.13585,0.396,1,running,0.023546,0.036086,0.43683,0.006435,0.068461,176.15,-0.0079257,0.048692,7.6434,-0.037259,0.042882,119.26,-0.0070727,0.027921,-132.59,-0.010345,0.036973,-44.352,-0.0032331,0.056387,-130.08,-0.015008,0.072643,-97.426
20,1003,0.492,0.00040344,0.00164,1,24,1.044,0.0018166,0.00348,0.552,0.00050784,0.052712,104.21,6,trajectory,0.041077,1,0.13269,0.552,1,running,0.023546,0.036086,0.43683,0.006435,0.068461,176.15,-0.0079257,0.048692,7.6434,-0.037259,0.042882,119.26,-0.0070727,0.027921,-132.59,-0.010345,0.036973,-44.352,-0.0032331,0.056387,-130.08,-0.015008,0.072643,-97.426
21,1003.2,0.588,0.00057624,0.00196,1,24,1.044,0.0018166,0.00348,0.456,0.00034656,0.043545,104.21,6,trajectory,0.041077,1,0.13472,0.456,1,running,0.023546,0.036086,0.43683,0.006435,0.068461,176.15,-0.0079257,0.048692,7.6434,-0.037259,0.042882,119.26,-0.0070727,0.027921,-132.59,-0.010345,0.036973,-44.352,-0.0032331,0.056387,-130.08,-0.015008,0.072643,-97.426
22,1003.4,0.684,0.00077976,0.00228,1,24,1.044,0.0018166,0.00348,0.36,0.000216,0.034377,104.21,6,trajectory,0.041077,1,0.13495,0.36,1,running,0.023546,0.036086,0.43684,0.006435,0.068461,176.15,-0.0079257,0.048692,7.6434,-0.037259,0.042882,119.26,-0.0070727,0.027921,-132.59,-0.010345,0.036973,-44.352,-0.0032331,0.056387,-130.08,-0.015008,0.072643,-97.426
23,1003.5,0.78,0.001014,0.0026,2,24,2.124,0.0075189,0.00708,1.344,0.0030106,0.12834,104.21,6,trajectory,0.041077,1,0.13166,0.264,1,running,0.023546,0.036086,0.43683,0.006435,0.068461,176.15,-0.0079257,0.048692,7.6434,-0.037259,0.042882,119.26,-0.0070727,0.027921,-132.59,-0.010345,0.036973,-44.352,-0.0032331,0.056387,-130.08,-0.015008,0.072643,-97.426
24,1003.7,0.864,0.0012442,0.00288,2,24,2.124,0.0075189,0.00708,1.26,0.002646,0.12032,104.21,6,trajectory,0.041077,1,0.13421,1.26,1,running,0.023546,0.036086,0.43683,0.006435,0.068461,176.15,-0.0079257,0.048692,7.6434,-0.037259,0.042882,119.26,-0.0070727,0.027921,-132.59,-0.010345,0.036973,-44.352,-0.0032331,0.056387,-130.08,-0.015008,0.072643,-97.426
25,1003.8,0.972,0.0015746,0.00324,4,24,4.2839,0.030587,0.01428,3.3119,0.018282,0.31627,104.21,6,trajectory,0.041077,1,0.13316,1.152,1,running,0.023546,0.036086,0.43683,0.006435,0.068461,176.15,-0.0079257,0.048692,7.6434,-0.037259,0.042882,119.26,-0.0070727,0.027921,-132.59,-0.010345,0.036973,-44.352,-0.0032331,0.056387,-130.08,-0.015008,0.072643,-97.426
26,1004,1.056,0.0018586,0.00352,4,24,4.2839,0.030587,0.01428,3.2279,0.017366,0.30825,104.21,6,trajectory,0.041077,1,0.13655,3.228,1,running,0.023546,0.036086,0.43684,0.006435,0.068461,176.15,-0.0079257,0.048692,7.6434,-0.037259,0.042882,119.26,-0.0070727,0.027921,-132.59,-0.010345,0.036973,-44.352,-0.0032331,0.056387,-130.08,-0.015008,0.072643,-97.426
27,1004.2,1.176,0.002305,0.00392,4,24,4.2839,0.030587,0.01428,3.1079,0.016099,0.29679,104.21,6,trajectory,0.041077,1,0.14882,3.108,1,running,0.023546,0.036086,0.43684,0.006435,0.068461,176.15,-0.0079257,0.048692,7.6434,-0.037259,0.042882,119.26,-0.0070727,0.027921,-132.59,-0.010345,0.036973,-44.352,-0.0032331,0.056387,-130.08,-0.015008,0.072643,-97.426
28,1004.3,1.272,0.0026966,0.00424,4,24,4.2839,0.030587,0.01428,3.0119,0.01512,0.28762,104.21,6,trajectory,0.041077,1,0.13203,3.012,1,running,0.023546,0.036086,0.43683,0.006435,0.068461,176.15,-0.0079257,0.048692,7.6434,-0.037259,0.042882,119.26,-0.0070727,0.027921,-132.59,-0.010345,0.036973,-44.352,-0.0032331,0.056387,-130.08,-0.015008,0.072643,-97.426
29,1004.5,1.368,0.003119,0.00456,4,24,4.2839,0.030587,0.01428,2.916,0.014172,0.27846,104.21,6,trajectory,0.041077,1,0.13111,2.916,1,running,0.023546,0.036086,0.43684,0.006435,0.068461,176.15,-0.0079257,0.048692,7.6434,-0.037259,0.042882,119.26,-0.0070727,0.027921,-132.59,-0.010345,0.036973,-44.352,-0.0032331,0.056387,-130.08,-0.015008,0.072643,-97.426
30,1004.6,1.452,0.0035138,0.00484,4,24,4.2839,0.030587,0.01428,2.832,0.013367,0.27044,104.21,6,trajectory,0.041077,1,0.13781,2.832,1,running,0.023546,0.036086,0.43683,0.006435,0.068461,176.15,-0.0079257,0.048692,7.6434,-0.037259,0.042882,119.26,-0.0070727,0.027921,-132.59,-0.010345,0.036973,-44.352,-0.0032331,0.056387,-130.08,-0.015008,0.072643,-97.426
31,1004.8,1.548,0.0039938,0.00516,4,24,4.2839,0.030587,0.01428,2.736,0.012476,0.26127,104.21,6,trajectory,0.041077,1,0.13062,2.736,1,running,0.023546,0.036086,0.43683,0.006435,0.068461,176.15,-0.0079257,0.048692,7.6434,-0.037259,0.042882,119.26,-0.0070727,0.027921,-132.59,-0.010345,0.036973,-44.352,-0.0032331,0.056387,-130.08,-0.015008,0.072643,-97.426
32,1004.9,1.632,0.004439,0.00544,4,24,4.2839,0.030587,0.01428,2.652,0.011722,0.25325,104.21,6,trajectory,0.041077,1,0.13206,2.652,1,running,0.023546,0.036086,0.43684,0.006435,0.068461,176.15,-0.0079257,0.048692,7.6434,-0.037259,0.042882,119.26,-0.0070727,0.027921,-132.59,-0.010345,0.036973,-44.352,-0.0032331,0.056387,-130.08,-0.015008,0.072643,-97.426
33,1005.1,1.728,0.0049766,0.00576,4,24,4.2839,0.030587,0.01428,2.556,0.010888,0.24408,104.21,6,trajectory,0.041077,1,0.13447,2.556,1,running,0.023546,0.036086,0.43684,0.006435,0.068461,176.15,-0.0079257,0.048692,7.6434,-0.037259,0.042882,119.26,-0.0070727,0.027921,-132.59,-0.010345,0.036973,-44.352,-0.0032331,0.056387,-130.08,-0.015008,0.072643,-97.426
34,1005.2,1.812,0.0054722,0.00604,4,24,4.2839,0.030587,0.01428,2.472,0.010185,0.23606,104.21,6,trajectory,0.041077,1,0.13288,2.472,1,running,0.023546,0.036086,0.43684,0.006435,0.068461,176.15,-0.0079257,0.048692,7.6434,-0.037259,0.042882,119.26,-0.0070727,0.027921,-132.59,-0.010345,0.036973,-44.352,-0.0032331,0.056387,-130.08,-0.015008,0.072643,-97.426
35,1005.4,1.908,0.0060674,0.00636,5,24,5.3637,0.047953,0.01788,3.4559,0.019906,0.33002,104.21,6,trajectory,0.041077,1,0.13396,2.376,1,running,0.023546,0.036086,0.43683,0.006435,0.068461,176.15,-0.0079257,0.048692,7.6434,-0.037259,0.042882,119.26,-0.0070727,0.027921,-132.59,-0.010345,0.036973,-44.352,-0.0032331,0.056387,-130.08,-0.015008,0.072643,-97.426
36,1005.5,1.992,0.0066134,0.00664,5,24,5.3637,0.047953,0.01788,3.3719,0.01895,0.322,104.21,6,trajectory,0.041077,1,0.13427,3.372,1,running,0.023546,0.036086,0.43684,0.006435,0.068461,176.15,-0.0079257,0.048692,7.6434,-0.037259,0.042882,119.26,-0.0070727,0.027921,-132.59,-0.010345,0.036973,-44.352,-0.0032331,0.056387,-130.08,-0.015008,0.072643,-97.426
37,1005.7,2.1,0.00735,0.007,5,24,5.3637,0.047953,0.01788,3.2639,0.017756,0.31169,104.21,6,trajectory,0.041077,1,0.134,3.264,1,running,0.023546,0.036086,0.43684,0.006435,0.068461,176.15,-0.0079257,0.048692,7.6434,-0.037259,0.042882,119.26,-0.0070727,0.027921,-132.59,-0.010345,0.036973,-44.352,-0.0032331,0.056387,-130.08,-0.015008,0.072643,-97.426
38,1005.9,2.196,0.0080373,0.00732,5,24,5.3637,0.047953,0.01788,3.1679,0.016727,0.30252,104.21,6,trajectory,0.041077,1,0.13254,3.168,1,running,0.023546,0.036086,0.43683,0.006435,0.068461,176.15,-0.0079257,0.048692,7.6434,-0.037259,0.042882,119.26,-0.0070727,0.027921,-132.59,-0.010345,0.036973,-44.352,-0.0032331,0.056387,-130.08,-0.015008,0.072643,-97.426
39,1006,2.28,0.008664,0.0076,5,24,5.3637,0.047953,0.01788,3.0839,0.015852,0.2945,104.21,6,trajectory,0.041077,1,0.13295,3.084,1,running,0.023546,0.036086,0.43683,0.006435,0.068461,176.15,-0.0079257,0.048692,7.6434,-0.037259,0.042882,119.26,-0.0070727,0.027921,-132.59,-0.010345,0.036973,-44.352,-0.0032331,0.056387,-130.08,-0.015008,0.072643,-97.426
40,1006.2,2.376,0.0094089,0.00792,5,24,5.3637,0.047953,0.01788,2.988,0.01488,0.28533,104.21,6,trajectory,0.041077,1,0.13493,2.988,1,running,0.023546,0.036086,0.43684,0.006435,0.068461,176.15,-0.0079257,0.048692,7.6434,-0.037259,0.042882,119.26,-0.0070727,0.027921,-132.59,-0.010345,0.036973,-44.352,-0.0032331,0.056387,-130.08,-0.015008,0.072643,-97.426
41,1006.3,2.46,0.010086,0.0082,5,24,5.3637,0.047953,0.01788,2.904,0.014055,0.27731,104.21,6,trajectory,0.041077,1,0.13839,2.904,1,running,0.023546,0.036086,0.43683,0.006435,0.068461,176.15,-0.0079257,0.048692,7.6434,-0.037259,0.042882,119.26,-0.0070727,0.027921,-132.59,-0.010345,0.036973,-44.352,-0.0032331,0.056387,-130.08,-0.015008,0.072643,-97.426
42,1006.5,2.556,0.010888,0.00852,5,24,5.3637,0.047953,0.01788,2.808,0.013141,0.26814,104.21,6,trajectory,0.041077,1,0.13688,2.808,1,running,0.023546,0.036086,0.43683,0.006435,0.068461,176.15,-0.0079257,0.048692,7.6434,-0.037259,0.042882,119.26,-0.0070727,0.027921,-132.59,-0.010345,0.036973,-44.352,-0.0032331,0.056387,-130.08,-0.015008,0.072643,-97.426
43,1006.6,2.652,0.011722,0.00884,5,24,5.3637,0.047953,0.01788,2.712,0.012258,0.25898,104.21,6,trajectory,0.041077,1,0.13421,2.712,1,running,0.023546,0.036086,0.43683,0.006435,0.068461,176.15,-0.0079257,0.048692,7.6434,-0.037259,0.042882,119.26,-0.0070727,0.027921,-132.59,-0.010345,0.036973,-44.352,-0.0032331,0.056387,-130.08,-0.015008,0.072643,-97.426
44,1006.8,2.736,0.012476,0.00912,5,24,5.3637,0.047953,0.01788,2.628,0.011511,0.25096,104.21,6,trajectory,0.041077,1,0.13277,2.628,1,running,0.023546,0.036086,0.43684,0.006435,0.068461,176.15,-0.0079257,0.048692,7.6434,-0.037259,0.042882,119.26,-0.0070727,0.027921,-132.59,-0.010345,0.036973,-44.352,-0.0032331,0.056387,-130.08,-0.015008,0.072643,-97.426
45,1006.9,2.832,0.013367,0.00944,5,24,5.3637,0.047953,0.01788,2.532,0.010685,0.24179,104.21,6,trajectory,0.041077,1,0.1329,2.532,1,running,0.023546,0.036086,0.43683,0.006435,0.068461,176.15,-0.0079257,0.048692,7.6434,-0.037259,0.042882,119.26,-0.0070727,0.027921,-132.59,-0.010345,0.036973,-44.352,-0.0032331,0.056387,-130.08,-0.015008,0.072643,-97.426
46,1007.1,2.916,0.014172,0.00972,5,24,5.3637,0.047953,0.01788,2.448,0.0099878,0.23377,104.21,6,trajectory,0.041077,1,0.13122,2.448,1,running,0.023546,0.036086,0.43684,0.006435,0.068461,176.15,-0.0079257,0.048692,7.6434,-0.037259,0.042882,119.26,-0.0070727,0.027921,-132.59,-0.010345,0.036973,-44.352,-0.0032331,0.056387,-130.08,-0.015008,0.072643,-97.426
47,1007.2,3,0.015,0.01,6,24,6.4435,0.069206,0.02148,3.4439,0.019768,0.32888,104.21,6,trajectory,0.041077,1,0.13291,2.364,1,running,0.023546,0.036086,0.43684,0.006435,0.068461,176.15,-0.0079257,0.048692,7.6434,-0.037259,0.042882,119.26,-0.0070727,0.027921,-132.59,-0.010345,0.036973,-44.352,-0.0032331,0.056387,-130.08,-0.015008,0.072643,-97.426
48,1007.4,3.0959,0.015975,0.01032,6,24,6.4435,0.069206,0.02148,3.3479,0.018682,0.31971,104.21,6,trajectory,0.041077,1,0.13942,3.348,1,running,0.023546,0.036086,0.43684,0.006435,0.068461,176.15,-0.0079257,0.048692,7.6434,-0.037259,0.042882,119.26,-0.0070727,0.027921,-132.59,-0.010345,0.036973,-44.352,-0.0032331,0.056387,-130.08,-0.015008,0.072643,-97.426
49,1007.5,3.2039,0.017109,0.01068,6,24,6.4435,0.069206,0.02148,3.2399,0.017496,0.3094,104.21,6,trajectory,0.041077,1,0.13874,3.24,1,running,0.023546,0.036086,0.43684,0.006435,0.068461,176.15,-0.0079257,0.048692,7.6434,-0.037259,0.042882,119.26,-0.0070727,0.027921,-132.59,-0.010345,0.036973,-44.352,-0.0032331,0.056387,-130.08,-0.015008,0.072643,-97.426
50,1007.7,3.2879,0.018018,0.01096,6,24,6.4435,0.069206,0.02148,3.1559,0.0166,0.30138,104.21,6,trajectory,0.041077,1,0.14021,3.156,1,running,0.023546,0.036086,0.43683,0.006435,0.068461,176.15,-0.0079257,0.048692,7.6434,-0.037259,0.042882,119.26,-0.0070727,0.027921,-132.59,-0.010345,0.036973,-44.352,-0.0032331,0.056387,-130.08,-0.015008,0.072643,-97.426
51,1007.8,3.3839,0.019086,0.01128,6,24,6.4435,0.069206,0.02148,3.0599,0.015606,0.29221,104.21,6,trajectory,0.041077,1,0.13511,3.06,1,running,0.023546,0.036086,0.43684,0.006435,0.068461,176.15,-0.0079257,0.048692,7.6434,-0.037259,0.042882,119.26,-0.0070727,0.027921,-132.59,-0.010345,0.036973,-44.352,-0.0032331,0.056387,-130.08,-0.015008,0.072643,-97.426
52,1008,3.4799,0.020184,0.0116,6,24,6.4435,0.069206,0.02148,2.964,0.014642,0.28304,104.21,6,trajectory,0.041077,1,0.13975,2.964,1,running,0.023546,0.036086,0.43684,0.006435,0.068461,176.15,-0.0079257,0.048692,7.6434,-0.037259,0.042882,119.26,-0.0070727,0.027921,-132.59,-0.010345,0.036973,-44.352,-0.0032331,0.056387,-130.08,-0.015008,0.072643,-97.426
53,1008.2,3.5759,0.021313,0.01192,6,24,6.4435,0.069206,0.02148,2.868,0.013709,0.27387,104.21,6,trajectory,0.041077,1,0.14174,2.868,1,running,0.023546,0.036086,0.43684,0.006435,0.068461,176.15,-0.0079257,0.048692,7.6434,-0.037259,0.042882,119.26,-0.0070727,0.027921,-132.59,-0.010345,0.036973,-44.352,-0.0032331,0.056387,-130.08,-0.015008,0.072643,-97.426
54,1008.3,3.6719,0.022472,0.01224,6,24,6.4435,0.069206,0.02148,2.772,0.012807,0.26471,104.21,6,trajectory,0.041077,1,0.14616,2.772,1,running,0.023546,0.036086,0.43684,0.006435,0.068461,176.15,-0.0079257,0.048692,7.6434,-0.037259,0.042882,119.26,-0.0070727,0.027921,-132.59,-0.010345,0.036973,-44.352,-0.0032331,0.056387,-130.08,-0.015008,0.072643,-97.426
55,1008.5,3.7679,0.023663,0.01256,6,24,6.4435,0.069206,0.02148,2.676,0.011935,0.25554,104.21,6,trajectory,0.041077,1,0.1463,2.676,1,running,0.023546,0.036086,0.43684,0.006435,0.068461,176.15,-0.0079257,0.048692,7.6434,-0.037259,0.042882,119.26,-0.0070727,0.027921,-132.59,-0.010345,0.036973,-44.352,-0.0032331,0.056387,-130.08,-0.015008,0.072643,-97.426
56,1008.7,3.8759,0.025039,0.01292,6,24,6.4435,0.069206,0.02148,2.568,0.010991,0.24523,104.21,6,trajectory,0.041077,1,0.13362,2.568,1,running,0.023546,0.036086,0.43684,0.006435,0.068461,176.15,-0.0079257,0.048692,7.6434,-0.037259,0.042882,119.26,-0.0070727,0.027921,-132.59,-0.010345,0.036973,-44.352,-0.0032331,0.056387,-130.08,-0.015008,0.072643,-97.426
57,1008.8,3.9599,0.026136,0.0132,6,24,6.4435,0.069206,0.02148,2.484,0.010284,0.2372,104.21,6,trajectory,0.041077,1,0.13415,2.484,1,running,0.023546,0.036086,0.43683,0.006435,0.068461,176.15,-0.0079257,0.048692,7.6434,-0.037259,0.042882,119.26,-0.0070727,0.027921,-132.59,-0.010345,0.036973,-44.352,-0.0032331,0.056387,-130.08,-0.015008,0.072643,-97.426
58,1009,4.0559,0.027418,0.01352,7,24,7.4382,0.19515,0.37631,3.3842,0.12199,2.0644,104.21,6,trajectory,0.041077,1,0.14092,2.388,1,running,0.023546,0.036086,0.43683,0.006435,0.068461,176.15,-0.0079257,0.048692,7.6434,-0.037259,0.042882,119.26,-0.0070727,0.027921,-132.59,-0.010345,0.036973,-44.352,-0.0032331,0.056387,-130.08,-0.015008,0.072643,-97.426
59,1009.1,4.1519,0.028731,0.01384,7,24,7.4382,0.19515,0.37631,3.2883,0.12092,2.106,104.21,6,trajectory,0.041077,1,0.14254,3.2905,1,running,0.023546,0.036086,0.43683,0.006435,0.068461,176.15,-0.0079257,0.048692,7.6434,-0.037259,0.042882,119.26,-0.0070727,0.027921,-132.59,-0.010345,0.036973,-44.352,-0.0032331,0.056387,-130.08,-0.015008,0.072643,-97.426
60,1009.3,4.2599,0.030245,0.0142,7,24,7.4382,0.19515,0.37631,3.1803,0.11975,2.1564,104.21,6,trajectory,0.041077,1,0.13837,3.1826,1,running,0.023546,0.036086,0.43684,0.006435,0.068461,176.15,-0.0079257,0.048692,7.6434,-0.037259,0.042882,119.26,-0.0070727,0.027921,-132.59,-0.010345,0.036973,-44.352,-0.0032331,0.056387,-130.08,-0.015008,0.072643,-97.426
61,1009.5,4.3438,0.03145,0.01448,7,24,7.4382,0.19515,0.37631,3.0964,0.11888,2.1986,104.21,6,trajectory,0.041077,1,0.14012,3.0986,1,running,0.023546,0.036086,0.43683,0.006435,0.068461,176.15,-0.0079257,0.048692,7.6434,-0.037259,0.042882,119.26,-0.0070727,0.027921,-132.59,-0.010345,0.036973,-44.352,-0.0032331,0.056387,-130.08,-0.015008,0.072643,-97.426
62,1009.6,4.4398,0.032855,0.0148,7,24,7.4382,0.19515,0.37631,3.0004,0.1179,2.2503,104.21,6,trajectory,0.041077,1,0.13711,3.0027,1,running,0.023546,0.036086,0.43684,0.006435,0.068461,176.15,-0.0079257,0.048692,7.6434,-0.037259,0.042882,119.26,-0.0070727,0.027921,-132.59,-0.010345,0.036973,-44.352,-0.0032331,0.056387,-130.08,-0.015008,0.072643,-97.426
63,1009.8,4.5358,0.034292,0.01512,7,24,7.4382,0.19515,0.37631,2.9044,0.11696,2.3059,104.21,6,trajectory,0.041077,1,0.13288,2.9068,1,running,0.023546,0.036086,0.43683,0.006435,0.068461,176.15,-0.0079257,0.048692,7.6434,-0.037259,0.042882,119.26,-0.0070727,0.027921,-132.59,-0.010345,0.036973,-44.352,-0.0032331,0.056387,-130.08,-0.015008,0.072643,-97.426
64,1009.9,4.6318,0.035758,0.01544,7,24,7.4382,0.19515,0.37631,2.8085,0.11604,2.366,104.21,6,trajectory,0.041077,1,0.13224,2.8109,1,running,0.023546,0.036086,0.43683,0.006435,0.068461,176.15,-0.0079257,0.048692,7.6434,-0.037259,0.042882,119.26,-0.0070727,0.027921,-132.59,-0.010345,0.036973,-44.352,-0.0032331,0.056387,-130.08,-0.015008,0.072643,-97.426
65,1010.1,4.7158,0.037067,0.01572,7,24,7.4382,0.19515,0.37631,2.7245,0.11527,2.4226,104.21,6,trajectory,0.041077,1,0.134,2.7269,1,running,0.023546,0.036086,0.43683,0.006435,0.068461,176.15,-0.0079257,0.048692,7.6434,-0.037259,0.042882,119.26,-0.0070727,0.027921,-132.59,-0.010345,0.036973,-44.352,-0.0032331,0.056387,-130.08,-0.015008,0.072643,-97.426
66,1010.2,4.8118,0.038591,0.01604,7,24,7.4382,0.19515,0.37631,2.6285,0.11441,2.4923,104.21,6,trajectory,0.041077,1,0.13439,2.631,1,running,0.023546,0.036086,0.43684,0.006435,0.068461,176.15,-0.0079257,0.048692,7.6434,-0.037259,0.042882,119.26,-0.0070727,0.027921,-132.59,-0.010345,0.036973,-44.352,-0.0032331,0.056387,-130.08,-0.015008,0.072643,-97.426
67,1010.4,4.9078,0.040147,0.01636,7,24,7.4382,0.19515,0.37631,2.5326,0.11358,2.568,104.21,6,trajectory,0.041077,1,0.13503,2.5351,1,running,0.023546,0.036086,0.43684,0.006435,0.068461,176.15,-0.0079257,0.048692,7.6434,-0.037259,0.042882,119.26,-0.0070727,0.027921,-132.59,-0.010345,0.036973,-44.352,-0.0032331,0.056387,-130.08,-0.015008,0.072643,-97.426
68,1010.5,4.9918,0.041532,0.01664,7,24,7.4382,0.19515,0.37631,2.4486,0.11289,2.6396,104.21,6,trajectory,0.041077,1,0.1365,2.4512,1,running,0.023546,0.036086,0.43683,0.006435,0.068461,176.15,-0.0079257,0.048692,7.6434,-0.037259,0.042882,119.26,-0.0070727,0.027921,-132.59,-0.010345,0.036973,-44.352,-0.0032331,0.056387,-130.08,-0.015008,0.072643,-97.426
69,1010.7,5.0878,0.043145,0.01696,8,24,8.1293,0.88577,1.2068,3.0554,0.79092,14.513,104.21,6,trajectory,0.041077,1,0.14447,2.3553,1,running,0.023546,0.036086,0.43683,0.006435,0.068461,176.15,-0.0079257,0.048692,7.6434,-0.037259,0.042882,119.26,-0.0070727,0.027921,-132.59,-0.010345,0.036973,-44.352,-0.0032331,0.056387,-130.08,-0.015008,0.072643,-97.426
70,1010.8,5.1837,0.044789,0.01728,8,24,8.1293,0.88577,1.2068,2.9597,0.78995,14.944,104.21,6,trajectory,0.041077,1,0.14504,3.0633,1,running,0.023546,0.036086,0.43684,0.006435,0.068461,176.15,-0.0079257,0.048692,7.6434,-0.037259,0.042882,119.26,-0.0070727,0.027921,-132.59,-0.010345,0.036973,-44.352,-0.0032331,0.056387,-130.08,-0.015008,0.072643,-97.426
71,1011,5.2917,0.046674,0.01764,8,24,8.1293,0.88577,1.2068,2.8519,0.78891,15.463,104.21,6,trajectory,0.041077,1,0.13524,2.959,1,running,0.023546,0.036086,0.43683,0.006435,0.068461,176.15,-0.0079257,0.048692,7.6434,-0.037259,0.042882,119.26,-0.0070727,0.027921,-132.59,-0.010345,0.036973,-44.352,-0.0032331,0.056387,-130.08,-0.015008,0.072643,-97.426
72,1011.2,5.3877,0.048383,0.01796,8,24,8.1293,0.88577,1.2068,2.7562,0.78801,15.956,104.21,6,trajectory,0.041077,1,0.1359,2.8666,1,running,0.023546,0.036086,0.43683,0.006435,0.068461,176.15,-0.0079257,0.048692,7.6434,-0.037259,0.042882,119.26,-0.0070727,0.027921,-132.59,-0.010345,0.036973,-44.352,-0.0032331,0.056387,-130.08,-0.015008,0.072643,-97.426
73,1011.3,5.4837,0.050122,0.01828,8,24,8.1293,0.88577,1.2068,2.6604,0.78714,16.482,104.21,6,trajectory,0.041077,1,0.13673,2.7744,1,running,0.023546,0.036086,0.43683,0.006435,0.068461,176.15,-0.0079257,0.048692,7.6434,-0.037259,0.042882,119.26,-0.0070727,0.027921,-132.59,-0.010345,0.036973,-44.352,-0.0032331,0.056387,-130.08,-0.015008,0.072643,-97.426
74,1011.5,5.5797,0.051893,0.0186,8,24,8.1293,0.88577,1.2068,2.5647,0.78631,17.045,104.21,6,trajectory,0.041077,1,0.14288,2.6825,1,running,0.023546,0.036086,0.43684,0.006435,0.068461,176.15,-0.0079257,0.048692,7.6434,-0.037259,0.042882,119.26,-0.0070727,0.027921,-132.59,-0.010345,0.036973,-44.352,-0.0032331,0.056387,-130.08,-0.015008,0.072643,-97.426
75,1011.7,5.6757,0.053693,0.01892,8,24,8.1293,0.88577,1.2068,2.4689,0.7855,17.649,104.21,6,trajectory,0.041077,1,0.13381,2.5909,1,running,0.023546,0.036086,0.43684,0.006435,0.068461,176.15,-0.0079257,0.048692,7.6434,-0.037259,0.042882,119.26,-0.0070727,0.027921,-132.59,-0.010345,0.036973,-44.352,-0.0032331,0.056387,-130.08,-0.015008,0.072643,-97.426
76,1011.8,5.7596,0.055294,0.0192,8,24,8.1293,0.88577,1.2068,2.3852,0.78482,18.213,104.21,6,trajectory,0.041077,1,0.13704,2.511,1,running,0.023546,0.036086,0.43684,0.006435,0.068461,176.15,-0.0079257,0.048692,7.6434,-0.037259,0.042882,119.26,-0.0070727,0.027921,-132.59,-0.010345,0.036973,-44.352,-0.0032331,0.056387,-130.08,-0.015008,0.072643,-97.426
77,1012,5.8556,0.057153,0.01952,8,24,8.1293,0.88577,1.2068,2.2894,0.78408,18.905,104.21,6,trajectory,0.041077,1,0.13393,2.42,1,running,0.023546,0.036086,0.43683,0.006435,0.068461,176.15,-0.0079257,0.048692,7.6434,-0.037259,0.042882,119.26,-0.0070727,0.027921,-132.59,-0.010345,0.036973,-44.352,-0.0032331,0.056387,-130.08,-0.015008,0.072643,-97.426
78,1012.1,5.9516,0.059042,0.01984,9,24,8.2082,1.9457,1.6302,2.2936,1.8415,38.761,104.21,6,trajectory,0.041077,1,0.13407,2.3293,1,running,0.023546,0.036086,0.43683,0.006435,0.068461,176.15,-0.0079257,0.048692,7.6434,-0.037259,0.042882,119.26,-0.0070727,0.027921,-132.59,-0.010345,0.036973,-44.352,-0.0032331,0.056387,-130.08,-0.015008,0.072643,-97.426
79,1012.3,6.0356,0.06072,0.02012,9,24,8.2082,1.9457,1.6302,2.2101,1.8409,39.793,104.21,6,trajectory,0.041077,1,0.14357,2.8764,1,running,0.023546,0.036086,0.43684,0.006435,0.068461,176.15,-0.0079257,0.048692,7.6434,-0.037259,0.042882,119.26,-0.0070727,0.027921,-132.59,-0.010345,0.036973,-44.352,-0.0032331,0.056387,-130.08,-0.015008,0.072643,-97.426
80,1012.4,6.1436,0.062912,0.02048,9,24,8.2082,1.9457,1.6302,2.1028,1.8401,41.189,104.21,6,trajectory,0.041077,1,0.14168,2.7942,1,running,0.023546,0.036086,0.43683,0.006435,0.068461,176.15,-0.0079257,0.048692,7.6434,-0.037259,0.042882,119.26,-0.0070727,0.027921,-132.59,-0.010345,0.036973,-44.352,-0.0032331,0.056387,-130.08,-0.015008,0.072643,-97.426
81,1012.6,6.2396,0.064894,0.0208,9,24,8.2082,1.9457,1.6302,2.0073,1.8395,42.501,104.21,6,trajectory,0.041077,1,0.14424,2.7227,1,running,0.023546,0.036086,0.43684,0.006435,0.068461,176.15,-0.0079257,0.048692,7.6434,-0.037259,0.042882,119.26,-0.0070727,0.027921,-132.59,-0.010345,0.036973,-44.352,-0.0032331,0.056387,-130.08,-0.015008,0.072643,-97.426
82,1012.8,6.3355,0.066906,0.02112,9,24,8.2082,1.9457,1.6302,1.9119,1.8388,43.883,104.21,6,trajectory,0.041077,1,0.13542,2.6527,1,running,0.023546,0.036086,0.43683,0.006435,0.068461,176.15,-0.0079257,0.048692,7.6434,-0.037259,0.042882,119.26,-0.0070727,0.027921,-132.59,-0.010345,0.036973,-44.352,-0.0032331,0.056387,-130.08,-0.015008,0.072643,-97.426
83,1012.9,6.4315,0.068948,0.02144,9,24,8.2082,1.9457,1.6302,1.8165,1.8382,45.34,104.21,6,trajectory,0.041077,1,0.14251,2.5844,1,running,0.023546,0.036086,0.43683,0.006435,0.068461,176.15,-0.0079257,0.048692,7.6434,-0.037259,0.042882,119.26,-0.0070727,0.027921,-132.59,-0.010345,0.036973,-44.352,-0.0032331,0.056387,-130.08,-0.015008,0.072643,-97.426
84,1013.1,6.5275,0.071022,0.021858,9,24,8.2082,1.9457,1.6302,1.7213,1.8375,46.87,104.21,6,trajectory,0.041077,1,0.14327,2.5178,1,running,0.023546,0.036086,0.43683,0.006435,0.068461,176.15,-0.0079257,0.048692,7.6434,-0.037259,0.042882,119.26,-0.0070727,0.027921,-132.59,-0.010345,0.036973,-44.352,-0.0032331,0.056387,-130.08,-0.015008,0.072643,-97.426
85,1013.2,6.6229,0.073181,0.024202,9,24,8.2082,1.9457,1.6302,1.6302,1.8336,48.362,104.21,6,trajectory,0.041077,1,0.14094,2.4535,1,running,0.023546,0.036086,0.43683,0.006435,0.068461,176.15,-0.0079257,0.048692,7.6434,-0.037259,0.042882,119.26,-0.0070727,0.027921,-132.59,-0.010345,0.036973,-44.352,-0.0032331,0.056387,-130.08,-0.015008,0.072643,-97.426
86,1013.4,6.717,0.075759,0.031442,10,24,8.1534,3.0173,1.6101,1.5281,2.8949,62.172,104.21,6,trajectory,0.041077,1,0.1404,2.3917,1,running,0.023546,0.036086,0.43683,0.006435,0.068461,176.15,-0.0079257,0.048692,7.6434,-0.037259,0.042882,119.26,-0.0070727,0.027921,-132.59,-0.010345,0.036973,-44.352,-0.0032331,0.056387,-130.08,-0.015008,0.072643,-97.426
87,1013.6,6.8088,0.079294,0.046834,10,24,8.1534,3.0173,1.6101,1.4807,2.8718,62.725,104.21,6,trajectory,0.041077,1,0.14312,3.2311,1,running,0.023546,0.036086,0.43683,0.006435,0.068461,176.15,-0.0079257,0.048692,7.6434,-0.037259,0.042882,119.26,-0.0070727,0.027921,-132.59,-0.010345,0.036973,-44.352,-0.0032331,0.056387,-130.08,-0.015008,0.072643,-97.426
88,1013.7,6.9094,0.085259,0.073103,10,24,8.1534,3.0173,1.6101,1.4549,2.8334,62.821,104.21,6,trajectory,0.041077,1,0.14098,3.185,1,running,0.023546,0.036086,0.43684,0.006435,0.068461,176.15,-0.0079257,0.048692,7.6434,-0.037259,0.042882,119.26,-0.0070727,0.027921,-132.59,-0.010345,0.036973,-44.352,-0.0032331,0.056387,-130.08,-0.015008,0.072643,-97.426
89,1013.9,6.9856,0.091826,0.099798,10,24,8.1534,3.0173,1.6101,1.4535,2.7946,62.521,104.21,6,trajectory,0.041077,1,0.13893,3.15,1,running,0.023546,0.036086,0.43683,0.006435,0.068461,176.15,-0.0079257,0.048692,7.6434,-0.037259,0.042882,119.26,-0.0070727,0.027921,-132.59,-0.010345,0.036973,-44.352,-0.0032331,0.056387,-130.08,-0.015008,0.072643,-97.426
90,1014.1,7.0806,0.10327,0.14188,10,24,8.1534,3.0173,1.6101,1.4741,2.7331,61.66,104.21,6,trajectory,0.041077,1,0.13405,3.1053,1,running,0.023546,0.036086,0.43683,0.006435,0.068461,176.15,-0.0079257,0.048692,7.6434,-0.037259,0.042882,119.26,-0.0070727,0.027921,-132.59,-0.010345,0.036973,-44.352,-0.0032331,0.056387,-130.08,-0.015008,0.072643,-97.426
91,1014.2,7.1521,0.11486,0.17994,10,24,8.1534,3.0173,1.6101,1.5045,2.6764,60.658,104.21,6,trajectory,0.041077,1,0.14287,3.0703,1,running,0.023546,0.036086,0.43684,0.006435,0.068461,176.15,-0.0079257,0.048692,7.6434,-0.037259,0.042882,119.26,-0.0070727,0.027921,-132.59,-0.010345,0.036973,-44.352,-0.0032331,0.056387,-130.08,-0.015008,0.072643,-97.426
92,1014.4,7.2315,0.13124,0.22794,10,24,8.1534,3.0173,1.6101,1.5502,2.6031,59.225,104.21,6,trajectory,0.041077,1,0.14124,3.0297,1,running,0.023546,0.036086,0.43684,0.006435,0.068461,176.15,-0.0079257,0.048692,7.6434,-0.037259,0.042882,119.26,-0.0070727,0.027921,-132.59,-0.010345,0.036973,-44.352,-0.0032331,0.056387,-130.08,-0.015008,0.072643,-97.426
93,1014.5,7.3088,0.15124,0.27947,10,24,8.1534,3.0173,1.6101,1.6024,2.5219,57.568,104.21,6,trajectory,0.041077,1,0.14228,2.9879,1,running,0.023546,0.036086,0.43683,0.006435,0.068461,176.15,-0.0079257,0.048692,7.6434,-0.037259,0.042882,119.26,-0.0070727,0.027921,-132.59,-0.010345,0.036973,-44.352,-0.0032331,0.056387,-130.08,-0.015008,0.072643,-97.426
94,1014.7,7.3836,0.17491,0.33394,10,24,8.1534,3.0173,1.6101,1.6589,2.4331,55.713,104.21,6,trajectory,0.041077,1,0.14135,2.9448,1,running,0.023546,0.036086,0.43684,0.006435,0.068461,176.15,-0.0079257,0.048692,7.6434,-0.037259,0.042882,119.26,-0.0070727,0.027921,-132.59,-0.010345,0.036973,-44.352,-0.0032331,0.056387,-130.08,-0.015008,0.072643,-97.426
95,1014.8,7.4559,0.2023,0.39069,10,24,8.1534,3.0173,1.6101,1.717,2.3373,53.699,104.21,6,trajectory,0.041077,1,0.14156,2.9001,1,running,0.023546,0.036086,0.43684,0.006435,0.068461,176.15,-0.0079257,0.048692,7.6434,-0.037259,0.042882,119.26,-0.0070727,0.027921,-132.59,-0.010345,0.036973,-44.352,-0.0032331,0.056387,-130.08,-0.015008,0.072643,-97.426
96,1015,7.5258,0.2335,0.4492,10,24,8.1534,3.0173,1.6101,1.7742,2.2351,51.558,104.21,6,trajectory,0.041077,1,0.14217,2.8537,1,running,0.023546,0.036086,0.43684,0.006435,0.068461,176.15,-0.0079257,0.048692,7.6434,-0.037259,0.042882,119.26,-0.0070727,0.027921,-132.59,-0.010345,0.036973,-44.352,-0.0032331,0.056387,-130.08,-0.015008,0.072643,-97.426
97,1015.2,7.5938,0.26884,0.50921,10,24,8.1534,3.0173,1.6101,1.8284,2.127,49.317,104.21,6,trajectory,0.041077,1,0.14298,2.8048,1,running,0.023546,0.036086,0.43683,0.006435,0.068461,176.15,-0.0079257,0.048692,7.6434,-0.037259,0.042882,119.26,-0.0070727,0.027921,-132.59,-0.010345,0.036973,-44.352,-0.0032331,0.056387,-130.08,-0.015008,0.072643,-97.426
98,1015.3,7.6588,0.30777,0.57022,10,24,8.1534,3.0173,1.6101,1.879,2.0139,46.985,104.21,6,trajectory,0.041077,1,0.13506,2.7543,1,running,0.023546,0.036086,0.43684,0.006435,0.068461,176.15,-0.0079257,0.048692,7.6434,-0.037259,0.042882,119.26,-0.0070727,0.027921,-132.59,-0.010345,0.036973,-44.352,-0.0032331,0.056387,-130.08,-0.015008,0.072643,-97.426
99,1015.5,7.7133,0.34481,0.62425,10,24,8.1534,3.0173,1.6101,1.9191,1.9112,44.882,104.21,6,trajectory,0.041077,1,0.1369,2.7085,1,running,0.023546,0.036086,0.43683,0.006435,0.068461,176.15,-0.0079257,0.048692,7.6434,-0.037259,0.042882,119.26,-0.0070727,0.027921,-132.59,-0.010345,0.036973,-44.352,-0.0032331,0.056387,-130.08,-0.015008,0.072643,-97.426
100,1015.6,7.773,0.39066,0.68668,10,24,8.1534,3.0173,1.6101,1.9594,1.7901,42.415,104.21,6,trajectory,0.041077,1,0.14731,2.6541,1,running,0.023546,0.036086,0.43684,0.006435,0.068461,176.15,-0.0079257,0.048692,7.6434,-0.037259,0.042882,119.26,-0.0070727,0.027921,-132.59,-0.010345,0.036973,-44.352,-0.0032331,0.056387,-130.08,-0.015008,0.072643,-97.426
101,1015.8,7.8295,0.4401,0.74958,10,24,8.1534,3.0173,1.6101,1.993,1.6658,39.89,104.21,6,trajectory,0.041077,1,0.14635,2.5975,1,running,0.023546,0.036086,0.43683,0.006435,0.068461,176.15,-0.0079257,0.048692,7.6434,-0.037259,0.042882,119.26,-0.0070727,0.027921,-132.59,-0.010345,0.036973,-44.352,-0.0032331,0.056387,-130.08,-0.015008,0.072643,-97.426
102,1016,7.8889,0.49944,0.82046,10,24,8.1534,3.0173,1.6101,2.0221,1.5235,36.995,104.21,6,trajectory,0.041077,1,0.13614,2.5317,1,running,0.023546,0.036086,0.43684,0.006435,0.068461,176.15,-0.0079257,0.048692,7.6434,-0.037259,0.042882,119.26,-0.0070727,0.027921,-132.59,-0.010345,0.036973,-44.352,-0.0032331,0.056387,-130.08,-0.015008,0.072643,-97.426
103,1016.1,7.938,0.55556,0.88363,10,24,8.1534,3.0173,1.6101,2.0397,1.3951,34.372,104.21,6,trajectory,0.041077,1,0.14094,2.4712,1,running,0.023546,0.036086,0.43684,0.006435,0.068461,176.15,-0.0079257,0.048692,7.6434,-0.037259,0.042882,119.26,-0.0070727,0.027921,-132.59,-0.010345,0.036973,-44.352,-0.0032331,0.056387,-130.08,-0.015008,0.072643,-97.426
104,1016.3,7.9837,0.6149,0.94704,11,24,8.0973,4.0656,1.7128,2.8673,1.9232,33.852,104.21,6,trajectory,0.041077,1,0.13738,2.4084,1,running,0.023546,0.036086,0.43683,0.006435,0.068461,176.15,-0.0079257,0.048692,7.6434,-0.037259,0.042882,119.26,-0.0070727,0.027921,-132.59,-0.010345,0.036973,-44.352,-0.0032331,0.056387,-130.08,-0.015008,0.072643,-97.426
105,1016.4,8.0253,0.67681,1.0103,11,24,8.0973,4.0656,1.7128,2.9085,1.7406,30.898,104.21,6,trajectory,0.041077,1,0.13451,3.3895,1,running,0.023546,0.036086,0.43684,0.006435,0.068461,176.15,-0.0079257,0.048692,7.6434,-0.037259,0.042882,119.26,-0.0070727,0.027921,-132.59,-0.010345,0.036973,-44.352,-0.0032331,0.056387,-130.08,-0.015008,0.072643,-97.426
106,1016.6,8.063,0.74133,1.0735,11,24,8.0973,4.0656,1.7128,2.9379,1.5557,27.903,104.21,6,trajectory,0.041077,1,0.13789,3.3244,1,running,0.023546,0.036086,0.43683,0.006435,0.068461,176.15,-0.0079257,0.048692,7.6434,-0.037259,0.042882,119.26,-0.0070727,0.027921,-132.59,-0.010345,0.036973,-44.352,-0.0032331,0.056387,-130.08,-0.015008,0.072643,-97.426
107,1016.8,8.0966,0.80817,1.1366,11,24,8.0973,4.0656,1.7128,2.9554,1.3697,24.865,104.21,6,trajectory,0.041077,1,0.13439,3.2574,1,running,0.023546,0.036086,0.43684,0.006435,0.068461,176.15,-0.0079257,0.048692,7.6434,-0.037259,0.042882,119.26,-0.0070727,0.027921,-132.59,-0.010345,0.036973,-44.352,-0.0032331,0.056387,-130.08,-0.015008,0.072643,-97.426
108,1016.9,8.1225,0.86838,1.1915,11,24,8.0973,4.0656,1.7128,2.9606,1.2072,22.184,104.21,6,trajectory,0.041077,1,0.13382,3.1973,1,running,0.023546,0.036086,0.43683,0.006435,0.068461,176.15,-0.0079257,0.048692,7.6434,-0.037259,0.042882,119.26,-0.0070727,0.027921,-132.59,-0.010345,0.036973,-44.352,-0.0032331,0.056387,-130.08,-0.015008,0.072643,-97.426
109,1017.1,8.1483,0.93934,1.253,11,24,8.0973,4.0656,1.7128,2.9538,1.0252,19.141,104.21,6,trajectory,0.041077,1,0.13416,3.1266,1,running,0.023546,0.036086,0.43683,0.006435,0.068461,176.15,-0.0079257,0.048692,7.6434,-0.037259,0.042882,119.26,-0.0070727,0.027921,-132.59,-0.010345,0.036973,-44.352,-0.0032331,0.056387,-130.08,-0.015008,0.072643,-97.426
110,1017.2,8.1676,1.0035,1.3049,11,24,8.0973,4.0656,1.7128,2.936,0.87232,16.547,104.21,6,trajectory,0.041077,1,0.13679,3.0629,1,running,0.023546,0.036086,0.43683,0.006435,0.068461,176.15,-0.0079257,0.048692,7.6434,-0.037259,0.042882,119.26,-0.0070727,0.027921,-132.59,-0.010345,0.036973,-44.352,-0.0032331,0.056387,-130.08,-0.015008,0.072643,-97.426
111,1017.4,8.1859,1.0792,1.3609,11,24,8.0973,4.0656,1.7128,2.9023,0.70896,13.727,104.21,6,trajectory,0.041077,1,0.1359,2.9876,1,running,0.023546,0.036086,0.43683,0.006435,0.068461,176.15,-0.0079257,0.048692,7.6434,-0.037259,0.042882,119.26,-0.0070727,0.027921,-132.59,-0.010345,0.036973,-44.352,-0.0032331,0.056387,-130.08,-0.015008,0.072643,-97.426
112,1017.5,8.2004,1.1576,1.4128,11,24,8.0973,4.0656,1.7128,2.8555,0.55949,11.086,104.21,6,trajectory,0.041077,1,0.13492,2.9098,1,running,0.023546,0.036086,0.43684,0.006435,0.068461,176.15,-0.0079257,0.048692,7.6434,-0.037259,0.042882,119.26,-0.0070727,0.027921,-132.59,-0.010345,0.036973,-44.352,-0.0032331,0.056387,-130.08,-0.015008,0.072643,-97.426
113,1017.7,8.2102,1.2283,1.4544,11,24,8.0973,4.0656,1.7128,2.805,0.44172,8.9494,104.21,6,trajectory,0.041077,1,0.1345,2.8395,1,running,0.023546,0.036086,0.43683,0.006435,0.068461,176.15,-0.0079257,0.048692,7.6434,-0.037259,0.042882,119.26,-0.0070727,0.027921,-132.59,-0.010345,0.036973,-44.352,-0.0032331,0.056387,-130.08,-0.015008,0.072643,-97.426
114,1017.8,8.2181,1.3113,1.4965,11,24,8.0973,4.0656,1.7128,2.7377,0.32478,6.7656,104.21,6,trajectory,0.041077,1,0.13678,2.7569,1,running,0.023546,0.036086,0.43683,0.006435,0.068461,176.15,-0.0079257,0.048692,7.6434,-0.037259,0.042882,119.26,-0.0070727,0.027921,-132.59,-0.010345,0.036973,-44.352,-0.0032331,0.056387,-130.08,-0.015008,0.072643,-97.426
115,1018,8.2228,1.3967,1.5325,11,24,8.0973,4.0656,1.7128,2.6621,0.2277,4.889,104.21,6,trajectory,0.041077,1,0.14678,2.6718,1,running,0.023546,0.036086,0.43684,0.006435,0.068461,176.15,-0.0079257,0.048692,7.6434,-0.037259,0.042882,119.26,-0.0070727,0.027921,-132.59,-0.010345,0.036973,-44.352,-0.0032331,0.056387,-130.08,-0.015008,0.072643,-97.426
116,1018.1,8.2248,1.4842,1.5622,11,24,8.0973,4.0656,1.7128,2.5801,0.14971,3.3209,104.21,6,trajectory,0.041077,1,0.13586,2.5845,1,running,0.023546,0.036086,0.43683,0.006435,0.068461,176.15,-0.0079257,0.048692,7.6434,-0.037259,0.042882,119.26,-0.0070727,0.027921,-132.59,-0.010345,0.036973,-44.352,-0.0032331,0.056387,-130.08,-0.015008,0.072643,-97.426
117,1018.3,8.2245,1.5736,1.5862,11,24,8.0973,4.0656,1.7128,2.4936,0.088701,2.0372,104.21,6,trajectory,0.041077,1,0.13374,2.4952,1,running,0.023546,0.036086,0.43684,0.006435,0.068461,176.15,-0.0079257,0.048692,7.6434,-0.037259,0.042882,119.26,-0.0070727,0.027921,-132.59,-0.010345,0.036973,-44.352,-0.0032331,0.056387,-130.08,-0.015008,0.072643,-97.426
118,1018.5,8.2226,1.6532,1.6023,12,24,7.5982,4.9707,2.5006,3.3355,0.51948,8.8521,104.21,6,trajectory,0.041077,1,0.13323,2.4156,1,running,0.023546,0.036086,0.43684,0.006435,0.068461,176.15,-0.0079257,0.048692,7.6434,-0.037259,0.042882,119.26,-0.0070727,0.027921,-132.59,-0.010345,0.036973,-44.352,-0.0032331,0.056387,-130.08,-0.015008,0.072643,-97.426
119,1018.6,8.219,1.7455,1.6163,12,24,7.5982,4.9707,2.5006,3.2501,0.47344,8.2879,104.21,6,trajectory,0.041077,1,0.13726,3.2844,1,running,0.023546,0.036086,0.43683,0.006435,0.068461,176.15,-0.0079257,0.048692,7.6434,-0.037259,0.042882,119.26,-0.0070727,0.027921,-132.59,-0.010345,0.036973,-44.352,-0.0032331,0.056387,-130.08,-0.015008,0.072643,-97.426
120,1018.8,8.2143,1.8392,1.6249,12,24,7.5982,4.9707,2.5006,3.1603,0.44583,8.0298,104.21,6,trajectory,0.041077,1,0.13287,3.1916,1,running,0.023546,0.036086,0.43684,0.006435,0.068461,176.15,-0.0079257,0.048692,7.6434,-0.037259,0.042882,119.26,-0.0070727,0.027921,-132.59,-0.010345,0.036973,-44.352,-0.0032331,0.056387,-130.08,-0.015008,0.072643,-97.426
121,1018.9,8.2089,1.9338,1.6297,12,24,7.5982,4.9707,2.5006,3.0676,0.43076,7.9933,104.21,6,trajectory,0.041077,1,0.13556,3.0977,1,running,0.023546,0.036086,0.43684,0.006435,0.068461,176.15,-0.0079257,0.048692,7.6434,-0.037259,0.042882,119.26,-0.0070727,0.027921,-132.59,-0.010345,0.036973,-44.352,-0.0032331,0.056387,-130.08,-0.015008,0.072643,-97.426
122,1019.1,8.2039,2.0172,1.6317,12,24,7.5982,4.9707,2.5006,2.9849,0.4247,8.0977,104.21,6,trajectory,0.041077,1,0.13439,3.015,1,running,0.023546,0.036086,0.43683,0.006435,0.068461,176.15,-0.0079257,0.048692,7.6434,-0.037259,0.042882,119.26,-0.0070727,0.027921,-132.59,-0.010345,0.036973,-44.352,-0.0032331,0.056387,-130.08,-0.015008,0.072643,-97.426
123,1019.2,8.198,2.1129,1.6317,12,24,7.5982,4.9707,2.5006,2.8891,0.42492,8.3671,104.21,6,trajectory,0.041077,1,0.13569,2.9201,1,running,0.023546,0.036086,0.43683,0.006435,0.068461,176.15,-0.0079257,0.048692,7.6434,-0.037259,0.042882,119.26,-0.0070727,0.027921,-132.59,-0.010345,0.036973,-44.352,-0.0032331,0.056387,-130.08,-0.015008,0.072643,-97.426
124,1019.4,8.1923,2.2082,1.6301,12,24,7.5982,4.9707,2.5006,2.7929,0.42937,8.7401,104.21,6,trajectory,0.041077,1,0.13537,2.8257,1,running,0.023546,0.036086,0.43683,0.006435,0.068461,176.15,-0.0079257,0.048692,7.6434,-0.037259,0.042882,119.26,-0.0070727,0.027921,-132.59,-0.010345,0.036973,-44.352,-0.0032331,0.056387,-130.08,-0.015008,0.072643,-97.426
125,1019.5,8.1874,2.2914,1.6279,12,24,7.5982,4.9707,2.5006,2.7086,0.43532,9.1305,104.21,6,trajectory,0.041077,1,0.13798,2.7433,1,running,0.023546,0.036086,0.43683,0.006435,0.068461,176.15,-0.0079257,0.048692,7.6434,-0.037259,0.042882,119.26,-0.0070727,0.027921,-132.59,-0.010345,0.036973,-44.352,-0.0032331,0.056387,-130.08,-0.015008,0.072643,-97.426
126,1019.7,8.1822,2.3864,1.625,12,24,7.5982,4.9707,2.5006,2.6122,0.4431,9.6275,104.21,6,trajectory,0.041077,1,0.13413,2.6495,1,running,0.023546,0.036086,0.43684,0.006435,0.068461,176.15,-0.0079257,0.048692,7.6434,-0.037259,0.042882,119.26,-0.0070727,0.027921,-132.59,-0.010345,0.036973,-44.352,-0.0032331,0.056387,-130.08,-0.015008,0.072643,-97.426
127,1019.8,8.1771,2.4814,1.6219,12,24,7.5982,4.9707,2.5006,2.5157,0.45092,10.162,104.21,6,trajectory,0.041077,1,0.13641,2.5558,1,running,0.023546,0.036086,0.43684,0.006435,0.068461,176.15,-0.0079257,0.048692,7.6434,-0.037259,0.042882,119.26,-0.0070727,0.027921,-132.59,-0.010345,0.036973,-44.352,-0.0032331,0.056387,-130.08,-0.015008,0.072643,-97.426
128,1020,8.173,2.5645,1.6194,12,24,7.5982,4.9707,2.5006,2.4313,0.45729,10.652,104.21,6,trajectory,0.041077,1,0.13539,2.4739,1,running,0.023546,0.036086,0.43684,0.006435,0.068461,176.15,-0.0079257,0.048692,7.6434,-0.037259,0.042882,119.26,-0.0070727,0.027921,-132.59,-0.010345,0.036973,-44.352,-0.0032331,0.056387,-130.08,-0.015008,0.072643,-97.426
129,1020.1,8.1685,2.6597,1.6167,13,24,6.6283,5.2194,-3.1143,2.6276,1.4213,28.409,104.21,6,trajectory,0.041077,1,0.13994,2.3804,1,running,0.023546,0.036086,0.43683,0.006435,0.068461,176.15,-0.0079257,0.048692,7.6434,-0.037259,0.042882,119.26,-0.0070727,0.027921,-132.59,-0.010345,0.036973,-44.352,-0.0032331,0.056387,-130.08,-0.015008,0.072643,-97.426
130,1020.3,8.1669,2.6953,1.6157,13,24,6.6283,5.2194,-3.1143,2.5906,1.4237,28.792,104.21,6,trajectory,0.041077,1,0.1361,2.956,1,running,0.023546,0.036086,0.43683,0.006435,0.068461,176.15,-0.0079257,0.048692,7.6434,-0.037259,0.042882,119.26,-0.0070727,0.027921,-132.59,-0.010345,0.036973,-44.352,-0.0032331,0.056387,-130.08,-0.015008,0.072643,-97.426
131,1020.5,8.1669,2.6953,1.6157,13,24,6.6283,5.2194,-3.1143,2.5906,1.4237,28.792,104.21,6,trajectory,0.041077,1,0.13645,2.956,1,running,0.023546,0.036086,0.43683,0.006435,0.068461,176.15,-0.0079257,0.048692,7.6434,-0.037259,0.042882,119.26,-0.0070727,0.027921,-132.59,-0.010345,0.036973,-44.352,-0.0032331,0.056387,-130.08,-0.015008,0.072643,-97.426
132,1020.6,8.1669,2.6953,1.6157,13,24,6.6283,5.2194,-3.1143,2.5906,1.4237,28.792,104.21,6,trajectory,0.041077,1,0.13649,2.956,1,running,0.023546,0.036086,0.43683,0.006435,0.068461,176.15,-0.0079257,0.048692,7.6434,-0.037259,0.042882,119.26,-0.0070727,0.027921,-132.59,-0.010345,0.036973,-44.352,-0.0032331,0.056387,-130.08,-0.015008,0.072643,-97.426
133,1020.8,8.1669,2.6953,1.6157,13,24,6.6283,5.2194,-3.1143,2.5906,1.4237,28.792,104.21,6,trajectory,0.041077,1,0.1341,2.956,1,running,0.023546,0.036086,0.43683,0.006435,0.068461,176.15,-0.0079257,0.048692,7.6434,-0.037259,0.042882,119.26,-0.0070727,0.027921,-132.59,-0.010345,0.036973,-44.352,-0.0032331,0.056387,-130.08,-0.015008,0.072643,-97.426
134,1020.9,8.1669,2.6953,1.6157,13,24,6.6283,5.2194,-3.1143,2.5906,1.4237,28.792,104.21,6,trajectory,0.041077,1,0.13494,2.956,1,running,0.023546,0.036086,0.43684,0.006435,0.068461,176.15,-0.0079257,0.048692,7.6434,-0.037259,0.042882,119.26,-0.0070727,0.027921,-132.59,-0.010345,0.036973,-44.352,-0.0032331,0.056387,-130.08,-0.015008,0.072643,-97.426
135,1021.1,8.1669,2.6953,1.6157,13,24,6.6283,5.2194,-3.1143,2.5906,1.4237,28.792,104.21,6,trajectory,0.041077,1,0.13463,2.956,1,running,0.023546,0.036086,0.43684,0.006435,0.068461,176.15,-0.0079257,0.048692,7.6434,-0.037259,0.042882,119.26,-0.0070727,0.027921,-132.59,-0.010345,0.036973,-44.352,-0.0032331,0.056387,-130.08,-0.015008,0.072643,-97.426
136,1021.2,8.1669,2.6953,1.6157,13,24,6.6283,5.2194,-3.1143,2.5906,1.4237,28.792,104.21,6,trajectory,0.041077,1,0.13751,2.956,1,running,0.023546,0.036086,0.43683,0.006435,0.068461,176.15,-0.0079257,0.048692,7.6434,-0.037259,0.042882,119.26,-0.0070727,0.027921,-132.59,-0.010345,0.036973,-44.352,-0.0032331,0.056387,-130.08,-0.015008,0.072643,-97.426
137,1021.4,8.1669,2.6953,1.6157,13,24,6.6283,5.2194,-3.1143,2.5906,1.4237,28.792,104.21,6,trajectory,0.041077,1,0.14134,2.956,1,running,0.023546,0.036086,0.43683,0.006435,0.068461,176.15,-0.0079257,0.048692,7.6434,-0.037259,0.042882,119.26,-0.0070727,0.027921,-132.59,-0.010345,0.036973,-44.352,-0.0032331,0.056387,-130.08,-0.015008,0.072643,-97.426
138,1021.6,8.1669,2.6953,1.6157,13,24,6.6283,5.2194,-3.1143,2.5906,1.4237,28.792,104.21,6,trajectory,0.041077,1,0.13837,2.956,1,running,0.023546,0.036086,0.43684,0.006435,0.068461,176.15,-0.0079257,0.048692,7.6434,-0.037259,0.042882,119.26,-0.0070727,0.027921,-132.59,-0.010345,0.036973,-44.352,-0.0032331,0.056387,-130.08,-0.015008,0.072643,-97.426
139,1021.7,8.1669,2.6953,1.6157,13,24,6.6283,5.2194,-3.1143,2.5906,1.4237,28.792,104.21,6,trajectory,0.041077,1,0.13558,2.956,1,running,0.023546,0.036086,0.43684,0.006435,0.068461,176.15,-0.0079257,0.048692,7.6434,-0.037259,0.042882,119.26,-0.0070727,0.027921,-132.59,-0.010345,0.036973,-44.352,-0.0032331,0.056387,-130.08,-0.015008,0.072643,-97.426
140,1021.9,8.1669,2.6953,1.6157,13,24,6.6283,5.2194,-3.1143,2.5906,1.4237,28.792,104.21,6,trajectory,0.041077,1,0.1359,2.956,1,running,0.023546,0.036086,0.43683,0.006435,0.068461,176.15,-0.0079257,0.048692,7.6434,-0.037259,0.042882,119.26,-0.0070727,0.027921,-132.59,-0.010345,0.036973,-44.352,-0.0032331,0.056387,-130.08,-0.015008,0.072643,-97.426
141,1022,8.1669,2.6953,1.6157,13,24,6.6283,5.2194,-3.1143,2.5906,1.4237,28.792,104.21,6,trajectory,0.041077,1,0.13606,2.956,1,running,0.023546,0.036086,0.43683,0.006435,0.068461,176.15,-0.0079257,0.048692,7.6434,-0.037259,0.042882,119.26,-0.0070727,0.027921,-132.59,-0.010345,0.036973,-44.352,-0.0032331,0.056387,-130.08,-0.015008,0.072643,-97.426
142,1022.2,8.1669,2.6953,1.6157,13,24,6.6283,5.2194,-3.1143,2.5906,1.4237,28.792,104.21,6,trajectory,0.041077,1,0.1396,2.956,1,running,0.023546,0.036086,0.43683,0.006435,0.068461,176.15,-0.0079257,0.048692,7.6434,-0.037259,0.042882,119.26,-0.0070727,0.027921,-132.59,-0.010345,0.036973,-44.352,-0.0032331,0.056387,-130.08,-0.015008,0.072643,-97.426
143,1022.3,8.1669,2.6953,1.6157,13,24,6.6283,5.2194,-3.1143,2.5906,1.4237,28.792,104.21,6,trajectory,0.041077,1,0.13313,2.956,1,running,0.023546,0.036086,0.43683,0.006435,0.068461,176.15,-0.0079257,0.048692,7.6434,-0.037259,0.042882,119.26,-0.0070727,0.027921,-132.59,-0.010345,0.036973,-44.352,-0.0032331,0.056387,-130.08,-0.015008,0.072643,-97.426
144,1022.5,8.1669,2.6953,1.6157,13,24,6.6283,5.2194,-3.1143,2.5906,1.4237,28.792,104.21,6,trajectory,0.041077,1,0.13456,2.956,1,running,0.023546,0.036086,0.43683,0.006435,0.068461,176.15,-0.0079257,0.048692,7.6434,-0.037259,0.042882,119.26,-0.0070727,0.027921,-132.59,-0.010345,0.036973,-44.352,-0.0032331,0.056387,-130.08,-0.015008,0.072643,-97.426
145,1022.6,8.1669,2.6953,1.6157,13,24,6.6283,5.2194,-3.1143,2.5906,1.4237,28.792,104.21,6,trajectory,0.041077,1,0.13305,2.956,1,running,0.023546,0.036086,0.43683,0.006435,0.068461,176.15,-0.0079257,0.048692,7.6434,-0.037259,0.042882,119.26,-0.0070727,0.027921,-132.59,-0.010345,0.036973,-44.352,-0.0032331,0.056387,-130.08,-0.015008,0.072643,-97.426
146,1022.8,8.1669,2.6953,1.6157,13,24,6.6283,5.2194,-3.1143,2.5906,1.4237,28.792,104.21,6,trajectory,0.041077,1,0.13428,2.956,1,running,0.023546,0.036086,0.43683,0.006435,0.068461,176.15,-0.0079257,0.048692,7.6434,-0.037259,0.042882,119.26,-0.0070727,0.027921,-132.59,-0.010345,0.036973,-44.352,-0.0032331,0.056387,-130.08,-0.015008,0.072643,-97.426
147,1022.9,8.1669,2.6953,1.6157,13,24,6.6283,5.2194,-3.1143,2.5906,1.4237,28.792,104.21,6,trajectory,0.041077,1,0.13196,2.956,1,running,0.023546,0.036086,0.43683,0.006435,0.068461,176.15,-0.0079257,0.048692,7.6434,-0.037259,0.042882,119.26,-0.0070727,0.027921,-132.59,-0.010345,0.036973,-44.352,-0.0032331,0.056387,-130.08,-0.015008,0.072643,-97.426
148,1023.1,8.1669,2.6953,1.6157,13,24,6.6283,5.2194,-3.1143,2.5906,1.4237,28.792,104.21,6,trajectory,0.041077,1,0.13343,2.956,1,running,0.023546,0.036086,0.43683,0.006435,0.068461,176.15,-0.0079257,0.048692,7.6434,-0.037259,0.042882,119.26,-0.0070727,0.027921,-132.59,-0.010345,0.036973,-44.352,-0.0032331,0.056387,-130.08,-0.015008,0.072643,-97.426
149,1023.3,8.1669,2.6953,1.6157,13,24,6.6283,5.2194,-3.1143,2.5906,1.4237,28.792,104.21,6,trajectory,0.041077,1,0.13674,2.956,1,running,0.023546,0.036086,0.43683,0.006435,0.068461,176.15,-0.0079257,0.048692,7.6434,-0.037259,0.042882,119.26,-0.0070727,0.027921,-132.59,-0.010345,0.036973,-44.352,-0.0032331,0.056387,-130.08,-0.015008,0.072643,-97.426
150,1023.4,8.1669,2.6953,1.6157,13,24,6.6283,5.2194,-3.1143,2.5906,1.4237,28.792,104.21,6,trajectory,0.041077,1,0.13187,2.956,1,running,0.023546,0.036086,0.43683,0.006435,0.068461,176.15,-0.0079257,0.048692,7.6434,-0.037259,0.042882,119.26,-0.0070727,0.027921,-132.59,-0.010345,0.036973,-44.352,-0.0032331,0.056387,-130.08,-0.015008,0.072643,-97.426
151,1023.6,8.1669,2.6953,1.6157,13,24,6.6283,5.2194,-3.1143,2.5906,1.4237,28.792,104.21,6,trajectory,0.041077,1,0.13279,2.956,1,running,0.023546,0.036086,0.43683,0.006435,0.068461,176.15,-0.0079257,0.048692,7.6434,-0.037259,0.042882,119.26,-0.0070727,0.027921,-132.59,-0.010345,0.036973,-44.352,-0.0032331,0.056387,-130.08,-0.015008,0.072643,-97.426
152,1023.7,8.1669,2.6953,1.6157,13,24,6.6283,5.2194,-3.1143,2.5906,1.4237,28.792,104.21,6,trajectory,0.041077,1,0.1333,2.956,1,running,0.023546,0.036086,0.43683,0.006435,0.068461,176.15,-0.0079257,0.048692,7.6434,-0.037259,0.042882,119.26,-0.0070727,0.027921,-132.59,-0.010345,0.036973,-44.352,-0.0032331,0.056387,-130.08,-0.015008,0.072643,-97.426
153,1023.9,8.1669,2.6953,1.6157,13,24,6.6283,5.2194,-3.1143,2.5906,1.4237,28.792,104.21,6,trajectory,0.041077,1,0.1339,2.956,1,running,0.023546,0.036086,0.43683,0.006435,0.068461,176.15,-0.0079257,0.048692,7.6434,-0.037259,0.042882,119.26,-0.0070727,0.027921,-132.59,-0.010345,0.036973,-44.352,-0.0032331,0.056387,-130.08,-0.015008,0.072643,-97.426
154,1024,8.1669,2.6953,1.6157,13,24,6.6283,5.2194,-3.1143,2.5906,1.4237,28.792,104.21,6,trajectory,0.041077,1,0.13552,2.956,1,running,0.023546,0.036086,0.43683,0.006435,0.068461,176.15,-0.0079257,0.048692,7.6434,-0.037259,0.042882,119.26,-0.0070727,0.027921,-132.59,-0.010345,0.036973,-44.352,-0.0032331,0.056387,-130.08,-0.015008,0.072643,-97.426
155,1024.2,8.1669,2.6953,1.6157,13,24,6.6283,5.2194,-3.1143,2.5906,1.4237,28.792,104.21,6,trajectory,0.041077,1,0.13554,2.956,1,running,0.023546,0.036086,0.43683,0.006435,0.068461,176.15,-0.0079257,0.048692,7.6434,-0.037259,0.042882,119.26,-0.0070727,0.027921,-132.59,-0.010345,0.036973,-44.352,-0.0032331,0.056387,-130.08,-0.015008,0.072643,-97.426
156,1024.3,8.1669,2.6953,1.6157,13,24,6.6283,5.2194,-3.1143,2.5906,1.4237,28.792,104.21,6,trajectory,0.041077,1,0.13412,2.956,1,running,0.023546,0.036086,0.43683,0.006435,0.068461,176.15,-0.0079257,0.048692,7.6434,-0.037259,0.042882,119.26,-0.0070727,0.027921,-132.59,-0.010345,0.036973,-44.352,-0.0032331,0.056387,-130.08,-0.015008,0.072643,-97.426
157,1024.5,8.1669,2.6953,1.6157,13,24,6.6283,5.2194,-3.1143,2.5906,1.4237,28.792,104.21,6,trajectory,0.041077,1,0.13715,2.956,1,running,0.023546,0.036086,0.43683,0.006435,0.068461,176.15,-0.0079257,0.048692,7.6434,-0.037259,0.042882,119.26,-0.0070727,0.027921,-132.59,-0.010345,0.036973,-44.352,-0.0032331,0.056387,-130.08,-0.015008,0.072643,-97.426
158,1024.6,8.1669,2.6953,1.6157,13,24,6.6283,5.2194,-3.1143,2.5906,1.4237,28.792,104.21,6,trajectory,0.041077,1,0.13445,2.956,1,running,0.023546,0.036086,0.43683,0.006435,0.068461,176.15,-0.0079257,0.048692,7.6434,-0.037259,0.042882,119.26,-0.0070727,0.027921,-132.59,-0.010345,0.036973,-44.352,-0.0032331,0.056387,-130.08,-0.015008,0.072643,-97.426
159,1024.8,8.1669,2.6953,1.6157,13,24,6.6283,5.2194,-3.1143,2.5906,1.4237,28.792,104.21,6,trajectory,0.041077,1,0.13332,2.956,1,running,0.023546,0.036086,0.43683,0.006435,0.068461,176.15,-0.0079257,0.048692,7.6434,-0.037259,0.042882,119.26,-0.0070727,0.027921,-132.59,-0.010345,0.036973,-44.352,-0.0032331,0.056387,-130.08,-0.015008,0.072643,-97.426
160,1024.9,8.1669,2.6953,1.6157,13,24,6.6283,5.2194,-3.1143,2.5906,1.4237,28.792,104.21,6,trajectory,0.041077,1,0.13374,2.956,1,running,0.023546,0.036086,0.43683,0.006435,0.068461,176.15,-0.0079257,0.048692,7.6434,-0.037259,0.042882,119.26,-0.0070727,0.027921,-132.59,-0.010345,0.036973,-44.352,-0.0032331,0.056387,-130.08,-0.015008,0.072643,-97.426
161,1025.1,8.1669,2.6953,1.6157,13,24,6.6283,5.2194,-3.1143,2.5906,1.4237,28.792,104.21,6,trajectory,0.041077,1,0.13515,2.956,1,running,0.023546,0.036086,0.43683,0.006435,0.068461,176.15,-0.0079257,0.048692,7.6434,-0.037259,0.042882,119.26,-0.0070727,0.027921,-132.59,-0.010345,0.036973,-44.352,-0.0032331,0.056387,-130.08,-0.015008,0.072643,-97.426
162,1025.2,8.1669,2.6953,1.6157,13,24,6.6283,5.2194,-3.1143,2.5906,1.4237,28.792,104.21,6,trajectory,0.041077,1,0.13428,2.956,1,running,0.023546,0.036086,0.43683,0.006435,0.068461,176.15,-0.0079257,0.048692,7.6434,-0.037259,0.042882,119.26,-0.0070727,0.027921,-132.59,-0.010345,0.036973,-44.352,-0.0032331,0.056387,-130.08,-0.015008,0.072643,-97.426
163,1025.4,8.1669,2.6953,1.6157,13,24,6.6283,5.2194,-3.1143,2.5906,1.4237,28.792,104.21,6,trajectory,0.041077,1,0.14236,2.956,1,running,0.023546,0.036086,0.43683,0.006435,0.068461,176.15,-0.0079257,0.048692,7.6434,-0.037259,0.042882,119.26,-0.0070727,0.027921,-132.59,-0.010345,0.036973,-44.352,-0.0032331,0.056387,-130.08,-0.015008,0.072643,-97.426
164,1025.5,8.1669,2.6953,1.6157,13,24,6.6283,5.2194,-3.1143,2.5906,1.4237,28.792,104.21,6,trajectory,0.041077,1,0.13337,2.956,1,running,0.023546,0.036086,0.43683,0.006435,0.068461,176.15,-0.0079257,0.048692,7.6434,-0.037259,0.042882,119.26,-0.0070727,0.027921,-132.59,-0.010345,0.036973,-44.352,-0.0032331,0.056387,-130.08,-0.015008,0.072643,-97.426
165,1025.7,8.1669,2.6953,1.6157,13,24,6.6283,5.2194,-3.1143,2.5906,1.4237,28.792,104.21,6,trajectory,0.041077,1,0.13459,2.956,1,running,0.023546,0.036086,0.43683,0.006435,0.068461,176.15,-0.0079257,0.048692,7.6434,-0.037259,0.042882,119.26,-0.0070727,0.027921,-132.59,-0.010345,0.036973,-44.352,-0.0032331,0.056387,-130.08,-0.015008,0.072643,-97.426
166,1025.8,8.1669,2.6953,1.6157,13,24,6.6283,5.2194,-3.1143,2.5906,1.4237,28.792,104.21,6,trajectory,0.041077,1,0.13664,2.956,1,running,0.023546,0.036086,0.43683,0.006435,0.068461,176.15,-0.0079257,0.048692,7.6434,-0.037259,0.042882,119.26,-0.0070727,0.027921,-132.59,-0.010345,0.036973,-44.352,-0.0032331,0.056387,-130.08,-0.015008,0.072643,-97.426
167,1026,8.1669,2.6953,1.6157,13,24,6.6283,5.2194,-3.1143,2.5906,1.4237,28.792,104.21,6,trajectory,0.041077,1,0.13493,2.956,1,running,0.023546,0.036086,0.43683,0.006435,0.068461,176.15,-0.0079257,0.048692,7.6434,-0.037259,0.042882,119.26,-0.0070727,0.027921,-132.59,-0.010345,0.036973,-44.352,-0.0032331,0.056387,-130.08,-0.015008,0.072643,-97.426
168,1026.2,8.1669,2.6953,1.6157,13,24,6.6283,5.2194,-3.1143,2.5906,1.4237,28.792,104.21,6,trajectory,0.041077,1,0.13831,2.956,1,running,0.023546,0.036086,0.43683,0.006435,0.068461,176.15,-0.0079257,0.048692,7.6434,-0.037259,0.042882,119.26,-0.0070727,0.027921,-132.59,-0.010345,0.036973,-44.352,-0.0032331,0.056387,-130.08,-0.015008,0.072643,-97.426
169,1026.3,8.1642,2.7549,1.6145,13,24,6.6283,5.2194,-3.1143,2.5293,1.4267,29.427,104.21,6,trajectory,0.041077,1,0.13426,2.9039,1,running,0.023546,0.036086,0.43684,0.006435,0.068461,176.15,-0.0079257,0.048692,7.6434,-0.037259,0.042882,119.26,-0.0070727,0.027921,-132.59,-0.010345,0.036973,-44.352,-0.0032331,0.056387,-130.08,-0.015008,0.072643,-97.426
170,1026.5,8.1607,2.8383,1.6129,13,24,6.6283,5.2194,-3.1143,2.4434,1.4309,30.353,104.21,6,trajectory,0.041077,1,0.13427,2.8315,1,running,0.023546,0.036086,0.43683,0.006435,0.068461,176.15,-0.0079257,0.048692,7.6434,-0.037259,0.042882,119.26,-0.0070727,0.027921,-132.59,-0.010345,0.036973,-44.352,-0.0032331,0.056387,-130.08,-0.015008,0.072643,-97.426
171,1026.6,8.1567,2.9337,1.6112,13,24,6.6283,5.2194,-3.1143,2.3455,1.4348,31.455,104.21,6,trajectory,0.041077,1,0.13836,2.7496,1,running,0.023546,0.036086,0.43684,0.006435,0.068461,176.15,-0.0079257,0.048692,7.6434,-0.037259,0.042882,119.26,-0.0070727,0.027921,-132.59,-0.010345,0.036973,-44.352,-0.0032331,0.056387,-130.08,-0.015008,0.072643,-97.426
172,1026.8,8.1529,3.0293,1.61,13,24,6.6283,5.2194,-3.1143,2.2482,1.4377,32.598,104.21,6,trajectory,0.041077,1,0.13515,2.6686,1,running,0.023546,0.036086,0.43683,0.006435,0.068461,176.15,-0.0079257,0.048692,7.6434,-0.037259,0.042882,119.26,-0.0070727,0.027921,-132.59,-0.010345,0.036973,-44.352,-0.0032331,0.056387,-130.08,-0.015008,0.072643,-97.426
173,1026.9,8.1492,3.1249,1.6091,13,24,6.6283,5.2194,-3.1143,2.1512,1.4396,33.791,104.21,6,trajectory,0.041077,1,0.13362,2.5885,1,running,0.023546,0.036086,0.43683,0.006435,0.068461,176.15,-0.0079257,0.048692,7.6434,-0.037259,0.042882,119.26,-0.0070727,0.027921,-132.59,-0.010345,0.036973,-44.352,-0.0032331,0.056387,-130.08,-0.015008,0.072643,-97.426
174,1027.1,8.146,3.2086,1.6086,13,24,6.6283,5.2194,-3.1143,2.0667,1.4406,34.879,104.21,6,trajectory,0.041077,1,0.13606,2.5193,1,running,0.023546,0.036086,0.43684,0.006435,0.068461,176.15,-0.0079257,0.048692,7.6434,-0.037259,0.042882,119.26,-0.0070727,0.027921,-132.59,-0.010345,0.036973,-44.352,-0.0032331,0.056387,-130.08,-0.015008,0.072643,-97.426
175,1027.2,8.1424,3.3044,1.6083,13,24,6.6283,5.2194,-3.1143,1.9705,1.4412,36.182,104.21,6,trajectory,0.041077,1,0.13644,2.4413,1,running,0.023546,0.036086,0.43683,0.006435,0.068461,176.15,-0.0079257,0.048692,7.6434,-0.037259,0.042882,119.26,-0.0070727,0.027921,-132.59,-0.010345,0.036973,-44.352,-0.0032331,0.056387,-130.08,-0.015008,0.072643,-97.426
176,1027.4,8.1388,3.4002,1.6083,14,24,5.6037,5.1498,-3.0764,1.8433,2.4678,53.242,104.21,6,trajectory,0.041077,1,0.13524,2.3646,1,running,0.023546,0.036086,0.43684,0.006435,0.068461,176.15,-0.0079257,0.048692,7.6434,-0.037259,0.042882,119.26,-0.0070727,0.027921,-132.59,-0.010345,0.036973,-44.352,-0.0032331,0.056387,-130.08,-0.015008,0.072643,-97.426
177,1027.5,8.1357,3.4841,1.6084,14,24,5.6037,5.1498,-3.0764,1.7596,2.4676,54.508,104.21,6,trajectory,0.041077,1,0.13442,3.0307,1,running,0.023546,0.036086,0.43684,0.006435,0.068461,176.15,-0.0079257,0.048692,7.6434,-0.037259,0.042882,119.26,-0.0070727,0.027921,-132.59,-0.010345,0.036973,-44.352,-0.0032331,0.056387,-130.08,-0.015008,0.072643,-97.426
178,1027.7,8.1316,3.5918,1.6094,14,24,5.6037,5.1498,-3.0764,1.6544,2.4658,56.141,104.21,6,trajectory,0.041077,1,0.13704,2.9694,1,running,0.023546,0.036086,0.43684,0.006435,0.068461,176.15,-0.0079257,0.048692,7.6434,-0.037259,0.042882,119.26,-0.0070727,0.027921,-132.59,-0.010345,0.036973,-44.352,-0.0032331,0.056387,-130.08,-0.015008,0.072643,-97.426
179,1027.9,8.1278,3.6866,1.6139,14,24,5.6037,5.1498,-3.0764,1.5704,2.4587,57.433,104.21,6,trajectory,0.041077,1,0.13528,2.9175,1,running,0.023546,0.036086,0.43684,0.006435,0.068461,176.15,-0.0079257,0.048692,7.6434,-0.037259,0.042882,119.26,-0.0070727,0.027921,-132.59,-0.010345,0.036973,-44.352,-0.0032331,0.056387,-130.08,-0.015008,0.072643,-97.426
180,1028,8.1239,3.7683,1.6225,14,24,5.6037,5.1498,-3.0764,1.51,2.4454,58.306,104.21,6,trajectory,0.041077,1,0.13612,2.874,1,running,0.023546,0.036086,0.43683,0.006435,0.068461,176.15,-0.0079257,0.048692,7.6434,-0.037259,0.042882,119.26,-0.0070727,0.027921,-132.59,-0.010345,0.036973,-44.352,-0.0032331,0.056387,-130.08,-0.015008,0.072643,-97.426
181,1028.2,8.1184,3.8592,1.6407,14,24,5.6037,5.1498,-3.0764,1.4631,2.4185,58.828,104.21,6,trajectory,0.041077,1,0.1358,2.8266,1,running,0.023546,0.036086,0.43684,0.006435,0.068461,176.15,-0.0079257,0.048692,7.6434,-0.037259,0.042882,119.26,-0.0070727,0.027921,-132.59,-0.010345,0.036973,-44.352,-0.0032331,0.056387,-130.08,-0.015008,0.072643,-97.426
182,1028.3,8.1112,3.9479,1.6659,14,24,5.6037,5.1498,-3.0764,1.4346,2.382,58.941,104.21,6,trajectory,0.041077,1,0.14788,2.7806,1,running,0.023546,0.036086,0.43684,0.006435,0.068461,176.15,-0.0079257,0.048692,7.6434,-0.037259,0.042882,119.26,-0.0070727,0.027921,-132.59,-0.010345,0.036973,-44.352,-0.0032331,0.056387,-130.08,-0.015008,0.072643,-97.426
183,1028.5,8.1016,4.034,1.6986,14,24,5.6037,5.1498,-3.0764,1.4251,2.3353,58.605,104.21,6,trajectory,0.041077,1,0.13623,2.7358,1,running,0.023546,0.036086,0.43684,0.006435,0.068461,176.15,-0.0079257,0.048692,7.6434,-0.037259,0.042882,119.26,-0.0070727,0.027921,-132.59,-0.010345,0.036973,-44.352,-0.0032331,0.056387,-130.08,-0.015008,0.072643,-97.426
184,1028.6,8.0893,4.1173,1.7383,14,24,5.6037,5.1498,-3.0764,1.4325,2.2786,57.844,104.21,6,trajectory,0.041077,1,0.13669,2.6915,1,running,0.023546,0.036086,0.43683,0.006435,0.068461,176.15,-0.0079257,0.048692,7.6434,-0.037259,0.042882,119.26,-0.0070727,0.027921,-132.59,-0.010345,0.036973,-44.352,-0.0032331,0.056387,-130.08,-0.015008,0.072643,-97.426
185,1028.8,8.0759,4.1881,1.7774,14,24,5.6037,5.1498,-3.0764,1.4485,2.2223,56.904,104.21,6,trajectory,0.041077,1,0.13552,2.6527,1,running,0.023546,0.036086,0.43684,0.006435,0.068461,176.15,-0.0079257,0.048692,7.6434,-0.037259,0.042882,119.26,-0.0070727,0.027921,-132.59,-0.010345,0.036973,-44.352,-0.0032331,0.056387,-130.08,-0.015008,0.072643,-97.426
186,1028.9,8.0574,4.2669,1.826,14,24,5.6037,5.1498,-3.0764,1.4737,2.1513,55.587,104.21,6,trajectory,0.041077,1,0.13327,2.6077,1,running,0.023546,0.036086,0.43683,0.006435,0.068461,176.15,-0.0079257,0.048692,7.6434,-0.037259,0.042882,119.26,-0.0070727,0.027921,-132.59,-0.010345,0.036973,-44.352,-0.0032331,0.056387,-130.08,-0.015008,0.072643,-97.426
187,1029.1,8.0383,4.3338,1.8715,14,24,5.6037,5.1498,-3.0764,1.5005,2.0836,54.241,104.21,6,trajectory,0.041077,1,0.13433,2.5677,1,running,0.023546,0.036086,0.43684,0.006435,0.068461,176.15,-0.0079257,0.048692,7.6434,-0.037259,0.042882,119.26,-0.0070727,0.027921,-132.59,-0.010345,0.036973,-44.352,-0.0032331,0.056387,-130.08,-0.015008,0.072643,-97.426
188,1029.3,8.013,4.4082,1.9262,14,24,5.6037,5.1498,-3.0764,1.5336,2.0007,52.528,104.21,6,trajectory,0.041077,1,0.13493,2.5209,1,running,0.023546,0.036086,0.43684,0.006435,0.068461,176.15,-0.0079257,0.048692,7.6434,-0.037259,0.042882,119.26,-0.0070727,0.027921,-132.59,-0.010345,0.036973,-44.352,-0.0032331,0.056387,-130.08,-0.015008,0.072643,-97.426
189,1029.4,7.9841,4.4798,1.9831,14,24,5.6037,5.1498,-3.0764,1.5678,1.9124,50.655,104.21,6,trajectory,0.041077,1,0.13555,2.4729,1,running,0.023546,0.036086,0.43684,0.006435,0.068461,176.15,-0.0079257,0.048692,7.6434,-0.037259,0.042882,119.26,-0.0070727,0.027921,-132.59,-0.010345,0.036973,-44.352,-0.0032331,0.056387,-130.08,-0.015008,0.072643,-97.426
190,1029.6,7.9514,4.5491,2.0419,15,24,4.529,5.0884,-3.0863,2.0338,2.8049,54.054,104.21,6,trajectory,0.041077,1,0.13808,2.4233,1,running,0.023546,0.036086,0.43684,0.006435,0.068461,176.15,-0.0079257,0.048692,7.6434,-0.037259,0.042882,119.26,-0.0070727,0.027921,-132.59,-0.010345,0.036973,-44.352,-0.0032331,0.056387,-130.08,-0.015008,0.072643,-97.426
191,1029.7,7.9193,4.6081,2.0945,15,24,4.529,5.0884,-3.0863,2.1113,2.6958,51.933,104.21,6,trajectory,0.041077,1,0.13458,3.4242,1,running,0.023546,0.036086,0.43684,0.006435,0.068461,176.15,-0.0079257,0.048692,7.6434,-0.037259,0.042882,119.26,-0.0070727,0.027921,-132.59,-0.010345,0.036973,-44.352,-0.0032331,0.056387,-130.08,-0.015008,0.072643,-97.426
192,1029.9,7.8742,4.6804,2.1632,15,24,4.529,5.0884,-3.0863,2.2063,2.5474,49.104,104.21,6,trajectory,0.041077,1,0.13549,3.37,1,running,0.023546,0.036086,0.43683,0.006435,0.068461,176.15,-0.0079257,0.048692,7.6434,-0.037259,0.042882,119.26,-0.0070727,0.027921,-132.59,-0.010345,0.036973,-44.352,-0.0032331,0.056387,-130.08,-0.015008,0.072643,-97.426
193,1030,7.8303,4.7414,2.2251,15,24,4.529,5.0884,-3.0863,2.2844,2.4085,46.514,104.21,6,trajectory,0.041077,1,0.13425,3.3195,1,running,0.023546,0.036086,0.43683,0.006435,0.068461,176.15,-0.0079257,0.048692,7.6434,-0.037259,0.042882,119.26,-0.0070727,0.027921,-132.59,-0.010345,0.036973,-44.352,-0.0032331,0.056387,-130.08,-0.015008,0.072643,-97.426
194,1030.2,7.7891,4.7922,2.2796,15,24,4.529,5.0884,-3.0863,2.347,2.2821,44.198,104.21,6,trajectory,0.041077,1,0.1353,3.2736,1,running,0.023546,0.036086,0.43683,0.006435,0.068461,176.15,-0.0079257,0.048692,7.6434,-0.037259,0.042882,119.26,-0.0070727,0.027921,-132.59,-0.010345,0.036973,-44.352,-0.0032331,0.056387,-130.08,-0.015008,0.072643,-97.426
195,1030.3,7.7384,4.8477,2.3426,15,24,4.529,5.0884,-3.0863,2.4109,2.1321,41.489,104.21,6,trajectory,0.041077,1,0.13258,3.2184,1,running,0.023546,0.036086,0.43684,0.006435,0.068461,176.15,-0.0079257,0.048692,7.6434,-0.037259,0.042882,119.26,-0.0070727,0.027921,-132.59,-0.010345,0.036973,-44.352,-0.0032331,0.056387,-130.08,-0.015008,0.072643,-97.426
196,1030.5,7.6916,4.8933,2.3978,15,24,4.529,5.0884,-3.0863,2.4594,1.9978,39.087,104.21,6,trajectory,0.041077,1,0.13243,3.1686,1,running,0.023546,0.036086,0.43683,0.006435,0.068461,176.15,-0.0079257,0.048692,7.6434,-0.037259,0.042882,119.26,-0.0070727,0.027921,-132.59,-0.010345,0.036973,-44.352,-0.0032331,0.056387,-130.08,-0.015008,0.072643,-97.426
197,1030.6,7.6352,4.942,2.4609,15,24,4.529,5.0884,-3.0863,2.5061,1.8411,36.304,104.21,6,trajectory,0.041077,1,0.13543,3.1097,1,running,0.023546,0.036086,0.43683,0.006435,0.068461,176.15,-0.0079257,0.048692,7.6434,-0.037259,0.042882,119.26,-0.0070727,0.027921,-132.59,-0.010345,0.036973,-44.352,-0.0032331,0.056387,-130.08,-0.015008,0.072643,-97.426
198,1030.8,7.5831,4.9819,2.5165,15,24,4.529,5.0884,-3.0863,2.5389,1.7008,33.819,104.21,6,trajectory,0.041077,1,0.13219,3.0559,1,running,0.023546,0.036086,0.43684,0.006435,0.068461,176.15,-0.0079257,0.048692,7.6434,-0.037259,0.042882,119.26,-0.0070727,0.027921,-132.59,-0.010345,0.036973,-44.352,-0.0032331,0.056387,-130.08,-0.015008,0.072643,-97.426
199,1030.9,7.5212,5.0236,2.5797,15,24,4.529,5.0884,-3.0863,2.5667,1.5393,30.952,104.21,6,trajectory,0.041077,1,0.13367,2.9929,1,running,0.023546,0.036086,0.43683,0.006435,0.068461,176.15,-0.0079257,0.048692,7.6434,-0.037259,0.042882,119.26,-0.0070727,0.027921,-132.59,-0.010345,0.036973,-44.352,-0.0032331,0.056387,-130.08,-0.015008,0.072643,-97.426
200,1031.1,7.4651,5.0568,2.6349,15,24,4.529,5.0884,-3.0863,2.5826,1.3971,28.413,104.21,6,trajectory,0.041077,1,0.13349,2.9363,1,running,0.023546,0.036086,0.43683,0.006435,0.068461,176.15,-0.0079257,0.048692,7.6434,-0.037259,0.042882,119.26,-0.0070727,0.027921,-132.59,-0.010345,0.036973,-44.352,-0.0032331,0.056387,-130.08,-0.015008,0.072643,-97.426
201,1031.2,7.3982,5.0912,2.6984,15,24,4.529,5.0884,-3.0863,2.5908,1.233,25.45,104.21,6,trajectory,0.041077,1,0.13358,2.8693,1,running,0.023546,0.036086,0.43684,0.006435,0.068461,176.15,-0.0079257,0.048692,7.6434,-0.037259,0.042882,119.26,-0.0070727,0.027921,-132.59,-0.010345,0.036973,-44.352,-0.0032331,0.056387,-130.08,-0.015008,0.072643,-97.426
202,1031.4,7.3297,5.1211,2.7612,15,24,4.529,5.0884,-3.0863,2.5884,1.0701,22.461,104.21,6,trajectory,0.041077,1,0.13131,2.8009,1,running,0.023546,0.036086,0.43684,0.006435,0.068461,176.15,-0.0079257,0.048692,7.6434,-0.037259,0.042882,119.26,-0.0070727,0.027921,-132.59,-0.010345,0.036973,-44.352,-0.0032331,0.056387,-130.08,-0.015008,0.072643,-97.426
203,1031.5,7.268,5.1438,2.8155,15,24,4.529,5.0884,-3.0863,2.5769,0.93003,19.845,104.21,6,trajectory,0.041077,1,0.13235,2.7396,1,running,0.023546,0.036086,0.43684,0.006435,0.068461,176.15,-0.0079257,0.048692,7.6434,-0.037259,0.042882,119.26,-0.0070727,0.027921,-132.59,-0.010345,0.036973,-44.352,-0.0032331,0.056387,-130.08,-0.015008,0.072643,-97.426
204,1031.7,7.1949,5.1661,2.8764,15,24,4.529,5.0884,-3.0863,2.5524,0.77378,16.865,104.21,6,trajectory,0.041077,1,0.13117,2.6671,1,running,0.023546,0.036086,0.43684,0.006435,0.068461,176.15,-0.0079257,0.048692,7.6434,-0.037259,0.042882,119.26,-0.0070727,0.027921,-132.59,-0.010345,0.036973,-44.352,-0.0032331,0.056387,-130.08,-0.015008,0.072643,-97.426
205,1031.9,7.1292,5.1821,2.9265,15,24,4.529,5.0884,-3.0863,2.5202,0.64664,14.39,104.21,6,trajectory,0.041077,1,0.13197,2.6019,1,running,0.023546,0.036086,0.43684,0.006435,0.068461,176.15,-0.0079257,0.048692,7.6434,-0.037259,0.042882,119.26,-0.0070727,0.027921,-132.59,-0.010345,0.036973,-44.352,-0.0032331,0.056387,-130.08,-0.015008,0.072643,-97.426
206,1032,7.0516,5.1969,2.98,15,24,4.529,5.0884,-3.0863,2.4723,0.51285,11.719,104.21,6,trajectory,0.041077,1,0.13146,2.525,1,running,0.023546,0.036086,0.43683,0.006435,0.068461,176.15,-0.0079257,0.048692,7.6434,-0.037259,0.042882,119.26,-0.0070727,0.027921,-132.59,-0.010345,0.036973,-44.352,-0.0032331,0.056387,-130.08,-0.015008,0.072643,-97.426
207,1032.2,6.9817,5.2067,3.0231,15,24,4.529,5.0884,-3.0863,2.4215,0.40745,9.5512,104.21,6,trajectory,0.041077,1,0.13452,2.4555,1,running,0.023546,0.036086,0.43683,0.006435,0.068461,176.15,-0.0079257,0.048692,7.6434,-0.037259,0.042882,119.26,-0.0070727,0.027921,-132.59,-0.010345,0.036973,-44.352,-0.0032331,0.056387,-130.08,-0.015008,0.072643,-97.426
208,1032.3,6.8995,5.2146,3.0679,16,24,3.451,5.0262,-3.0817,3.4252,0.44173,7.3485,104.21,6,trajectory,0.041077,1,0.13325,2.3738,1,running,0.023546,0.036086,0.43683,0.006435,0.068461,176.15,-0.0079257,0.048692,7.6434,-0.037259,0.042882,119.26,-0.0070727,0.027921,-132.59,-0.010345,0.036973,-44.352,-0.0032331,0.056387,-130.08,-0.015008,0.072643,-97.426
209,1032.5,6.8256,5.2188,3.1024,16,24,3.451,5.0262,-3.0817,3.3644,0.32445,5.5083,104.21,6,trajectory,0.041077,1,0.13349,3.38,1,running,0.023546,0.036086,0.43683,0.006435,0.068461,176.15,-0.0079257,0.048692,7.6434,-0.037259,0.042882,119.26,-0.0070727,0.027921,-132.59,-0.010345,0.036973,-44.352,-0.0032331,0.056387,-130.08,-0.015008,0.072643,-97.426
210,1032.6,6.7281,5.2207,3.1395,16,24,3.451,5.0262,-3.0817,3.2767,0.20128,3.5152,104.21,6,trajectory,0.041077,1,0.13574,3.2829,1,running,0.023546,0.036086,0.43683,0.006435,0.068461,176.15,-0.0079257,0.048692,7.6434,-0.037259,0.042882,119.26,-0.0070727,0.027921,-132.59,-0.010345,0.036973,-44.352,-0.0032331,0.056387,-130.08,-0.015008,0.072643,-97.426
211,1032.8,6.6506,5.2199,-3.1201,16,24,3.451,5.0262,-3.0817,3.203,0.12478,2.2309,104.21,6,trajectory,0.041077,1,0.13321,3.2055,1,running,0.023546,0.036086,0.43684,0.006435,0.068461,176.15,-0.0079257,0.048692,7.6434,-0.037259,0.042882,119.26,-0.0070727,0.027921,-132.59,-0.010345,0.036973,-44.352,-0.0032331,0.056387,-130.08,-0.015008,0.072643,-97.426
212,1032.9,6.5604,5.217,-3.0991,16,24,3.451,5.0262,-3.0817,3.1146,0.058495,1.0759,104.21,6,trajectory,0.041077,1,0.13399,3.1152,1,running,0.023546,0.036086,0.43684,0.006435,0.068461,176.15,-0.0079257,0.048692,7.6434,-0.037259,0.042882,119.26,-0.0070727,0.027921,-132.59,-0.010345,0.036973,-44.352,-0.0032331,0.056387,-130.08,-0.015008,0.072643,-97.426
213,1033.1,6.4685,5.2123,-3.0842,16,24,3.451,5.0262,-3.0817,3.0232,0.012816,0.24289,104.21,6,trajectory,0.041077,1,0.13585,3.0232,1,running,0.023546,0.036086,0.43683,0.006435,0.068461,176.15,-0.0079257,0.048692,7.6434,-0.037259,0.042882,119.26,-0.0070727,0.027921,-132.59,-0.010345,0.036973,-44.352,-0.0032331,0.056387,-130.08,-0.015008,0.072643,-97.426
214,1033.2,6.3754,5.2065,-3.0739,16,24,3.451,5.0262,-3.0817,2.9298,-0.017824,-0.34857,104.21,6,trajectory,0.041077,1,0.13331,2.9299,1,running,0.023546,0.036086,0.43683,0.006435,0.068461,176.15,-0.0079257,0.048692,7.6434,-0.037259,0.042882,119.26,-0.0070727,0.027921,-132.59,-0.010345,0.036973,-44.352,-0.0032331,0.056387,-130.08,-0.015008,0.072643,-97.426
215,1033.4,6.2931,5.2006,-3.068,16,24,3.451,5.0262,-3.0817,2.8472,-0.03495,-0.7033,104.21,6,trajectory,0.041077,1,0.13423,2.8474,1,running,0.023546,0.036086,0.43683,0.006435,0.068461,176.15,-0.0079257,0.048692,7.6434,-0.037259,0.042882,119.26,-0.0070727,0.027921,-132.59,-0.010345,0.036973,-44.352,-0.0032331,0.056387,-130.08,-0.015008,0.072643,-97.426
216,1033.5,6.1982,5.1934,-3.0646,16,24,3.451,5.0262,-3.0817,2.7518,-0.0446,-0.92852,104.21,6,trajectory,0.041077,1,0.13635,2.7522,1,running,0.023546,0.036086,0.43683,0.006435,0.068461,176.15,-0.0079257,0.048692,7.6434,-0.037259,0.042882,119.26,-0.0070727,0.027921,-132.59,-0.010345,0.036973,-44.352,-0.0032331,0.056387,-130.08,-0.015008,0.072643,-97.426
217,1033.7,6.1146,5.1869,-3.0638,16,24,3.451,5.0262,-3.0817,2.668,-0.046763,-1.0041,104.21,6,trajectory,0.041077,1,0.14309,2.6684,1,running,0.023546,0.036086,0.43684,0.006435,0.068461,176.15,-0.0079257,0.048692,7.6434,-0.037259,0.042882,119.26,-0.0070727,0.027921,-132.59,-0.010345,0.036973,-44.352,-0.0032331,0.056387,-130.08,-0.015008,0.072643,-97.426
218,1033.8,6.0192,5.1795,-3.0646,16,24,3.451,5.0262,-3.0817,2.5723,-0.044696,-0.99546,104.21,6,trajectory,0.041077,1,0.13845,2.5727,1,running,0.023546,0.036086,0.43683,0.006435,0.068461,176.15,-0.0079257,0.048692,7.6434,-0.037259,0.042882,119.26,-0.0070727,0.027921,-132.59,-0.010345,0.036973,-44.352,-0.0032331,0.056387,-130.08,-0.015008,0.072643,-97.426
219,1034,5.9241,5.1723,-3.0666,16,24,3.451,5.0262,-3.0817,2.477,-0.039513,-0.91389,104.21,6,trajectory,0.041077,1,0.13597,2.4773,1,running,0.023546,0.036086,0.43684,0.006435,0.068461,176.15,-0.0079257,0.048692,7.6434,-0.037259,0.042882,119.26,-0.0070727,0.027921,-132.59,-0.010345,0.036973,-44.352,-0.0032331,0.056387,-130.08,-0.015008,0.072643,-97.426
220,1034.2,5.8291,5.1653,-3.0694,17,24,2.3731,4.9596,-3.0781,3.4618,-0.044219,-0.73181,104.21,6,trajectory,0.041077,1,0.13825,2.3821,1,running,0.023546,0.036086,0.43684,0.006435,0.068461,176.15,-0.0079257,0.048692,7.6434,-0.037259,0.042882,119.26,-0.0070727,0.027921,-132.59,-0.010345,0.036973,-44.352,-0.0032331,0.056387,-130.08,-0.015008,0.072643,-97.426
221,1034.3,5.7342,5.1586,-3.0724,17,24,2.3731,4.9596,-3.0781,3.3668,-0.033953,-0.57778,104.21,6,trajectory,0.041077,1,0.13501,3.367,1,running,0.023546,0.036086,0.43684,0.006435,0.068461,176.15,-0.0079257,0.048692,7.6434,-0.037259,0.042882,119.26,-0.0070727,0.027921,-132.59,-0.010345,0.036973,-44.352,-0.0032331,0.056387,-130.08,-0.015008,0.072643,-97.426
222,1034.5,5.6393,5.1521,-3.0754,17,24,2.3731,4.9596,-3.0781,3.2718,-0.024044,-0.42105,104.21,6,trajectory,0.041077,1,0.13515,3.2719,1,running,0.023546,0.036086,0.43683,0.006435,0.068461,176.15,-0.0079257,0.048692,7.6434,-0.037259,0.042882,119.26,-0.0070727,0.027921,-132.59,-0.010345,0.036973,-44.352,-0.0032331,0.056387,-130.08,-0.015008,0.072643,-97.426
223,1034.6,5.5562,5.1467,-3.0778,17,24,2.3731,4.9596,-3.0781,3.1885,-0.01625,-0.292,104.21,6,trajectory,0.041077,1,0.1355,3.1886,1,running,0.023546,0.036086,0.43684,0.006435,0.068461,176.15,-0.0079257,0.048692,7.6434,-0.037259,0.042882,119.26,-0.0070727,0.027921,-132.59,-0.010345,0.036973,-44.352,-0.0032331,0.056387,-130.08,-0.015008,0.072643,-97.426
224,1034.8,5.4611,5.1408,-3.0803,17,24,2.3731,4.9596,-3.0781,3.0933,-0.0084976,-0.1574,104.21,6,trajectory,0.041077,1,0.13648,3.0933,1,running,0.023546,0.036086,0.43683,0.006435,0.068461,176.15,-0.0079257,0.048692,7.6434,-0.037259,0.042882,119.26,-0.0070727,0.027921,-132.59,-0.010345,0.036973,-44.352,-0.0032331,0.056387,-130.08,-0.015008,0.072643,-97.426
225,1034.9,5.3659,5.135,-3.0823,17,24,2.3731,4.9596,-3.0781,2.9979,-0.0022199,-0.042427,104.21,6,trajectory,0.041077,1,0.13532,2.9979,1,running,0.023546,0.036086,0.43684,0.006435,0.068461,176.15,-0.0079257,0.048692,7.6434,-0.037259,0.042882,119.26,-0.0070727,0.027921,-132.59,-0.010345,0.036973,-44.352,-0.0032331,0.056387,-130.08,-0.015008,0.072643,-97.426
226,1035.1,5.2706,5.1294,-3.084,17,24,2.3731,4.9596,-3.0781,2.9024,0.0026348,0.052013,104.21,6,trajectory,0.041077,1,0.13526,2.9024,1,running,0.023546,0.036086,0.43683,0.006435,0.068461,176.15,-0.0079257,0.048692,7.6434,-0.037259,0.042882,119.26,-0.0070727,0.027921,-132.59,-0.010345,0.036973,-44.352,-0.0032331,0.056387,-130.08,-0.015008,0.072643,-97.426
227,1035.3,5.1871,5.1247,-3.0851,17,24,2.3731,4.9596,-3.0781,2.8188,0.0058224,0.11835,104.21,6,trajectory,0.041077,1,0.13548,2.8188,1,running,0.023546,0.036086,0.43684,0.006435,0.068461,176.15,-0.0079257,0.048692,7.6434,-0.037259,0.042882,119.26,-0.0070727,0.027921,-132.59,-0.010345,0.036973,-44.352,-0.0032331,0.056387,-130.08,-0.015008,0.072643,-97.426
228,1035.4,5.0915,5.1193,-3.086,17,24,2.3731,4.9596,-3.0781,2.7231,0.0083806,0.17633,104.21,6,trajectory,0.041077,1,0.13599,2.7231,1,running,0.023546,0.036086,0.43683,0.006435,0.068461,176.15,-0.0079257,0.048692,7.6434,-0.037259,0.042882,119.26,-0.0070727,0.027921,-132.59,-0.010345,0.036973,-44.352,-0.0032331,0.056387,-130.08,-0.015008,0.072643,-97.426
229,1035.6,5.0079,5.1147,-3.0865,17,24,2.3731,4.9596,-3.0781,2.6393,0.0097433,0.21151,104.21,6,trajectory,0.041077,1,0.13951,2.6393,1,running,0.023546,0.036086,0.43684,0.006435,0.068461,176.15,-0.0079257,0.048692,7.6434,-0.037259,0.042882,119.26,-0.0070727,0.027921,-132.59,-0.010345,0.036973,-44.352,-0.0032331,0.056387,-130.08,-0.015008,0.072643,-97.426
230,1035.7,4.9122,5.1094,-3.0868,17,24,2.3731,4.9596,-3.0781,2.5435,0.010602,0.23882,104.21,6,trajectory,0.041077,1,0.1388,2.5435,1,running,0.023546,0.036086,0.43684,0.006435,0.068461,176.15,-0.0079257,0.048692,7.6434,-0.037259,0.042882,119.26,-0.0070727,0.027921,-132.59,-0.010345,0.036973,-44.352,-0.0032331,0.056387,-130.08,-0.015008,0.072643,-97.426
231,1035.9,4.8165,5.1042,-3.0869,17,24,2.3731,4.9596,-3.0781,2.4476,0.01087,0.25445,104.21,6,trajectory,0.041077,1,0.13736,2.4476,1,running,0.023546,0.036086,0.43683,0.006435,0.068461,176.15,-0.0079257,0.048692,7.6434,-0.037259,0.042882,119.26,-0.0070727,0.027921,-132.59,-0.010345,0.036973,-44.352,-0.0032331,0.056387,-130.08,-0.015008,0.072643,-97.426
232,1036,4.7207,5.0989,-3.0869,18,24,1.3001,4.8882,-3.0574,3.4269,0.023329,0.39004,104.21,6,trajectory,0.041077,1,0.13528,2.3517,1,running,0.023546,0.036086,0.43683,0.006435,0.068461,176.15,-0.0079257,0.048692,7.6434,-0.037259,0.042882,119.26,-0.0070727,0.027921,-132.59,-0.010345,0.036973,-44.352,-0.0032331,0.056387,-130.08,-0.015008,0.072643,-97.426
233,1036.2,4.6368,5.0943,-3.0867,18,24,1.3001,4.8882,-3.0574,3.343,0.022737,0.38969,104.21,6,trajectory,0.041077,1,0.14055,3.3431,1,running,0.023546,0.036086,0.43683,0.006435,0.068461,176.15,-0.0079257,0.048692,7.6434,-0.037259,0.042882,119.26,-0.0070727,0.027921,-132.59,-0.010345,0.036973,-44.352,-0.0032331,0.056387,-130.08,-0.015008,0.072643,-97.426
234,1036.3,4.529,5.0884,-3.0863,18,24,1.3001,4.8882,-3.0574,3.235,0.021599,0.38253,104.21,6,trajectory,0.041077,1,0.13465,3.2351,1,running,0.023546,0.036086,0.43684,0.006435,0.068461,176.15,-0.0079257,0.048692,7.6434,-0.037259,0.042882,119.26,-0.0070727,0.027921,-132.59,-0.010345,0.036973,-44.352,-0.0032331,0.056387,-130.08,-0.015008,0.072643,-97.426
235,1036.5,4.4331,5.0831,-3.086,18,24,1.3001,4.8882,-3.0574,3.139,0.020398,0.37232,104.21,6,trajectory,0.041077,1,0.13796,3.1391,1,running,0.023546,0.036086,0.43684,0.006435,0.068461,176.15,-0.0079257,0.048692,7.6434,-0.037259,0.042882,119.26,-0.0070727,0.027921,-132.59,-0.010345,0.036973,-44.352,-0.0032331,0.056387,-130.08,-0.015008,0.072643,-97.426
236,1036.7,4.3493,5.0784,-3.0856,18,24,1.3001,4.8882,-3.0574,3.055,0.019258,0.36116,104.21,6,trajectory,0.041077,1,0.13659,3.0551,1,running,0.023546,0.036086,0.43683,0.006435,0.068461,176.15,-0.0079257,0.048692,7.6434,-0.037259,0.042882,119.26,-0.0070727,0.027921,-132.59,-0.010345,0.036973,-44.352,-0.0032331,0.056387,-130.08,-0.015008,0.072643,-97.426
237,1036.8,4.2535,5.073,-3.0852,18,24,1.3001,4.8882,-3.0574,2.9591,0.017933,0.34723,104.21,6,trajectory,0.041077,1,0.1392,2.9591,1,running,0.023546,0.036086,0.43683,0.006435,0.068461,176.15,-0.0079257,0.048692,7.6434,-0.037259,0.042882,119.26,-0.0070727,0.027921,-132.59,-0.010345,0.036973,-44.352,-0.0032331,0.056387,-130.08,-0.015008,0.072643,-97.426
238,1037,4.1577,5.0676,-3.0847,18,24,1.3001,4.8882,-3.0574,2.8631,0.016624,0.33267,104.21,6,trajectory,0.041077,1,0.1347,2.8632,1,running,0.023546,0.036086,0.43683,0.006435,0.068461,176.15,-0.0079257,0.048692,7.6434,-0.037259,0.042882,119.26,-0.0070727,0.027921,-132.59,-0.010345,0.036973,-44.352,-0.0032331,0.056387,-130.08,-0.015008,0.072643,-97.426
239,1037.1,4.0738,5.0628,-3.0843,18,24,1.3001,4.8882,-3.0574,2.7792,0.015519,0.31993,104.21,6,trajectory,0.041077,1,0.13798,2.7792,1,running,0.023546,0.036086,0.43683,0.006435,0.068461,176.15,-0.0079257,0.048692,7.6434,-0.037259,0.042882,119.26,-0.0070727,0.027921,-132.59,-0.010345,0.036973,-44.352,-0.0032331,0.056387,-130.08,-0.015008,0.072643,-97.426
240,1037.3,3.978,5.0573,-3.0839,18,24,1.3001,4.8882,-3.0574,2.6832,0.014323,0.30583,104.21,6,trajectory,0.041077,1,0.13707,2.6832,1,running,0.023546,0.036086,0.43684,0.006435,0.068461,176.15,-0.0079257,0.048692,7.6434,-0.037259,0.042882,119.26,-0.0070727,0.027921,-132.59,-0.010345,0.036973,-44.352,-0.0032331,0.056387,-130.08,-0.015008,0.072643,-97.426
241,1037.4,3.8822,5.0517,-3.0835,18,24,1.3001,4.8882,-3.0574,2.5872,0.0132,0.29232,104.21,6,trajectory,0.041077,1,0.13322,2.5873,1,running,0.023546,0.036086,0.43683,0.006435,0.068461,176.15,-0.0079257,0.048692,7.6434,-0.037259,0.042882,119.26,-0.0070727,0.027921,-132.59,-0.010345,0.036973,-44.352,-0.0032331,0.056387,-130.08,-0.015008,0.072643,-97.426
242,1037.6,3.7864,5.0461,-3.083,18,24,1.3001,4.8882,-3.0574,2.4913,0.012162,0.27972,104.21,6,trajectory,0.041077,1,0.17675,2.4913,1,running,0.023546,0.036086,0.43684,0.006435,0.068461,176.15,-0.0079257,0.048692,7.6434,-0.037259,0.042882,119.26,-0.0070727,0.027921,-132.59,-0.010345,0.036973,-44.352,-0.0032331,0.056387,-130.08,-0.015008,0.072643,-97.426
243,1037.8,3.6666,5.0391,-3.0826,19,24,0.35803,4.5693,-2.4596,3.3305,0.27371,4.6982,104.21,6,trajectory,0.041077,1,0.13299,2.3713,1,running,0.023546,0.036086,0.43684,0.006435,0.068461,176.15,-0.0079257,0.048692,7.6434,-0.037259,0.042882,119.26,-0.0070727,0.027921,-132.59,-0.010345,0.036973,-44.352,-0.0032331,0.056387,-130.08,-0.015008,0.072643,-97.426
244,1037.9,3.5708,5.0334,-3.0822,19,24,0.35803,4.5693,-2.4596,3.2347,0.27249,4.8152,104.21,6,trajectory,0.041077,1,0.13613,3.2461,1,running,0.023546,0.036086,0.43684,0.006435,0.068461,176.15,-0.0079257,0.048692,7.6434,-0.037259,0.042882,119.26,-0.0070727,0.027921,-132.59,-0.010345,0.036973,-44.352,-0.0032331,0.056387,-130.08,-0.015008,0.072643,-97.426
245,1038.1,3.475,5.0277,-3.0818,19,24,0.35803,4.5693,-2.4596,3.1388,0.27134,4.9408,104.21,6,trajectory,0.041077,1,0.13759,3.1505,1,running,0.023546,0.036086,0.43684,0.006435,0.068461,176.15,-0.0079257,0.048692,7.6434,-0.037259,0.042882,119.26,-0.0070727,0.027921,-132.59,-0.010345,0.036973,-44.352,-0.0032331,0.056387,-130.08,-0.015008,0.072643,-97.426
246,1038.3,3.3792,5.0219,-3.0815,19,24,0.35803,4.5693,-2.4596,3.0429,0.27026,5.0755,104.21,6,trajectory,0.041077,1,0.1354,3.0549,1,running,0.023546,0.036086,0.43683,0.006435,0.068461,176.15,-0.0079257,0.048692,7.6434,-0.037259,0.042882,119.26,-0.0070727,0.027921,-132.59,-0.010345,0.036973,-44.352,-0.0032331,0.056387,-130.08,-0.015008,0.072643,-97.426
247,1038.4,3.2834,5.0161,-3.0811,19,24,0.35803,4.5693,-2.4596,2.947,0.26925,5.2203,104.21,6,trajectory,0.041077,1,0.13448,2.9592,1,running,0.023546,0.036086,0.43683,0.006435,0.068461,176.15,-0.0079257,0.048692,7.6434,-0.037259,0.042882,119.26,-0.0070727,0.027921,-132.59,-0.010345,0.036973,-44.352,-0.0032331,0.056387,-130.08,-0.015008,0.072643,-97.426
248,1038.6,3.1995,5.011,-3.0808,19,24,0.35803,4.5693,-2.4596,2.8631,0.2684,5.3557,104.21,6,trajectory,0.041077,1,0.14546,2.8756,1,running,0.023546,0.036086,0.43683,0.006435,0.068461,176.15,-0.0079257,0.048692,7.6434,-0.037259,0.042882,119.26,-0.0070727,0.027921,-132.59,-0.010345,0.036973,-44.352,-0.0032331,0.056387,-130.08,-0.015008,0.072643,-97.426
249,1038.7,3.1037,5.0052,-3.0805,19,24,0.35803,4.5693,-2.4596,2.7671,0.26749,5.5213,104.21,6,trajectory,0.041077,1,0.13631,2.78,1,running,0.023546,0.036086,0.43683,0.006435,0.068461,176.15,-0.0079257,0.048692,7.6434,-0.037259,0.042882,119.26,-0.0070727,0.027921,-132.59,-0.010345,0.036973,-44.352,-0.0032331,0.056387,-130.08,-0.015008,0.072643,-97.426
250,1038.9,3.0079,4.9993,-3.0802,19,24,0.35803,4.5693,-2.4596,2.6712,0.26661,5.6997,104.21,6,trajectory,0.041077,1,0.13802,2.6845,1,running,0.023546,0.036086,0.43684,0.006435,0.068461,176.15,-0.0079257,0.048692,7.6434,-0.037259,0.042882,119.26,-0.0070727,0.027921,-132.59,-0.010345,0.036973,-44.352,-0.0032331,0.056387,-130.08,-0.015008,0.072643,-97.426
251,1039,2.9121,4.9934,-3.0799,19,24,0.35803,4.5693,-2.4596,2.5753,0.26578,5.8921,104.21,6,trajectory,0.041077,1,0.13692,2.589,1,running,0.023546,0.036086,0.43684,0.006435,0.068461,176.15,-0.0079257,0.048692,7.6434,-0.037259,0.042882,119.26,-0.0070727,0.027921,-132.59,-0.010345,0.036973,-44.352,-0.0032331,0.056387,-130.08,-0.015008,0.072643,-97.426
252,1039.2,2.8282,4.9882,-3.0796,19,24,0.35803,4.5693,-2.4596,2.4914,0.26507,6.0732,104.21,6,trajectory,0.041077,1,0.14061,2.5054,1,running,0.023546,0.036086,0.43684,0.006435,0.068461,176.15,-0.0079257,0.048692,7.6434,-0.037259,0.042882,119.26,-0.0070727,0.027921,-132.59,-0.010345,0.036973,-44.352,-0.0032331,0.056387,-130.08,-0.015008,0.072643,-97.426
253,1039.4,2.7324,4.9822,-3.0793,19,24,0.35803,4.5693,-2.4596,2.3955,0.2643,6.2962,104.21,6,trajectory,0.041077,1,0.13467,2.41,1,running,0.023546,0.036086,0.43684,0.006435,0.068461,176.15,-0.0079257,0.048692,7.6434,-0.037259,0.042882,119.26,-0.0070727,0.027921,-132.59,-0.010345,0.036973,-44.352,-0.0032331,0.056387,-130.08,-0.015008,0.072643,-97.426
254,1039.5,2.6366,4.9763,-3.079,20,24,-0.087501,3.6566,-1.6324,2.8013,1.1465,22.258,104.21,6,trajectory,0.041077,1,0.137,2.3146,1,running,0.023546,0.036086,0.43684,0.006435,0.068461,176.15,-0.0079257,0.048692,7.6434,-0.037259,0.042882,119.26,-0.0070727,0.027921,-132.59,-0.010345,0.036973,-44.352,-0.0032331,0.056387,-130.08,-0.015008,0.072643,-97.426
255,1039.7,2.5408,4.9702,-3.0787,20,24,-0.087501,3.6566,-1.6324,2.7057,1.1457,22.949,104.21,6,trajectory,0.041077,1,0.13479,2.9383,1,running,0.023546,0.036086,0.43684,0.006435,0.068461,176.15,-0.0079257,0.048692,7.6434,-0.037259,0.042882,119.26,-0.0070727,0.027921,-132.59,-0.010345,0.036973,-44.352,-0.0032331,0.056387,-130.08,-0.015008,0.072643,-97.426
256,1039.8,2.445,4.9642,-3.0783,20,24,-0.087501,3.6566,-1.6324,2.6101,1.1448,23.683,104.21,6,trajectory,0.041077,1,0.13798,2.8501,1,running,0.023546,0.036086,0.43684,0.006435,0.068461,176.15,-0.0079257,0.048692,7.6434,-0.037259,0.042882,119.26,-0.0070727,0.027921,-132.59,-0.010345,0.036973,-44.352,-0.0032331,0.056387,-130.08,-0.015008,0.072643,-97.426
257,1040,2.3492,4.9581,-3.078,20,24,-0.087501,3.6566,-1.6324,2.5144,1.144,24.465,104.21,6,trajectory,0.041077,1,0.13601,2.7624,1,running,0.023546,0.036086,0.43683,0.006435,0.068461,176.15,-0.0079257,0.048692,7.6434,-0.037259,0.042882,119.26,-0.0070727,0.027921,-132.59,-0.010345,0.036973,-44.352,-0.0032331,0.056387,-130.08,-0.015008,0.072643,-97.426
258,1040.1,2.2534,4.952,-3.0777,20,24,-0.087501,3.6566,-1.6324,2.4188,1.1432,25.298,104.21,6,trajectory,0.041077,1,0.14022,2.6754,1,running,0.023546,0.036086,0.43683,0.006435,0.068461,176.15,-0.0079257,0.048692,7.6434,-0.037259,0.042882,119.26,-0.0070727,0.027921,-132.59,-0.010345,0.036973,-44.352,-0.0032331,0.056387,-130.08,-0.015008,0.072643,-97.426
259,1040.3,2.1576,4.9458,-3.0774,20,24,-0.087501,3.6566,-1.6324,2.3231,1.1425,26.187,104.21,6,trajectory,0.041077,1,0.13392,2.5889,1,running,0.023546,0.036086,0.43683,0.006435,0.068461,176.15,-0.0079257,0.048692,7.6434,-0.037259,0.042882,119.26,-0.0070727,0.027921,-132.59,-0.010345,0.036973,-44.352,-0.0032331,0.056387,-130.08,-0.015008,0.072643,-97.426
260,1040.5,2.0737,4.9404,-3.0771,20,24,-0.087501,3.6566,-1.6324,2.2395,1.1419,27.016,104.21,6,trajectory,0.041077,1,0.13283,2.5138,1,running,0.023546,0.036086,0.43684,0.006435,0.068461,176.15,-0.0079257,0.048692,7.6434,-0.037259,0.042882,119.26,-0.0070727,0.027921,-132.59,-0.010345,0.036973,-44.352,-0.0032331,0.056387,-130.08,-0.015008,0.072643,-97.426
261,1040.6,1.9779,4.9342,-3.0768,20,24,-0.087501,3.6566,-1.6324,2.1438,1.1412,28.026,104.21,6,trajectory,0.041077,1,0.13449,2.4286,1,running,0.023546,0.036086,0.43683,0.006435,0.068461,176.15,-0.0079257,0.048692,7.6434,-0.037259,0.042882,119.26,-0.0070727,0.027921,-132.59,-0.010345,0.036973,-44.352,-0.0032331,0.056387,-130.08,-0.015008,0.072643,-97.426
262,1040.8,1.8941,4.9288,-3.0765,21,24,-0.017771,2.6279,-1.469,2.0575,2.1717,46.547,104.21,6,trajectory,0.041077,1,0.13209,2.3548,1,running,0.023546,0.036086,0.43684,0.006435,0.068461,176.15,-0.0079257,0.048692,7.6434,-0.037259,0.042882,119.26,-0.0070727,0.027921,-132.59,-0.010345,0.036973,-44.352,-0.0032331,0.056387,-130.08,-0.015008,0.072643,-97.426
263,1040.9,1.7983,4.9225,-3.0762,21,24,-0.017771,2.6279,-1.469,1.9622,2.171,47.893,104.21,6,trajectory,0.041077,1,0.13487,2.9263,1,running,0.023546,0.036086,0.43683,0.006435,0.068461,176.15,-0.0079257,0.048692,7.6434,-0.037259,0.042882,119.26,-0.0070727,0.027921,-132.59,-0.010345,0.036973,-44.352,-0.0032331,0.056387,-130.08,-0.015008,0.072643,-97.426
264,1041.1,1.6905,4.9154,-3.0758,21,24,-0.017771,2.6279,-1.469,1.8549,2.1703,49.48,104.21,6,trajectory,0.041077,1,0.13465,2.855,1,running,0.023546,0.036086,0.43684,0.006435,0.068461,176.15,-0.0079257,0.048692,7.6434,-0.037259,0.042882,119.26,-0.0070727,0.027921,-132.59,-0.010345,0.036973,-44.352,-0.0032331,0.056387,-130.08,-0.015008,0.072643,-97.426
265,1041.2,1.5948,4.9091,-3.0755,21,24,-0.017771,2.6279,-1.469,1.7596,2.1698,50.959,104.21,6,trajectory,0.041077,1,0.13341,2.7936,1,running,0.023546,0.036086,0.43683,0.006435,0.068461,176.15,-0.0079257,0.048692,7.6434,-0.037259,0.042882,119.26,-0.0070727,0.027921,-132.59,-0.010345,0.036973,-44.352,-0.0032331,0.056387,-130.08,-0.015008,0.072643,-97.426
266,1041.4,1.5111,4.9036,-3.0747,21,24,-0.017771,2.6279,-1.469,1.6775,2.1684,52.273,104.21,6,trajectory,0.041077,1,0.13175,2.7415,1,running,0.023546,0.036086,0.43684,0.006435,0.068461,176.15,-0.0079257,0.048692,7.6434,-0.037259,0.042882,119.26,-0.0070727,0.027921,-132.59,-0.010345,0.036973,-44.352,-0.0032331,0.056387,-130.08,-0.015008,0.072643,-97.426
267,1041.5,1.4281,4.8979,-3.0715,21,24,-0.017771,2.6279,-1.469,1.6013,2.1632,53.49,104.21,6,trajectory,0.041077,1,0.13379,2.6913,1,running,0.023546,0.036086,0.43684,0.006435,0.068461,176.15,-0.0079257,0.048692,7.6434,-0.037259,0.042882,119.26,-0.0070727,0.027921,-132.59,-0.010345,0.036973,-44.352,-0.0032331,0.056387,-130.08,-0.015008,0.072643,-97.426
268,1041.7,1.3345,4.891,-3.0629,21,24,-0.017771,2.6279,-1.469,1.5259,2.1498,54.634,104.21,6,trajectory,0.041077,1,0.13453,2.6363,1,running,0.023546,0.036086,0.43683,0.006435,0.068461,176.15,-0.0079257,0.048692,7.6434,-0.037259,0.042882,119.26,-0.0070727,0.027921,-132.59,-0.010345,0.036973,-44.352,-0.0032331,0.056387,-130.08,-0.015008,0.072643,-97.426
269,1041.8,1.2435,4.8831,-3.046,21,24,-0.017771,2.6279,-1.469,1.4707,2.1245,55.307,104.21,6,trajectory,0.041077,1,0.13441,2.5839,1,running,0.023546,0.036086,0.43684,0.006435,0.068461,176.15,-0.0079257,0.048692,7.6434,-0.037259,0.042882,119.26,-0.0070727,0.027921,-132.59,-0.010345,0.036973,-44.352,-0.0032331,0.056387,-130.08,-0.015008,0.072643,-97.426
270,1042,1.1656,4.8749,-3.0252,21,24,-0.017771,2.6279,-1.469,1.4363,2.0943,55.558,104.21,6,trajectory,0.041077,1,0.14222,2.5395,1,running,0.023546,0.036086,0.43683,0.006435,0.068461,176.15,-0.0079257,0.048692,7.6434,-0.037259,0.042882,119.26,-0.0070727,0.027921,-132.59,-0.010345,0.036973,-44.352,-0.0032331,0.056387,-130.08,-0.015008,0.072643,-97.426
271,1042.2,1.0683,4.8618,-2.9903,21,24,-0.017771,2.6279,-1.469,1.4105,2.0447,55.401,104.21,6,trajectory,0.041077,1,0.13593,2.484,1,running,0.023546,0.036086,0.43684,0.006435,0.068461,176.15,-0.0079257,0.048692,7.6434,-0.037259,0.042882,119.26,-0.0070727,0.027921,-132.59,-0.010345,0.036973,-44.352,-0.0032331,0.056387,-130.08,-0.015008,0.072643,-97.426
272,1042.3,0.99554,4.8495,-2.9564,22,24,0.077342,1.5583,-1.4888,1.5084,3.066,63.804,104.21,6,trajectory,0.041077,1,0.13425,2.4418,1,running,0.023546,0.036086,0.43684,0.006435,0.068461,176.15,-0.0079257,0.048692,7.6434,-0.037259,0.042882,119.26,-0.0070727,0.027921,-132.59,-0.010345,0.036973,-44.352,-0.0032331,0.056387,-130.08,-0.015008,0.072643,-97.426
273,1042.5,0.91444,4.8325,-2.9129,22,24,0.077342,1.5583,-1.4888,1.5577,2.9992,62.553,104.21,6,trajectory,0.041077,1,0.13236,3.3796,1,running,0.023546,0.036086,0.43683,0.006435,0.068461,176.15,-0.0079257,0.048692,7.6434,-0.037259,0.042882,119.26,-0.0070727,0.027921,-132.59,-0.010345,0.036973,-44.352,-0.0032331,0.056387,-130.08,-0.015008,0.072643,-97.426
274,1042.6,0.84565,4.815,-2.871,22,24,0.077342,1.5583,-1.4888,1.611,2.9328,61.22,104.21,6,trajectory,0.041077,1,0.13548,3.3461,1,running,0.023546,0.036086,0.43683,0.006435,0.068461,176.15,-0.0079257,0.048692,7.6434,-0.037259,0.042882,119.26,-0.0070727,0.027921,-132.59,-0.010345,0.036973,-44.352,-0.0032331,0.056387,-130.08,-0.015008,0.072643,-97.426
275,1042.8,0.76912,4.7917,-2.8197,22,24,0.077342,1.5583,-1.4888,1.6792,2.8485,59.48,104.21,6,trajectory,0.041077,1,0.13311,3.3066,1,running,0.023546,0.036086,0.43684,0.006435,0.068461,176.15,-0.0079257,0.048692,7.6434,-0.037259,0.042882,119.26,-0.0070727,0.027921,-132.59,-0.010345,0.036973,-44.352,-0.0032331,0.056387,-130.08,-0.015008,0.072643,-97.426
276,1042.9,0.69529,4.7648,-2.7653,22,24,0.077342,1.5583,-1.4888,1.7529,2.7552,57.535,104.21,6,trajectory,0.041077,1,0.13334,3.2656,1,running,0.023546,0.036086,0.43683,0.006435,0.068461,176.15,-0.0079257,0.048692,7.6434,-0.037259,0.042882,119.26,-0.0070727,0.027921,-132.59,-0.010345,0.036973,-44.352,-0.0032331,0.056387,-130.08,-0.015008,0.072643,-97.426
277,1043.1,0.63274,4.7383,-2.7159,22,24,0.077342,1.5583,-1.4888,1.8191,2.6669,55.702,104.21,6,trajectory,0.041077,1,0.13247,3.2282,1,running,0.023546,0.036086,0.43683,0.006435,0.068461,176.15,-0.0079257,0.048692,7.6434,-0.037259,0.042882,119.26,-0.0070727,0.027921,-132.59,-0.010345,0.036973,-44.352,-0.0032331,0.056387,-130.08,-0.015008,0.072643,-97.426
278,1043.2,0.56394,4.7047,-2.6576,22,24,0.077342,1.5583,-1.4888,1.8948,2.5586,53.479,104.21,6,trajectory,0.041077,1,0.13285,3.1838,1,running,0.023546,0.036086,0.43684,0.006435,0.068461,176.15,-0.0079257,0.048692,7.6434,-0.037259,0.042882,119.26,-0.0070727,0.027921,-132.59,-0.010345,0.036973,-44.352,-0.0032331,0.056387,-130.08,-0.015008,0.072643,-97.426
279,1043.4,0.50534,4.6719,-2.6053,22,24,0.077342,1.5583,-1.4888,1.9587,2.4579,51.448,104.21,6,trajectory,0.041077,1,0.1339,3.1429,1,running,0.023546,0.036086,0.43684,0.006435,0.068461,176.15,-0.0079257,0.048692,7.6434,-0.037259,0.042882,119.26,-0.0070727,0.027921,-132.59,-0.010345,0.036973,-44.352,-0.0032331,0.056387,-130.08,-0.015008,0.072643,-97.426
280,1043.5,0.44108,4.631,-2.5445,22,24,0.077342,1.5583,-1.4888,2.0284,2.3366,49.039,104.21,6,trajectory,0.041077,1,0.13213,3.0942,1,running,0.023546,0.036086,0.43684,0.006435,0.068461,176.15,-0.0079257,0.048692,7.6434,-0.037259,0.042882,119.26,-0.0070727,0.027921,-132.59,-0.010345,0.036973,-44.352,-0.0032331,0.056387,-130.08,-0.015008,0.072643,-97.426
281,1043.7,0.38753,4.5925,-2.4906,22,24,0.077342,1.5583,-1.4888,2.0854,2.2258,46.865,104.21,6,trajectory,0.041077,1,0.13394,3.05,1,running,0.023546,0.036086,0.43684,0.006435,0.068461,176.15,-0.0079257,0.048692,7.6434,-0.037259,0.042882,119.26,-0.0070727,0.027921,-132.59,-0.010345,0.036973,-44.352,-0.0032331,0.056387,-130.08,-0.015008,0.072643,-97.426
282,1043.8,0.32933,4.5452,-2.4285,22,24,0.077342,1.5583,-1.4888,2.1447,2.0943,44.318,104.21,6,trajectory,0.041077,1,0.13598,2.9976,1,running,0.023546,0.036086,0.43683,0.006435,0.068461,176.15,-0.0079257,0.048692,7.6434,-0.037259,0.042882,119.26,-0.0070727,0.027921,-132.59,-0.010345,0.036973,-44.352,-0.0032331,0.056387,-130.08,-0.015008,0.072643,-97.426
283,1044,0.27418,4.4944,-2.3657,22,24,0.077342,1.5583,-1.4888,2.1968,1.958,41.71,104.21,6,trajectory,0.041077,1,0.13279,2.9428,1,running,0.023546,0.036086,0.43684,0.006435,0.068461,176.15,-0.0079257,0.048692,7.6434,-0.037259,0.042882,119.26,-0.0070727,0.027921,-132.59,-0.010345,0.036973,-44.352,-0.0032331,0.056387,-130.08,-0.015008,0.072643,-97.426
284,1044.1,0.22867,4.4472,-2.3105,22,24,0.077342,1.5583,-1.4888,2.236,1.8357,39.385,104.21,6,trajectory,0.041077,1,0.13606,2.8929,1,running,0.023546,0.036086,0.43684,0.006435,0.068461,176.15,-0.0079257,0.048692,7.6434,-0.037259,0.042882,119.26,-0.0070727,0.027921,-132.59,-0.010345,0.036973,-44.352,-0.0032331,0.056387,-130.08,-0.015008,0.072643,-97.426
285,1044.3,0.18018,4.3906,-2.2475,22,24,0.077342,1.5583,-1.4888,2.2727,1.6934,36.69,104.21,6,trajectory,0.041077,1,0.13778,2.8342,1,running,0.023546,0.036086,0.43683,0.006435,0.068461,176.15,-0.0079257,0.048692,7.6434,-0.037259,0.042882,119.26,-0.0070727,0.027921,-132.59,-0.010345,0.036973,-44.352,-0.0032331,0.056387,-130.08,-0.015008,0.072643,-97.426
286,1044.4,0.1352,4.3308,-2.1841,22,24,0.077342,1.5583,-1.4888,2.3006,1.5484,33.943,104.21,6,trajectory,0.041077,1,0.13386,2.7732,1,running,0.023546,0.036086,0.43683,0.006435,0.068461,176.15,-0.0079257,0.048692,7.6434,-0.037259,0.042882,119.26,-0.0070727,0.027921,-132.59,-0.010345,0.036973,-44.352,-0.0032331,0.056387,-130.08,-0.015008,0.072643,-97.426
287,1044.6,0.098999,4.2762,-2.1286,22,24,0.077342,1.5583,-1.4888,2.3175,1.4203,31.502,104.21,6,trajectory,0.041077,1,0.13576,2.7181,1,running,0.023546,0.036086,0.43684,0.006435,0.068461,176.15,-0.0079257,0.048692,7.6434,-0.037259,0.042882,119.26,-0.0070727,0.027921,-132.59,-0.010345,0.036973,-44.352,-0.0032331,0.056387,-130.08,-0.015008,0.072643,-97.426
288,1044.7,0.06159,4.2118,-2.0655,22,24,0.077342,1.5583,-1.4888,2.328,1.2736,28.682,104.21,6,trajectory,0.041077,1,0.13368,2.6536,1,running,0.023546,0.036086,0.43684,0.006435,0.068461,176.15,-0.0079257,0.048692,7.6434,-0.037259,0.042882,119.26,-0.0070727,0.027921,-132.59,-0.010345,0.036973,-44.352,-0.0032331,0.056387,-130.08,-0.015008,0.072643,-97.426
289,1044.9,0.028119,4.1448,-2.0021,22,24,0.077342,1.5583,-1.4888,2.329,1.1261,25.804,104.21,6,trajectory,0.041077,1,0.13534,2.587,1,running,0.023546,0.036086,0.43684,0.006435,0.068461,176.15,-0.0079257,0.048692,7.6434,-0.037259,0.042882,119.26,-0.0070727,0.027921,-132.59,-0.010345,0.036973,-44.352,-0.0032331,0.056387,-130.08,-0.015008,0.072643,-97.426
290,1045.1,0.0023244,4.0844,-1.9468,22,24,0.077342,1.5583,-1.4888,2.3221,0.99737,23.244,104.21,6,trajectory,0.041077,1,0.13523,2.5272,1,running,0.023546,0.036086,0.43683,0.006435,0.068461,176.15,-0.0079257,0.048692,7.6434,-0.037259,0.042882,119.26,-0.0070727,0.027921,-132.59,-0.010345,0.036973,-44.352,-0.0032331,0.056387,-130.08,-0.015008,0.072643,-97.426
291,1045.2,-0.022969,4.0139,-1.8846,22,24,0.077342,1.5583,-1.4888,2.3048,0.85337,20.317,104.21,6,trajectory,0.041077,1,0.13558,2.4577,1,running,0.023546,0.036086,0.43684,0.006435,0.068461,176.15,-0.0079257,0.048692,7.6434,-0.037259,0.042882,119.26,-0.0070727,0.027921,-132.59,-0.010345,0.036973,-44.352,-0.0032331,0.056387,-130.08,-0.015008,0.072643,-97.426
292,1045.4,-0.044198,3.9409,-1.8234,23,24,0.12418,0.99345,-1.4865,2.8119,0.89963,17.742,104.21,6,trajectory,0.041077,1,0.1359,2.3858,1,running,0.023546,0.036086,0.43683,0.006435,0.068461,176.15,-0.0079257,0.048692,7.6434,-0.037259,0.042882,119.26,-0.0070727,0.027921,-132.59,-0.010345,0.036973,-44.352,-0.0032331,0.056387,-130.08,-0.015008,0.072643,-97.426
293,1045.5,-0.061273,3.8657,-1.7652,23,24,0.12418,0.99345,-1.4865,2.7823,0.73683,14.833,104.21,6,trajectory,0.041077,1,0.13456,2.8782,1,running,0.023546,0.036086,0.43683,0.006435,0.068461,176.15,-0.0079257,0.048692,7.6434,-0.037259,0.042882,119.26,-0.0070727,0.027921,-132.59,-0.010345,0.036973,-44.352,-0.0032331,0.056387,-130.08,-0.015008,0.072643,-97.426
294,1045.7,-0.072926,3.7979,-1.718,23,24,0.12418,0.99345,-1.4865,2.7453,0.60618,12.452,104.21,6,trajectory,0.041077,1,0.13472,2.8114,1,running,0.023546,0.036086,0.43683,0.006435,0.068461,176.15,-0.0079257,0.048692,7.6434,-0.037259,0.042882,119.26,-0.0070727,0.027921,-132.59,-0.010345,0.036973,-44.352,-0.0032331,0.056387,-130.08,-0.015008,0.072643,-97.426
295,1045.8,-0.082659,3.718,-1.6672,23,24,0.12418,0.99345,-1.4865,2.6921,0.46801,9.8622,104.21,6,trajectory,0.041077,1,0.13717,2.7324,1,running,0.023546,0.036086,0.43684,0.006435,0.068461,176.15,-0.0079257,0.048692,7.6434,-0.037259,0.042882,119.26,-0.0070727,0.027921,-132.59,-0.010345,0.036973,-44.352,-0.0032331,0.056387,-130.08,-0.015008,0.072643,-97.426
296,1046,-0.088669,3.6359,-1.6218,23,24,0.12418,0.99345,-1.4865,2.6282,0.34723,7.5264,104.21,6,trajectory,0.041077,1,0.15083,2.651,1,running,0.023546,0.036086,0.43683,0.006435,0.068461,176.15,-0.0079257,0.048692,7.6434,-0.037259,0.042882,119.26,-0.0070727,0.027921,-132.59,-0.010345,0.036973,-44.352,-0.0032331,0.056387,-130.08,-0.015008,0.072643,-97.426
297,1046.2,-0.091263,3.5515,-1.5824,23,24,0.12418,0.99345,-1.4865,2.5553,0.24509,5.4787,104.21,6,trajectory,0.041077,1,0.13766,2.5671,1,running,0.023546,0.036086,0.43684,0.006435,0.068461,176.15,-0.0079257,0.048692,7.6434,-0.037259,0.042882,119.26,-0.0070727,0.027921,-132.59,-0.010345,0.036973,-44.352,-0.0032331,0.056387,-130.08,-0.015008,0.072643,-97.426
298,1046.3,-0.090792,3.465,-1.5495,23,24,0.12418,0.99345,-1.4865,2.4755,0.16221,3.7491,104.21,6,trajectory,0.041077,1,0.1335,2.4808,1,running,0.023546,0.036086,0.43684,0.006435,0.068461,176.15,-0.0079257,0.048692,7.6434,-0.037259,0.042882,119.26,-0.0070727,0.027921,-132.59,-0.010345,0.036973,-44.352,-0.0032331,0.056387,-130.08,-0.015008,0.072643,-97.426
299,1046.5,-0.08766,3.3765,-1.5224,23,24,0.12418,0.99345,-1.4865,2.3905,0.096376,2.3087,104.21,6,trajectory,0.041077,1,0.13437,2.3925,1,running,0.023546,0.036086,0.43683,0.006435,0.068461,176.15,-0.0079257,0.048692,7.6434,-0.037259,0.042882,119.26,-0.0070727,0.027921,-132.59,-0.010345,0.036973,-44.352,-0.0032331,0.056387,-130.08,-0.015008,0.072643,-97.426
300,1046.6,-0.083081,3.2978,-1.5037,23,24,0.12418,0.99345,-1.4865,2.313,0.052417,1.2982,104.21,6,trajectory,0.041077,1,0.13836,2.3136,1,running,0.023546,0.036086,0.43684,0.006435,0.068461,176.15,-0.0079257,0.048692,7.6434,-0.037259,0.042882,119.26,-0.0070727,0.027921,-132.59,-0.010345,0.036973,-44.352,-0.0032331,0.056387,-130.08,-0.015008,0.072643,-97.426
301,1046.8,-0.076145,3.2064,-1.4873,23,24,0.12418,0.99345,-1.4865,2.2219,0.015034,0.38767,104.21,6,trajectory,0.041077,1,0.13774,2.222,1,running,0.023546,0.036086,0.43683,0.006435,0.068461,176.15,-0.0079257,0.048692,7.6434,-0.037259,0.042882,119.26,-0.0070727,0.027921,-132.59,-0.010345,0.036973,-44.352,-0.0032331,0.056387,-130.08,-0.015008,0.072643,-97.426
302,1046.9,-0.067838,3.1136,-1.4766,23,24,0.12418,0.99345,-1.4865,2.1288,-0.0083267,-0.22411,104.21,6,trajectory,0.041077,1,0.13452,2.1288,1,running,0.023546,0.036086,0.43684,0.006435,0.068461,176.15,-0.0079257,0.048692,7.6434,-0.037259,0.042882,119.26,-0.0070727,0.027921,-132.59,-0.010345,0.036973,-44.352,-0.0032331,0.056387,-130.08,-0.015008,0.072643,-97.426
303,1047.1,-0.059812,3.0315,-1.4706,23,24,0.12418,0.99345,-1.4865,2.0462,-0.020861,-0.5841,104.21,6,trajectory,0.041077,1,0.13231,2.0463,1,running,0.023546,0.036086,0.43684,0.006435,0.068461,176.15,-0.0079257,0.048692,7.6434,-0.037259,0.042882,119.26,-0.0070727,0.027921,-132.59,-0.010345,0.036973,-44.352,-0.0032331,0.056387,-130.08,-0.015008,0.072643,-97.426
304,1047.2,-0.050091,2.9369,-1.4667,23,24,0.12418,0.99345,-1.4865,1.9511,-0.028707,-0.84296,104.21,6,trajectory,0.041077,1,0.14328,1.9513,1,running,0.023546,0.036086,0.43684,0.006435,0.068461,176.15,-0.0079257,0.048692,7.6434,-0.037259,0.042882,119.26,-0.0070727,0.027921,-132.59,-0.010345,0.036973,-44.352,-0.0032331,0.056387,-130.08,-0.015008,0.072643,-97.426
