step,sim_time,x,y,yaw,subgoal,num_nodes,sg_x,sg_y,sg_yaw,goal_local_x,goal_local_y,goal_bearing_deg,pred_bearing_deg,modality,controller,v,w,latency,dist,similarity,state,wp0_x,wp0_y,wp0_yaw_deg,wp1_x,wp1_y,wp1_yaw_deg,wp2_x,wp2_y,wp2_yaw_deg,wp3_x,wp3_y,wp3_yaw_deg,wp4_x,wp4_y,wp4_yaw_deg,wp5_x,wp5_y,wp5_yaw_deg,wp6_x,wp6_y,wp6_yaw_deg,wp7_x,wp7_y,wp7_yaw_deg
1,1000,0,0,0,0,24,0,0,0,0,0,0,104.21,6,trajectory,0.041077,1,0.14368,0,1,running,0.023546,0.036086,0.43684,0.006435,0.068461,176.15,-0.0079257,0.048692,7.6434,-0.037259,0.042882,119.26,-0.0070727,0.027921,-132.59,-0.010345,0.036973,-44.352,-0.0032331,0.056387,-130.08,-0.015008,0.072643,-97.426
2,1000.2,0,0,0,2,24,2.124,0.0075189,0.00708,2.124,0.0075189,0.20283,104.21,6,trajectory,0.041077,1,0.13718,0,1,running,0.023546,0.036086,0.43684,0.006435,0.068461,176.15,-0.0079257,0.048692,7.6434,-0.037259,0.042882,119.26,-0.0070727,0.027921,-132.59,-0.010345,0.036973,-44.352,-0.0032331,0.056387,-130.08,-0.015008,0.072643,-97.426
3,1000.4,0,0,0,2,24,2.124,0.0075189,0.00708,2.124,0.0075189,0.20283,104.21,6,trajectory,0.041077,1,0.13152,2.124,1,running,0.023546,0.036086,0.43684,0.006435,0.068461,176.15,-0.0079257,0.048692,7.6434,-0.037259,0.042882,119.26,-0.0070727,0.027921,-132.59,-0.010345,0.036973,-44.352,-0.0032331,0.056387,-130.08,-0.015008,0.072643,-97.426
4,1000.6,0,0,0,2,24,2.124,0.0075189,0.00708,2.124,0.0075189,0.20283,104.21,6,trajectory,0.041077,1,0.13279,2.124,1,running,0.023546,0.036086,0.43684,0.006435,0.068461,176.15,-0.0079257,0.048692,7.6434,-0.037259,0.042882,119.26,-0.0070727,0.027921,-132.59,-0.010345,0.036973,-44.352,-0.0032331,0.056387,-130.08,-0.015008,0.072643,-97.426
5,1000.7,0,0,0,2,24,2.124,0.0075189,0.00708,2.124,0.0075189,0.20283,104.21,6,trajectory,0.041077,1,0.13078,2.124,1,running,0.023546,0.036086,0.43684,0.006435,0.068461,176.15,-0.0079257,0.048692,7.6434,-0.037259,0.042882,119.26,-0.0070727,0.027921,-132.59,-0.010345,0.036973,-44.352,-0.0032331,0.056387,-130.08,-0.015008,0.072643,-97.426
6,1000.9,0,0,0,2,24,2.124,0.0075189,0.00708,2.124,0.0075189,0.20283,104.21,6,trajectory,0.041077,1,0.13188,2.124,1,running,0.023546,0.036086,0.43684,0.006435,0.068461,176.15,-0.0079257,0.048692,7.6434,-0.037259,0.042882,119.26,-0.0070727,0.027921,-132.59,-0.010345,0.036973,-44.352,-0.0032331,0.056387,-130.08,-0.015008,0.072643,-97.426
7,1001,0,0,0,2,24,2.124,0.0075189,0.00708,2.124,0.0075189,0.20283,104.21,6,trajectory,0.041077,1,0.13251,2.124,1,running,0.023546,0.036086,0.43684,0.006435,0.068461,176.15,-0.0079257,0.048692,7.6434,-0.037259,0.042882,119.26,-0.0070727,0.027921,-132.59,-0.010345,0.036973,-44.352,-0.0032331,0.056387,-130.08,-0.015008,0.072643,-97.426
8,1001.2,0,0,0,2,24,2.124,0.0075189,0.00708,2.124,0.0075189,0.20283,104.21,6,trajectory,0.041077,1,0.13146,2.124,1,running,0.023546,0.036086,0.43684,0.006435,0.068461,176.15,-0.0079257,0.048692,7.6434,-0.037259,0.042882,119.26,-0.0070727,0.027921,-132.59,-0.010345,0.036973,-44.352,-0.0032331,0.056387,-130.08,-0.015008,0.072643,-97.426
9,1001.3,0,0,0,2,24,2.124,0.0075189,0.00708,2.124,0.0075189,0.20283,104.21,6,trajectory,0.041077,1,0.13209,2.124,1,running,0.023546,0.036086,0.43684,0.006435,0.068461,176.15,-0.0079257,0.048692,7.6434,-0.037259,0.042882,119.26,-0.0070727,0.027921,-132.59,-0.010345,0.036973,-44.352,-0.0032331,0.056387,-130.08,-0.015008,0.072643,-97.426
10,1001.5,0,0,0,2,24,2.124,0.0075189,0.00708,2.124,0.0075189,0.20283,104.21,6,trajectory,0.041077,1,0.13602,2.124,1,running,0.023546,0.036086,0.43684,0.006435,0.068461,176.15,-0.0079257,0.048692,7.6434,-0.037259,0.042882,119.26,-0.0070727,0.027921,-132.59,-0.010345,0.036973,-44.352,-0.0032331,0.056387,-130.08,-0.015008,0.072643,-97.426
11,1001.6,0,0,0,2,24,2.124,0.0075189,0.00708,2.124,0.0075189,0.20283,104.21,6,trajectory,0.041077,1,0.13343,2.124,1,running,0.023546,0.036086,0.43684,0.006435,0.068461,176.15,-0.0079257,0.048692,7.6434,-0.037259,0.042882,119.26,-0.0070727,0.027921,-132.59,-0.010345,0.036973,-44.352,-0.0032331,0.056387,-130.08,-0.015008,0.072643,-97.426
12,1001.8,0,0,0,2,24,2.124,0.0075189,0.00708,2.124,0.0075189,0.20283,104.21,6,trajectory,0.041077,1,0.13541,2.124,1,running,0.023546,0.036086,0.43684,0.006435,0.068461,176.15,-0.0079257,0.048692,7.6434,-0.037259,0.042882,119.26,-0.0070727,0.027921,-132.59,-0.010345,0.036973,-44.352,-0.0032331,0.056387,-130.08,-0.015008,0.072643,-97.426
13,1001.9,0,0,0,2,24,2.124,0.0075189,0.00708,2.124,0.0075189,0.20283,104.21,6,trajectory,0.041077,1,0.1319,2.124,1,running,0.023546,0.036086,0.43684,0.006435,0.068461,176.15,-0.0079257,0.048692,7.6434,-0.037259,0.042882,119.26,-0.0070727,0.027921,-132.59,-0.010345,0.036973,-44.352,-0.0032331,0.056387,-130.08,-0.015008,0.072643,-97.426
14,1002.1,0,0,0,2,24,2.124,0.0075189,0.00708,2.124,0.0075189,0.20283,104.21,6,trajectory,0.041077,1,0.14503,2.124,1,running,0.023546,0.036086,0.43684,0.006435,0.068461,176.15,-0.0079257,0.048692,7.6434,-0.037259,0.042882,119.26,-0.0070727,0.027921,-132.59,-0.010345,0.036973,-44.352,-0.0032331,0.056387,-130.08,-0.015008,0.072643,-97.426
15,1002.2,0.012,2.4e-07,4e-05,2,24,2.124,0.0075189,0.00708,2.112,0.0074342,0.20168,104.21,6,trajectory,0.041077,1,0.1338,2.112,1,running,0.023546,0.036086,0.43684,0.006435,0.068461,176.15,-0.0079257,0.048692,7.6434,-0.037259,0.042882,119.26,-0.0070727,0.027921,-132.59,-0.010345,0.036973,-44.352,-0.0032331,0.056387,-130.08,-0.015008,0.072643,-97.426
16,1002.4,0.108,1.944e-05,0.00036,2,24,2.124,0.0075189,0.00708,2.016,0.0067737,0.19251,104.21,6,trajectory,0.041077,1,0.13415,2.016,1,running,0.023546,0.036086,0.43684,0.006435,0.068461,176.15,-0.0079257,0.048692,7.6434,-0.037259,0.042882,119.26,-0.0070727,0.027921,-132.59,-0.010345,0.036973,-44.352,-0.0032331,0.056387,-130.08,-0.015008,0.072643,-97.426
17,1002.5,0.204,6.936e-05,0.00068,2,24,2.124,0.0075189,0.00708,1.92,0.006144,0.18335,104.21,6,trajectory,0.041077,1,0.13275,1.92,1,running,0.023546,0.036086,0.43684,0.006435,0.068461,176.15,-0.0079257,0.048692,7.6434,-0.037259,0.042882,119.26,-0.0070727,0.027921,-132.59,-0.010345,0.036973,-44.352,-0.0032331,0.056387,-130.08,-0.015008,0.072643,-97.426
18,1002.7,0.288,0.00013824,0.00096,3,24,3.2039,0.017109,0.01068,2.916,0.014172,0.27846,104.21,6,trajectory,0.041077,1,0.13263,1.836,1,running,0.023546,0.036086,0.43684,0.006435,0.068461,176.15,-0.0079257,0.048692,7.6434,-0.037259,0.042882,119.26,-0.0070727,0.027921,-132.59,-0.010345,0.036973,-44.352,-0.0032331,0.056387,-130.08,-0.015008,0.072643,-97.426
19,1002.8,0.384,0.00024576,0.00128,3,24,3.2039,0.017109,0.01068,2.82,0.013254,0.26929,104.21,6,trajectory,0.041077,1,0.13091,2.82,1,running,0.023546,0.036086,0.43684,0.006435,0.068461,176.15,-0.0079257,0.048692,7.6434,-0.037259,0.042882,119.26,-0.0070727,0.027921,-132.59,-0.010345,0.036973,-44.352,-0.0032331,0.056387,-130.08,-0.015008,0.072643,-97.426
20,1003,0.492,0.00040344,0.00164,3,24,3.2039,0.017109,0.01068,2.712,0.012258,0.25898,104.21,6,trajectory,0.041077,1,0.13474,2.712,1,running,0.023546,0.036086,0.43684,0.006435,0.068461,176.15,-0.0079257,0.048692,7.6434,-0.037259,0.042882,119.26,-0.0070727,0.027921,-132.59,-0.010345,0.036973,-44.352,-0.0032331,0.056387,-130.08,-0.015008,0.072643,-97.426
21,1003.2,0.576,0.00055296,0.00192,3,24,3.2039,0.017109,0.01068,2.628,0.011511,0.25096,104.21,6,trajectory,0.041077,1,0.13031,2.628,1,running,0.023546,0.036086,0.43684,0.006435,0.068461,176.15,-0.0079257,0.048692,7.6434,-0.037259,0.042882,119.26,-0.0070727,0.027921,-132.59,-0.010345,0.036973,-44.352,-0.0032331,0.056387,-130.08,-0.015008,0.072643,-97.426
22,1003.3,0.66,0.000726,0.0022,3,24,3.2039,0.017109,0.01068,2.544,0.010786,0.24293,104.21,6,trajectory,0.041077,1,0.13111,2.544,1,running,0.023546,0.036086,0.43684,0.006435,0.068461,176.15,-0.0079257,0.048692,7.6434,-0.037259,0.042882,119.26,-0.0070727,0.027921,-132.59,-0.010345,0.036973,-44.352,-0.0032331,0.056387,-130.08,-0.015008,0.072643,-97.426
23,1003.5,0.756,0.00095256,0.00252,3,24,3.2039,0.017109,0.01068,2.448,0.0099878,0.23377,104.21,6,trajectory,0.041077,1,0.15079,2.448,1,running,0.023546,0.036086,0.43684,0.006435,0.068461,176.15,-0.0079257,0.048692,7.6434,-0.037259,0.042882,119.26,-0.0070727,0.027921,-132.59,-0.010345,0.036973,-44.352,-0.0032331,0.056387,-130.08,-0.015008,0.072643,-97.426
24,1003.6,0.852,0.0012098,0.00284,4,24,4.2839,0.030587,0.01428,3.4319,0.019631,0.32773,104.21,6,trajectory,0.041077,1,0.13124,2.352,1,running,0.023546,0.036086,0.43684,0.006435,0.068461,176.15,-0.0079257,0.048692,7.6434,-0.037259,0.042882,119.26,-0.0070727,0.027921,-132.59,-0.010345,0.036973,-44.352,-0.0032331,0.056387,-130.08,-0.015008,0.072643,-97.426
25,1003.8,0.948,0.0014978,0.00316,4,24,4.2839,0.030587,0.01428,3.3359,0.018548,0.31856,104.21,6,trajectory,0.041077,1,0.13287,3.336,1,running,0.023546,0.036086,0.43684,0.006435,0.068461,176.15,-0.0079257,0.048692,7.6434,-0.037259,0.042882,119.26,-0.0070727,0.027921,-132.59,-0.010345,0.036973,-44.352,-0.0032331,0.056387,-130.08,-0.015008,0.072643,-97.426
26,1003.9,1.044,0.0018166,0.00348,4,24,4.2839,0.030587,0.01428,3.2399,0.017496,0.3094,104.21,6,trajectory,0.041077,1,0.1316,3.24,1,running,0.023546,0.036086,0.43684,0.006435,0.068461,176.15,-0.0079257,0.048692,7.6434,-0.037259,0.042882,119.26,-0.0070727,0.027921,-132.59,-0.010345,0.036973,-44.352,-0.0032331,0.056387,-130.08,-0.015008,0.072643,-97.426
27,1004.1,1.128,0.0021206,0.00376,4,24,4.2839,0.030587,0.01428,3.1559,0.0166,0.30138,104.21,6,trajectory,0.041077,1,0.13295,3.156,1,running,0.023546,0.036086,0.43683,0.006435,0.068461,176.15,-0.0079257,0.048692,7.6434,-0.037259,0.042882,119.26,-0.0070727,0.027921,-132.59,-0.010345,0.036973,-44.352,-0.0032331,0.056387,-130.08,-0.015008,0.072643,-97.426
28,1004.2,1.224,0.002497,0.00408,4,24,4.2839,0.030587,0.01428,3.0599,0.015606,0.29221,104.21,6,trajectory,0.041077,1,0.13075,3.06,1,running,0.023546,0.036086,0.43684,0.006435,0.068461,176.15,-0.0079257,0.048692,7.6434,-0.037259,0.042882,119.26,-0.0070727,0.027921,-132.59,-0.010345,0.036973,-44.352,-0.0032331,0.056387,-130.08,-0.015008,0.072643,-97.426
29,1004.4,1.308,0.0028514,0.00436,4,24,4.2839,0.030587,0.01428,2.976,0.014761,0.28419,104.21,6,trajectory,0.041077,1,0.13219,2.976,1,running,0.023546,0.036086,0.43684,0.006435,0.068461,176.15,-0.0079257,0.048692,7.6434,-0.037259,0.042882,119.26,-0.0070727,0.027921,-132.59,-0.010345,0.036973,-44.352,-0.0032331,0.056387,-130.08,-0.015008,0.072643,-97.426
30,1004.5,1.404,0.0032854,0.00468,4,24,4.2839,0.030587,0.01428,2.88,0.013824,0.27502,104.21,6,trajectory,0.041077,1,0.13509,2.88,1,running,0.023546,0.036086,0.43684,0.006435,0.068461,176.15,-0.0079257,0.048692,7.6434,-0.037259,0.042882,119.26,-0.0070727,0.027921,-132.59,-0.010345,0.036973,-44.352,-0.0032331,0.056387,-130.08,-0.015008,0.072643,-97.426
31,1004.7,1.488,0.0036902,0.00496,4,24,4.2839,0.030587,0.01428,2.796,0.013029,0.267,104.21,6,trajectory,0.041077,1,0.13354,2.796,1,running,0.023546,0.036086,0.43683,0.006435,0.068461,176.15,-0.0079257,0.048692,7.6434,-0.037259,0.042882,119.26,-0.0070727,0.027921,-132.59,-0.010345,0.036973,-44.352,-0.0032331,0.056387,-130.08,-0.015008,0.072643,-97.426
32,1004.8,1.584,0.0041818,0.00528,4,24,4.2839,0.030587,0.01428,2.7,0.01215,0.25783,104.21,6,trajectory,0.041077,1,0.13064,2.7,1,running,0.023546,0.036086,0.43683,0.006435,0.068461,176.15,-0.0079257,0.048692,7.6434,-0.037259,0.042882,119.26,-0.0070727,0.027921,-132.59,-0.010345,0.036973,-44.352,-0.0032331,0.056387,-130.08,-0.015008,0.072643,-97.426
33,1005,1.668,0.004637,0.00556,4,24,4.2839,0.030587,0.01428,2.616,0.011406,0.24981,104.21,6,trajectory,0.041077,1,0.13207,2.616,1,running,0.023546,0.036086,0.43684,0.006435,0.068461,176.15,-0.0079257,0.048692,7.6434,-0.037259,0.042882,119.26,-0.0070727,0.027921,-132.59,-0.010345,0.036973,-44.352,-0.0032331,0.056387,-130.08,-0.015008,0.072643,-97.426
34,1005.1,1.764,0.0051861,0.00588,4,24,4.2839,0.030587,0.01428,2.52,0.010584,0.24064,104.21,6,trajectory,0.041077,1,0.13387,2.52,1,running,0.023546,0.036086,0.43684,0.006435,0.068461,176.15,-0.0079257,0.048692,7.6434,-0.037259,0.042882,119.26,-0.0070727,0.027921,-132.59,-0.010345,0.036973,-44.352,-0.0032331,0.056387,-130.08,-0.015008,0.072643,-97.426
35,1005.3,1.86,0.005766,0.0062,4,24,4.2839,0.030587,0.01428,2.424,0.0097929,0.23147,104.21,6,trajectory,0.041077,1,0.13147,2.424,1,running,0.023546,0.036086,0.43684,0.006435,0.068461,176.15,-0.0079257,0.048692,7.6434,-0.037259,0.042882,119.26,-0.0070727,0.027921,-132.59,-0.010345,0.036973,-44.352,-0.0032331,0.056387,-130.08,-0.015008,0.072643,-97.426
36,1005.4,1.944,0.0062985,0.00648,5,24,5.3637,0.047953,0.01788,3.4199,0.019494,0.32659,104.21,6,trajectory,0.041077,1,0.13566,2.34,1,running,0.023546,0.036086,0.43683,0.006435,0.068461,176.15,-0.0079257,0.048692,7.6434,-0.037259,0.042882,119.26,-0.0070727,0.027921,-132.59,-0.010345,0.036973,-44.352,-0.0032331,0.056387,-130.08,-0.015008,0.072643,-97.426
37,1005.6,2.04,0.006936,0.0068,5,24,5.3637,0.047953,0.01788,3.3239,0.018415,0.31742,104.21,6,trajectory,0.041077,1,0.13153,3.324,1,running,0.023546,0.036086,0.43684,0.006435,0.068461,176.15,-0.0079257,0.048692,7.6434,-0.037259,0.042882,119.26,-0.0070727,0.027921,-132.59,-0.010345,0.036973,-44.352,-0.0032331,0.056387,-130.08,-0.015008,0.072643,-97.426
38,1005.8,2.136,0.0076041,0.00712,5,24,5.3637,0.047953,0.01788,3.2279,0.017366,0.30825,104.21,6,trajectory,0.041077,1,0.13238,3.228,1,running,0.023546,0.036086,0.43684,0.006435,0.068461,176.15,-0.0079257,0.048692,7.6434,-0.037259,0.042882,119.26,-0.0070727,0.027921,-132.59,-0.010345,0.036973,-44.352,-0.0032331,0.056387,-130.08,-0.015008,0.072643,-97.426
39,1005.9,2.22,0.008214,0.0074,5,24,5.3637,0.047953,0.01788,3.1439,0.016474,0.30023,104.21,6,trajectory,0.041077,1,0.13816,3.144,1,running,0.023546,0.036086,0.43684,0.006435,0.068461,176.15,-0.0079257,0.048692,7.6434,-0.037259,0.042882,119.26,-0.0070727,0.027921,-132.59,-0.010345,0.036973,-44.352,-0.0032331,0.056387,-130.08,-0.015008,0.072643,-97.426
40,1006.1,2.316,0.0089397,0.00772,5,24,5.3637,0.047953,0.01788,3.0479,0.015484,0.29106,104.21,6,trajectory,0.041077,1,0.15496,3.048,1,running,0.023546,0.036086,0.43684,0.006435,0.068461,176.15,-0.0079257,0.048692,7.6434,-0.037259,0.042882,119.26,-0.0070727,0.027921,-132.59,-0.010345,0.036973,-44.352,-0.0032331,0.056387,-130.08,-0.015008,0.072643,-97.426
41,1006.2,2.424,0.0097929,0.00808,5,24,5.3637,0.047953,0.01788,2.94,0.014406,0.28075,104.21,6,trajectory,0.041077,1,0.16031,2.94,1,running,0.023546,0.036086,0.43683,0.006435,0.068461,176.15,-0.0079257,0.048692,7.6434,-0.037259,0.042882,119.26,-0.0070727,0.027921,-132.59,-0.010345,0.036973,-44.352,-0.0032331,0.056387,-130.08,-0.015008,0.072643,-97.426
42,1006.4,2.532,0.010685,0.00844,5,24,5.3637,0.047953,0.01788,2.832,0.013367,0.27044,104.21,6,trajectory,0.041077,1,0.1414,2.832,1,running,0.023546,0.036086,0.43683,0.006435,0.068461,176.15,-0.0079257,0.048692,7.6434,-0.037259,0.042882,119.26,-0.0070727,0.027921,-132.59,-0.010345,0.036973,-44.352,-0.0032331,0.056387,-130.08,-0.015008,0.072643,-97.426
43,1006.6,2.628,0.011511,0.00876,5,24,5.3637,0.047953,0.01788,2.736,0.012476,0.26127,104.21,6,trajectory,0.041077,1,0.13503,2.736,1,running,0.023546,0.036086,0.43683,0.006435,0.068461,176.15,-0.0079257,0.048692,7.6434,-0.037259,0.042882,119.26,-0.0070727,0.027921,-132.59,-0.010345,0.036973,-44.352,-0.0032331,0.056387,-130.08,-0.015008,0.072643,-97.426
44,1006.7,2.712,0.012258,0.00904,5,24,5.3637,0.047953,0.01788,2.652,0.011722,0.25325,104.21,6,trajectory,0.041077,1,0.13436,2.652,1,running,0.023546,0.036086,0.43684,0.006435,0.068461,176.15,-0.0079257,0.048692,7.6434,-0.037259,0.042882,119.26,-0.0070727,0.027921,-132.59,-0.010345,0.036973,-44.352,-0.0032331,0.056387,-130.08,-0.015008,0.072643,-97.426
45,1006.9,2.808,0.013141,0.00936,5,24,5.3637,0.047953,0.01788,2.556,0.010888,0.24408,104.21,6,trajectory,0.041077,1,0.13909,2.556,1,running,0.023546,0.036086,0.43683,0.006435,0.068461,176.15,-0.0079257,0.048692,7.6434,-0.037259,0.042882,119.26,-0.0070727,0.027921,-132.59,-0.010345,0.036973,-44.352,-0.0032331,0.056387,-130.08,-0.015008,0.072643,-97.426
46,1007,2.904,0.014055,0.00968,5,24,5.3637,0.047953,0.01788,2.46,0.010086,0.23491,104.21,6,trajectory,0.041077,1,0.13892,2.46,1,running,0.023546,0.036086,0.43684,0.006435,0.068461,176.15,-0.0079257,0.048692,7.6434,-0.037259,0.042882,119.26,-0.0070727,0.027921,-132.59,-0.010345,0.036973,-44.352,-0.0032331,0.056387,-130.08,-0.015008,0.072643,-97.426
47,1007.2,3,0.015,0.01,6,24,6.4435,0.069206,0.02148,3.4439,0.019768,0.32888,104.21,6,trajectory,0.041077,1,0.13734,2.364,1,running,0.023546,0.036086,0.43684,0.006435,0.068461,176.15,-0.0079257,0.048692,7.6434,-0.037259,0.042882,119.26,-0.0070727,0.027921,-132.59,-0.010345,0.036973,-44.352,-0.0032331,0.056387,-130.08,-0.015008,0.072643,-97.426
48,1007.4,3.0839,0.015852,0.01028,6,24,6.4435,0.069206,0.02148,3.3599,0.018816,0.32086,104.21,6,trajectory,0.041077,1,0.13897,3.36,1,running,0.023546,0.036086,0.43684,0.006435,0.068461,176.15,-0.0079257,0.048692,7.6434,-0.037259,0.042882,119.26,-0.0070727,0.027921,-132.59,-0.010345,0.036973,-44.352,-0.0032331,0.056387,-130.08,-0.015008,0.072643,-97.426
49,1007.5,3.1919,0.016981,0.01064,6,24,6.4435,0.069206,0.02148,3.2519,0.017626,0.31054,104.21,6,trajectory,0.041077,1,0.14613,3.252,1,running,0.023546,0.036086,0.43684,0.006435,0.068461,176.15,-0.0079257,0.048692,7.6434,-0.037259,0.042882,119.26,-0.0070727,0.027921,-132.59,-0.010345,0.036973,-44.352,-0.0032331,0.056387,-130.08,-0.015008,0.072643,-97.426
50,1007.7,3.2879,0.018018,0.01096,6,24,6.4435,0.069206,0.02148,3.1559,0.0166,0.30138,104.21,6,trajectory,0.041077,1,0.13362,3.156,1,running,0.023546,0.036086,0.43684,0.006435,0.068461,176.15,-0.0079257,0.048692,7.6434,-0.037259,0.042882,119.26,-0.0070727,0.027921,-132.59,-0.010345,0.036973,-44.352,-0.0032331,0.056387,-130.08,-0.015008,0.072643,-97.426
51,1007.8,3.3839,0.019086,0.01128,6,24,6.4435,0.069206,0.02148,3.0599,0.015606,0.29221,104.21,6,trajectory,0.041077,1,0.14245,3.06,1,running,0.023546,0.036086,0.43683,0.006435,0.068461,176.15,-0.0079257,0.048692,7.6434,-0.037259,0.042882,119.26,-0.0070727,0.027921,-132.59,-0.010345,0.036973,-44.352,-0.0032331,0.056387,-130.08,-0.015008,0.072643,-97.426
52,1008,3.4799,0.020184,0.0116,6,24,6.4435,0.069206,0.02148,2.964,0.014642,0.28304,104.21,6,trajectory,0.041077,1,0.1349,2.964,1,running,0.023546,0.036086,0.43683,0.006435,0.068461,176.15,-0.0079257,0.048692,7.6434,-0.037259,0.042882,119.26,-0.0070727,0.027921,-132.59,-0.010345,0.036973,-44.352,-0.0032331,0.056387,-130.08,-0.015008,0.072643,-97.426
53,1008.1,3.5639,0.02117,0.01188,6,24,6.4435,0.069206,0.02148,2.88,0.013824,0.27502,104.21,6,trajectory,0.041077,1,0.1446,2.88,1,running,0.023546,0.036086,0.43684,0.006435,0.068461,176.15,-0.0079257,0.048692,7.6434,-0.037259,0.042882,119.26,-0.0070727,0.027921,-132.59,-0.010345,0.036973,-44.352,-0.0032331,0.056387,-130.08,-0.015008,0.072643,-97.426
54,1008.3,3.6599,0.022326,0.0122,6,24,6.4435,0.069206,0.02148,2.784,0.012918,0.26585,104.21,6,trajectory,0.041077,1,0.14151,2.784,1,running,0.023546,0.036086,0.43683,0.006435,0.068461,176.15,-0.0079257,0.048692,7.6434,-0.037259,0.042882,119.26,-0.0070727,0.027921,-132.59,-0.010345,0.036973,-44.352,-0.0032331,0.056387,-130.08,-0.015008,0.072643,-97.426
55,1008.5,3.7559,0.023512,0.01252,6,24,6.4435,0.069206,0.02148,2.688,0.012042,0.25669,104.21,6,trajectory,0.041077,1,0.14302,2.688,1,running,0.023546,0.036086,0.43684,0.006435,0.068461,176.15,-0.0079257,0.048692,7.6434,-0.037259,0.042882,119.26,-0.0070727,0.027921,-132.59,-0.010345,0.036973,-44.352,-0.0032331,0.056387,-130.08,-0.015008,0.072643,-97.426
56,1008.6,3.8519,0.02473,0.01284,6,24,6.4435,0.069206,0.02148,2.592,0.011197,0.24752,104.21,6,trajectory,0.041077,1,0.14285,2.592,1,running,0.023546,0.036086,0.43683,0.006435,0.068461,176.15,-0.0079257,0.048692,7.6434,-0.037259,0.042882,119.26,-0.0070727,0.027921,-132.59,-0.010345,0.036973,-44.352,-0.0032331,0.056387,-130.08,-0.015008,0.072643,-97.426
57,1008.8,3.9479,0.025977,0.01316,6,24,6.4435,0.069206,0.02148,2.496,0.010383,0.23835,104.21,6,trajectory,0.041077,1,0.14412,2.496,1,running,0.023546,0.036086,0.43684,0.006435,0.068461,176.15,-0.0079257,0.048692,7.6434,-0.037259,0.042882,119.26,-0.0070727,0.027921,-132.59,-0.010345,0.036973,-44.352,-0.0032331,0.056387,-130.08,-0.015008,0.072643,-97.426
58,1009,4.0439,0.027256,0.01348,7,24,7.4382,0.19515,0.37631,3.3962,0.12212,2.0594,104.21,6,trajectory,0.041077,1,0.14282,2.4,1,running,0.023546,0.036086,0.43684,0.006435,0.068461,176.15,-0.0079257,0.048692,7.6434,-0.037259,0.042882,119.26,-0.0070727,0.027921,-132.59,-0.010345,0.036973,-44.352,-0.0032331,0.056387,-130.08,-0.015008,0.072643,-97.426
59,1009.1,4.1399,0.028566,0.0138,7,24,7.4382,0.19515,0.37631,3.3003,0.12105,2.1006,104.21,6,trajectory,0.041077,1,0.14357,3.3025,1,running,0.023546,0.036086,0.43684,0.006435,0.068461,176.15,-0.0079257,0.048692,7.6434,-0.037259,0.042882,119.26,-0.0070727,0.027921,-132.59,-0.010345,0.036973,-44.352,-0.0032331,0.056387,-130.08,-0.015008,0.072643,-97.426
60,1009.3,4.2479,0.030075,0.01416,7,24,7.4382,0.19515,0.37631,3.1923,0.11988,2.1506,104.21,6,trajectory,0.041077,1,0.14065,3.1946,1,running,0.023546,0.036086,0.43684,0.006435,0.068461,176.15,-0.0079257,0.048692,7.6434,-0.037259,0.042882,119.26,-0.0070727,0.027921,-132.59,-0.010345,0.036973,-44.352,-0.0032331,0.056387,-130.08,-0.015008,0.072643,-97.426
61,1009.4,4.3438,0.03145,0.01448,7,24,7.4382,0.19515,0.37631,3.0964,0.11888,2.1986,104.21,6,trajectory,0.041077,1,0.16857,3.0986,1,running,0.023546,0.036086,0.43684,0.006435,0.068461,176.15,-0.0079257,0.048692,7.6434,-0.037259,0.042882,119.26,-0.0070727,0.027921,-132.59,-0.010345,0.036973,-44.352,-0.0032331,0.056387,-130.08,-0.015008,0.072643,-97.426
62,1009.6,4.4638,0.033212,0.01488,7,24,7.4382,0.19515,0.37631,2.9764,0.11766,2.2638,104.21,6,trajectory,0.041077,1,0.14242,2.9787,1,running,0.023546,0.036086,0.43684,0.006435,0.068461,176.15,-0.0079257,0.048692,7.6434,-0.037259,0.042882,119.26,-0.0070727,0.027921,-132.59,-0.010345,0.036973,-44.352,-0.0032331,0.056387,-130.08,-0.015008,0.072643,-97.426
63,1009.8,4.5598,0.034655,0.0152,7,24,7.4382,0.19515,0.37631,2.8804,0.11672,2.3205,104.21,6,trajectory,0.041077,1,0.15294,2.8828,1,running,0.023546,0.036086,0.43683,0.006435,0.068461,176.15,-0.0079257,0.048692,7.6434,-0.037259,0.042882,119.26,-0.0070727,0.027921,-132.59,-0.010345,0.036973,-44.352,-0.0032331,0.056387,-130.08,-0.015008,0.072643,-97.426
64,1010,4.6558,0.03613,0.01552,7,24,7.4382,0.19515,0.37631,2.7845,0.11582,2.3818,104.21,6,trajectory,0.041077,1,0.1591,2.7869,1,running,0.023546,0.036086,0.43684,0.006435,0.068461,176.15,-0.0079257,0.048692,7.6434,-0.037259,0.042882,119.26,-0.0070727,0.027921,-132.59,-0.010345,0.036973,-44.352,-0.0032331,0.056387,-130.08,-0.015008,0.072643,-97.426
65,1010.1,4.7638,0.037825,0.01588,7,24,7.4382,0.19515,0.37631,2.6765,0.11483,2.4567,104.21,6,trajectory,0.041077,1,0.15748,2.679,1,running,0.023546,0.036086,0.43684,0.006435,0.068461,176.15,-0.0079257,0.048692,7.6434,-0.037259,0.042882,119.26,-0.0070727,0.027921,-132.59,-0.010345,0.036973,-44.352,-0.0032331,0.056387,-130.08,-0.015008,0.072643,-97.426
66,1010.3,4.8718,0.03956,0.01624,7,24,7.4382,0.19515,0.37631,2.5686,0.11389,2.5388,104.21,6,trajectory,0.041077,1,0.16572,2.5711,1,running,0.023546,0.036086,0.43684,0.006435,0.068461,176.15,-0.0079257,0.048692,7.6434,-0.037259,0.042882,119.26,-0.0070727,0.027921,-132.59,-0.010345,0.036973,-44.352,-0.0032331,0.056387,-130.08,-0.015008,0.072643,-97.426
67,1010.5,4.9918,0.041532,0.01664,7,24,7.4382,0.19515,0.37631,2.4486,0.11289,2.6396,104.21,6,trajectory,0.041077,1,0.1525,2.4512,1,running,0.023546,0.036086,0.43684,0.006435,0.068461,176.15,-0.0079257,0.048692,7.6434,-0.037259,0.042882,119.26,-0.0070727,0.027921,-132.59,-0.010345,0.036973,-44.352,-0.0032331,0.056387,-130.08,-0.015008,0.072643,-97.426
68,1010.7,5.0878,0.043145,0.01696,8,24,8.1293,0.88577,1.2068,3.0554,0.79092,14.513,104.21,6,trajectory,0.041077,1,0.14487,2.3553,1,running,0.023546,0.036086,0.43683,0.006435,0.068461,176.15,-0.0079257,0.048692,7.6434,-0.037259,0.042882,119.26,-0.0070727,0.027921,-132.59,-0.010345,0.036973,-44.352,-0.0032331,0.056387,-130.08,-0.015008,0.072643,-97.426
69,1010.9,5.1837,0.044789,0.01728,8,24,8.1293,0.88577,1.2068,2.9597,0.78995,14.944,104.21,6,trajectory,0.041077,1,0.14082,3.0633,1,running,0.023546,0.036086,0.43684,0.006435,0.068461,176.15,-0.0079257,0.048692,7.6434,-0.037259,0.042882,119.26,-0.0070727,0.027921,-132.59,-0.010345,0.036973,-44.352,-0.0032331,0.056387,-130.08,-0.015008,0.072643,-97.426
70,1011,5.2917,0.046674,0.01764,8,24,8.1293,0.88577,1.2068,2.8519,0.78891,15.463,104.21,6,trajectory,0.041077,1,0.13567,2.959,1,running,0.023546,0.036086,0.43683,0.006435,0.068461,176.15,-0.0079257,0.048692,7.6434,-0.037259,0.042882,119.26,-0.0070727,0.027921,-132.59,-0.010345,0.036973,-44.352,-0.0032331,0.056387,-130.08,-0.015008,0.072643,-97.426
71,1011.2,5.3877,0.048383,0.01796,8,24,8.1293,0.88577,1.2068,2.7562,0.78801,15.956,104.21,6,trajectory,0.041077,1,0.14394,2.8666,1,running,0.023546,0.036086,0.43683,0.006435,0.068461,176.15,-0.0079257,0.048692,7.6434,-0.037259,0.042882,119.26,-0.0070727,0.027921,-132.59,-0.010345,0.036973,-44.352,-0.0032331,0.056387,-130.08,-0.015008,0.072643,-97.426
72,1011.3,5.4837,0.050122,0.01828,8,24,8.1293,0.88577,1.2068,2.6604,0.78714,16.482,104.21,6,trajectory,0.041077,1,0.13752,2.7744,1,running,0.023546,0.036086,0.43683,0.006435,0.068461,176.15,-0.0079257,0.048692,7.6434,-0.037259,0.042882,119.26,-0.0070727,0.027921,-132.59,-0.010345,0.036973,-44.352,-0.0032331,0.056387,-130.08,-0.015008,0.072643,-97.426
73,1011.5,5.5797,0.051893,0.0186,8,24,8.1293,0.88577,1.2068,2.5647,0.78631,17.045,104.21,6,trajectory,0.041077,1,0.14095,2.6825,1,running,0.023546,0.036086,0.43684,0.006435,0.068461,176.15,-0.0079257,0.048692,7.6434,-0.037259,0.042882,119.26,-0.0070727,0.027921,-132.59,-0.010345,0.036973,-44.352,-0.0032331,0.056387,-130.08,-0.015008,0.072643,-97.426
74,1011.7,5.6757,0.053693,0.01892,8,24,8.1293,0.88577,1.2068,2.4689,0.7855,17.649,104.21,6,trajectory,0.041077,1,0.13517,2.5909,1,running,0.023546,0.036086,0.43684,0.006435,0.068461,176.15,-0.0079257,0.048692,7.6434,-0.037259,0.042882,119.26,-0.0070727,0.027921,-132.59,-0.010345,0.036973,-44.352,-0.0032331,0.056387,-130.08,-0.015008,0.072643,-97.426
75,1011.8,5.7596,0.055294,0.0192,8,24,8.1293,0.88577,1.2068,2.3852,0.78482,18.213,104.21,6,trajectory,0.041077,1,0.14118,2.511,1,running,0.023546,0.036086,0.43684,0.006435,0.068461,176.15,-0.0079257,0.048692,7.6434,-0.037259,0.042882,119.26,-0.0070727,0.027921,-132.59,-0.010345,0.036973,-44.352,-0.0032331,0.056387,-130.08,-0.015008,0.072643,-97.426
76,1012,5.8556,0.057153,0.01952,8,24,8.1293,0.88577,1.2068,2.2894,0.78408,18.905,104.21,6,trajectory,0.041077,1,0.13529,2.42,1,running,0.023546,0.036086,0.43683,0.006435,0.068461,176.15,-0.0079257,0.048692,7.6434,-0.037259,0.042882,119.26,-0.0070727,0.027921,-132.59,-0.010345,0.036973,-44.352,-0.0032331,0.056387,-130.08,-0.015008,0.072643,-97.426
77,1012.1,5.9516,0.059042,0.01984,9,24,8.2082,1.9457,1.6302,2.2936,1.8415,38.761,104.21,6,trajectory,0.041077,1,0.13656,2.3293,1,running,0.023546,0.036086,0.43684,0.006435,0.068461,176.15,-0.0079257,0.048692,7.6434,-0.037259,0.042882,119.26,-0.0070727,0.027921,-132.59,-0.010345,0.036973,-44.352,-0.0032331,0.056387,-130.08,-0.015008,0.072643,-97.426
78,1012.3,6.0476,0.060962,0.02016,9,24,8.2082,1.9457,1.6302,2.1982,1.8408,39.944,104.21,6,trajectory,0.041077,1,0.13314,2.8671,1,running,0.023546,0.036086,0.43683,0.006435,0.068461,176.15,-0.0079257,0.048692,7.6434,-0.037259,0.042882,119.26,-0.0070727,0.027921,-132.59,-0.010345,0.036973,-44.352,-0.0032331,0.056387,-130.08,-0.015008,0.072643,-97.426
79,1012.4,6.1436,0.062912,0.02048,9,24,8.2082,1.9457,1.6302,2.1028,1.8401,41.189,104.21,6,trajectory,0.041077,1,0.13429,2.7942,1,running,0.023546,0.036086,0.43684,0.006435,0.068461,176.15,-0.0079257,0.048692,7.6434,-0.037259,0.042882,119.26,-0.0070727,0.027921,-132.59,-0.010345,0.036973,-44.352,-0.0032331,0.056387,-130.08,-0.015008,0.072643,-97.426
80,1012.6,6.2396,0.064894,0.0208,9,24,8.2082,1.9457,1.6302,2.0073,1.8395,42.501,104.21,6,trajectory,0.041077,1,0.13194,2.7227,1,running,0.023546,0.036086,0.43684,0.006435,0.068461,176.15,-0.0079257,0.048692,7.6434,-0.037259,0.042882,119.26,-0.0070727,0.027921,-132.59,-0.010345,0.036973,-44.352,-0.0032331,0.056387,-130.08,-0.015008,0.072643,-97.426
81,1012.7,6.3235,0.066652,0.02108,9,24,8.2082,1.9457,1.6302,1.9239,1.8389,43.707,104.21,6,trajectory,0.041077,1,0.13734,2.6614,1,running,0.023546,0.036086,0.43684,0.006435,0.068461,176.15,-0.0079257,0.048692,7.6434,-0.037259,0.042882,119.26,-0.0070727,0.027921,-132.59,-0.010345,0.036973,-44.352,-0.0032331,0.056387,-130.08,-0.015008,0.072643,-97.426
82,1012.9,6.4195,0.068691,0.0214,9,24,8.2082,1.9457,1.6302,1.8285,1.8383,45.154,104.21,6,trajectory,0.041077,1,0.13282,2.5928,1,running,0.023546,0.036086,0.43684,0.006435,0.068461,176.15,-0.0079257,0.048692,7.6434,-0.037259,0.042882,119.26,-0.0070727,0.027921,-132.59,-0.010345,0.036973,-44.352,-0.0032331,0.056387,-130.08,-0.015008,0.072643,-97.426
83,1013.1,6.5155,0.070761,0.021753,9,24,8.2082,1.9457,1.6302,1.7331,1.8377,46.677,104.21,6,trajectory,0.041077,1,0.13723,2.526,1,running,0.023546,0.036086,0.43683,0.006435,0.068461,176.15,-0.0079257,0.048692,7.6434,-0.037259,0.042882,119.26,-0.0070727,0.027921,-132.59,-0.010345,0.036973,-44.352,-0.0032331,0.056387,-130.08,-0.015008,0.072643,-97.426
84,1013.2,6.6111,0.072898,0.023606,9,24,8.2082,1.9457,1.6302,1.6409,1.8346,48.19,104.21,6,trajectory,0.041077,1,0.13346,2.4614,1,running,0.023546,0.036086,0.43684,0.006435,0.068461,176.15,-0.0079257,0.048692,7.6434,-0.037259,0.042882,119.26,-0.0070727,0.027921,-132.59,-0.010345,0.036973,-44.352,-0.0032331,0.056387,-130.08,-0.015008,0.072643,-97.426
85,1013.4,6.6936,0.075048,0.029236,10,24,8.1534,3.0173,1.6101,1.5452,2.8983,61.937,104.21,6,trajectory,0.041077,1,0.13466,2.407,1,running,0.023546,0.036086,0.43683,0.006435,0.068461,176.15,-0.0079257,0.048692,7.6434,-0.037259,0.042882,119.26,-0.0070727,0.027921,-132.59,-0.010345,0.036973,-44.352,-0.0032331,0.056387,-130.08,-0.015008,0.072643,-97.426
86,1013.5,6.786,0.078279,0.042392,10,24,8.1534,3.0173,1.6101,1.4907,2.8784,62.621,104.21,6,trajectory,0.041077,1,0.16058,3.2415,1,running,0.023546,0.036086,0.43684,0.006435,0.068461,176.15,-0.0079257,0.048692,7.6434,-0.037259,0.042882,119.26,-0.0070727,0.027921,-132.59,-0.010345,0.036973,-44.352,-0.0032331,0.056387,-130.08,-0.015008,0.072643,-97.426
87,1013.7,6.8983,0.084465,0.069852,10,24,8.1534,3.0173,1.6101,1.4568,2.8381,62.829,104.21,6,trajectory,0.041077,1,0.1482,3.1901,1,running,0.023546,0.036086,0.43683,0.006435,0.068461,176.15,-0.0079257,0.048692,7.6434,-0.037259,0.042882,119.26,-0.0070727,0.027921,-132.59,-0.010345,0.036973,-44.352,-0.0032331,0.056387,-130.08,-0.015008,0.072643,-97.426
88,1013.9,6.9856,0.091826,0.099798,10,24,8.1534,3.0173,1.6101,1.4535,2.7946,62.521,104.21,6,trajectory,0.041077,1,0.15849,3.15,1,running,0.023546,0.036086,0.43684,0.006435,0.068461,176.15,-0.0079257,0.048692,7.6434,-0.037259,0.042882,119.26,-0.0070727,0.027921,-132.59,-0.010345,0.036973,-44.352,-0.0032331,0.056387,-130.08,-0.015008,0.072643,-97.426
89,1014.1,7.0806,0.10327,0.14188,10,24,8.1534,3.0173,1.6101,1.4741,2.7331,61.66,104.21,6,trajectory,0.041077,1,0.13609,3.1053,1,running,0.023546,0.036086,0.43684,0.006435,0.068461,176.15,-0.0079257,0.048692,7.6434,-0.037259,0.042882,119.26,-0.0070727,0.027921,-132.59,-0.010345,0.036973,-44.352,-0.0032331,0.056387,-130.08,-0.015008,0.072643,-97.426
90,1014.2,7.1621,0.1167,0.18579,10,24,8.1534,3.0173,1.6101,1.51,2.6676,60.488,104.21,6,trajectory,0.041077,1,0.13706,3.0653,1,running,0.023546,0.036086,0.43684,0.006435,0.068461,176.15,-0.0079257,0.048692,7.6434,-0.037259,0.042882,119.26,-0.0070727,0.027921,-132.59,-0.010345,0.036973,-44.352,-0.0032331,0.056387,-130.08,-0.015008,0.072643,-97.426
91,1014.4,7.2413,0.13355,0.23419,10,24,8.1534,3.0173,1.6101,1.5563,2.5934,59.032,104.21,6,trajectory,0.041077,1,0.14137,3.0245,1,running,0.023546,0.036086,0.43683,0.006435,0.068461,176.15,-0.0079257,0.048692,7.6434,-0.037259,0.042882,119.26,-0.0070727,0.027921,-132.59,-0.010345,0.036973,-44.352,-0.0032331,0.056387,-130.08,-0.015008,0.072643,-97.426
92,1014.6,7.3182,0.15398,0.28614,10,24,8.1534,3.0173,1.6101,1.6094,2.5112,57.344,104.21,6,trajectory,0.041077,1,0.13404,2.9826,1,running,0.023546,0.036086,0.43684,0.006435,0.068461,176.15,-0.0079257,0.048692,7.6434,-0.037259,0.042882,119.26,-0.0070727,0.027921,-132.59,-0.010345,0.036973,-44.352,-0.0032331,0.056387,-130.08,-0.015008,0.072643,-97.426
93,1014.7,7.3928,0.17816,0.3409,10,24,8.1534,3.0173,1.6101,1.666,2.4215,55.472,104.21,6,trajectory,0.041077,1,0.13573,2.9393,1,running,0.023546,0.036086,0.43684,0.006435,0.068461,176.15,-0.0079257,0.048692,7.6434,-0.037259,0.042882,119.26,-0.0070727,0.027921,-132.59,-0.010345,0.036973,-44.352,-0.0032331,0.056387,-130.08,-0.015008,0.072643,-97.426
94,1014.9,7.4648,0.20599,0.39792,10,24,8.1534,3.0173,1.6101,1.7242,2.3248,53.438,104.21,6,trajectory,0.041077,1,0.13564,2.8944,1,running,0.023546,0.036086,0.43684,0.006435,0.068461,176.15,-0.0079257,0.048692,7.6434,-0.037259,0.042882,119.26,-0.0070727,0.027921,-132.59,-0.010345,0.036973,-44.352,-0.0032331,0.056387,-130.08,-0.015008,0.072643,-97.426
95,1015,7.5345,0.23773,0.45665,10,24,8.1534,3.0173,1.6101,1.7811,2.2219,51.283,104.21,6,trajectory,0.041077,1,0.13357,2.8476,1,running,0.023546,0.036086,0.43684,0.006435,0.068461,176.15,-0.0079257,0.048692,7.6434,-0.037259,0.042882,119.26,-0.0070727,0.027921,-132.59,-0.010345,0.036973,-44.352,-0.0032331,0.056387,-130.08,-0.015008,0.072643,-97.426
96,1015.2,7.5938,0.26884,0.50921,10,24,8.1534,3.0173,1.6101,1.8284,2.127,49.317,104.21,6,trajectory,0.041077,1,0.14168,2.8048,1,running,0.023546,0.036086,0.43684,0.006435,0.068461,176.15,-0.0079257,0.048692,7.6434,-0.037259,0.042882,119.26,-0.0070727,0.027921,-132.59,-0.010345,0.036973,-44.352,-0.0032331,0.056387,-130.08,-0.015008,0.072643,-97.426
97,1015.3,7.6588,0.30777,0.57022,10,24,8.1534,3.0173,1.6101,1.879,2.0139,46.985,104.21,6,trajectory,0.041077,1,0.13174,2.7543,1,running,0.023546,0.036086,0.43683,0.006435,0.068461,176.15,-0.0079257,0.048692,7.6434,-0.037259,0.042882,119.26,-0.0070727,0.027921,-132.59,-0.010345,0.036973,-44.352,-0.0032331,0.056387,-130.08,-0.015008,0.072643,-97.426
98,1015.5,7.7209,0.35028,0.63197,10,24,8.1534,3.0173,1.6101,1.9245,1.8964,44.579,104.21,6,trajectory,0.041077,1,0.14352,2.7019,1,running,0.023546,0.036086,0.43684,0.006435,0.068461,176.15,-0.0079257,0.048692,7.6434,-0.037259,0.042882,119.26,-0.0070727,0.027921,-132.59,-0.010345,0.036973,-44.352,-0.0032331,0.056387,-130.08,-0.015008,0.072643,-97.426
99,1015.6,7.7802,0.39663,0.6945,10,24,8.1534,3.0173,1.6101,1.964,1.7748,42.103,104.21,6,trajectory,0.041077,1,0.14208,2.6471,1,running,0.023546,0.036086,0.43684,0.006435,0.068461,176.15,-0.0079257,0.048692,7.6434,-0.037259,0.042882,119.26,-0.0070727,0.027921,-132.59,-0.010345,0.036973,-44.352,-0.0032331,0.056387,-130.08,-0.015008,0.072643,-97.426
100,1015.8,7.8364,0.44655,0.75749,10,24,8.1534,3.0173,1.6101,1.9967,1.65,39.57,104.21,6,trajectory,0.041077,1,0.13619,2.5902,1,running,0.023546,0.036086,0.43683,0.006435,0.068461,176.15,-0.0079257,0.048692,7.6434,-0.037259,0.042882,119.26,-0.0070727,0.027921,-132.59,-0.010345,0.036973,-44.352,-0.0032331,0.056387,-130.08,-0.015008,0.072643,-97.426
101,1016,7.8889,0.49944,0.82046,10,24,8.1534,3.0173,1.6101,2.0221,1.5235,36.995,104.21,6,trajectory,0.041077,1,0.13699,2.5317,1,running,0.023546,0.036086,0.43684,0.006435,0.068461,176.15,-0.0079257,0.048692,7.6434,-0.037259,0.042882,119.26,-0.0070727,0.027921,-132.59,-0.010345,0.036973,-44.352,-0.0032331,0.056387,-130.08,-0.015008,0.072643,-97.426
102,1016.1,7.938,0.55556,0.88363,10,24,8.1534,3.0173,1.6101,2.0397,1.3951,34.372,104.21,6,trajectory,0.041077,1,0.13354,2.4712,1,running,0.023546,0.036086,0.43684,0.006435,0.068461,176.15,-0.0079257,0.048692,7.6434,-0.037259,0.042882,119.26,-0.0070727,0.027921,-132.59,-0.010345,0.036973,-44.352,-0.0032331,0.056387,-130.08,-0.015008,0.072643,-97.426
103,1016.3,7.9782,0.60739,0.93917,11,24,8.0973,4.0656,1.7128,2.8613,1.9458,34.217,104.21,6,trajectory,0.041077,1,0.13997,2.4163,1,running,0.023546,0.036086,0.43684,0.006435,0.068461,176.15,-0.0079257,0.048692,7.6434,-0.037259,0.042882,119.26,-0.0070727,0.027921,-132.59,-0.010345,0.036973,-44.352,-0.0032331,0.056387,-130.08,-0.015008,0.072643,-97.426
104,1016.4,8.0203,0.6689,1.0023,11,24,8.0973,4.0656,1.7128,2.9039,1.7636,31.271,104.21,6,trajectory,0.041077,1,0.13391,3.3975,1,running,0.023546,0.036086,0.43684,0.006435,0.068461,176.15,-0.0079257,0.048692,7.6434,-0.037259,0.042882,119.26,-0.0070727,0.027921,-132.59,-0.010345,0.036973,-44.352,-0.0032331,0.056387,-130.08,-0.015008,0.072643,-97.426
105,1016.6,8.063,0.74133,1.0735,11,24,8.0973,4.0656,1.7128,2.9379,1.5557,27.903,104.21,6,trajectory,0.041077,1,0.13426,3.3244,1,running,0.023546,0.036086,0.43684,0.006435,0.068461,176.15,-0.0079257,0.048692,7.6434,-0.037259,0.042882,119.26,-0.0070727,0.027921,-132.59,-0.010345,0.036973,-44.352,-0.0032331,0.056387,-130.08,-0.015008,0.072643,-97.426
106,1016.7,8.0926,0.7997,1.1287,11,24,8.0973,4.0656,1.7128,2.9539,1.393,25.247,104.21,6,trajectory,0.041077,1,0.13659,3.2659,1,running,0.023546,0.036086,0.43683,0.006435,0.068461,176.15,-0.0079257,0.048692,7.6434,-0.037259,0.042882,119.26,-0.0070727,0.027921,-132.59,-0.010345,0.036973,-44.352,-0.0032331,0.056387,-130.08,-0.015008,0.072643,-97.426
107,1016.9,8.1225,0.86838,1.1915,11,24,8.0973,4.0656,1.7128,2.9606,1.2072,22.184,104.21,6,trajectory,0.041077,1,0.13453,3.1973,1,running,0.023546,0.036086,0.43684,0.006435,0.068461,176.15,-0.0079257,0.048692,7.6434,-0.037259,0.042882,119.26,-0.0070727,0.027921,-132.59,-0.010345,0.036973,-44.352,-0.0032331,0.056387,-130.08,-0.015008,0.072643,-97.426
108,1017.1,8.1453,0.93031,1.2454,11,24,8.0973,4.0656,1.7128,2.9554,1.0477,19.52,104.21,6,trajectory,0.041077,1,0.14001,3.1356,1,running,0.023546,0.036086,0.43684,0.006435,0.068461,176.15,-0.0079257,0.048692,7.6434,-0.037259,0.042882,119.26,-0.0070727,0.027921,-132.59,-0.010345,0.036973,-44.352,-0.0032331,0.056387,-130.08,-0.015008,0.072643,-97.426
109,1017.2,8.1676,1.0035,1.3049,11,24,8.0973,4.0656,1.7128,2.936,0.87232,16.547,104.21,6,trajectory,0.041077,1,0.15225,3.0629,1,running,0.023546,0.036086,0.43684,0.006435,0.068461,176.15,-0.0079257,0.048692,7.6434,-0.037259,0.042882,119.26,-0.0070727,0.027921,-132.59,-0.010345,0.036973,-44.352,-0.0032331,0.056387,-130.08,-0.015008,0.072643,-97.426
110,1017.4,8.1879,1.0889,1.3674,11,24,8.0973,4.0656,1.7128,2.8971,0.68998,13.396,104.21,6,trajectory,0.041077,1,0.14097,2.9781,1,running,0.023546,0.036086,0.43684,0.006435,0.068461,176.15,-0.0079257,0.048692,7.6434,-0.037259,0.042882,119.26,-0.0070727,0.027921,-132.59,-0.010345,0.036973,-44.352,-0.0032331,0.056387,-130.08,-0.015008,0.072643,-97.426
111,1017.5,8.202,1.1676,1.4189,11,24,8.0973,4.0656,1.7128,2.8488,0.542,10.772,104.21,6,trajectory,0.041077,1,0.14098,2.8999,1,running,0.023546,0.036086,0.43684,0.006435,0.068461,176.15,-0.0079257,0.048692,7.6434,-0.037259,0.042882,119.26,-0.0070727,0.027921,-132.59,-0.010345,0.036973,-44.352,-0.0032331,0.056387,-130.08,-0.015008,0.072643,-97.426
112,1017.7,8.2125,1.2488,1.4657,11,24,8.0973,4.0656,1.7128,2.7891,0.41003,8.3632,104.21,6,trajectory,0.041077,1,0.13695,2.8191,1,running,0.023546,0.036086,0.43684,0.006435,0.068461,176.15,-0.0079257,0.048692,7.6434,-0.037259,0.042882,119.26,-0.0070727,0.027921,-132.59,-0.010345,0.036973,-44.352,-0.0032331,0.056387,-130.08,-0.015008,0.072643,-97.426
113,1017.9,8.2195,1.3325,1.506,11,24,8.0973,4.0656,1.7128,2.7194,0.29886,6.2715,104.21,6,trajectory,0.041077,1,0.13851,2.7358,1,running,0.023546,0.036086,0.43684,0.006435,0.068461,176.15,-0.0079257,0.048692,7.6434,-0.037259,0.042882,119.26,-0.0070727,0.027921,-132.59,-0.010345,0.036973,-44.352,-0.0032331,0.056387,-130.08,-0.015008,0.072643,-97.426
114,1018,8.2232,1.4075,1.5367,11,24,8.0973,4.0656,1.7128,2.6522,0.21651,4.6669,104.21,6,trajectory,0.041077,1,0.13716,2.661,1,running,0.023546,0.036086,0.43684,0.006435,0.068461,176.15,-0.0079257,0.048692,7.6434,-0.037259,0.042882,119.26,-0.0070727,0.027921,-132.59,-0.010345,0.036973,-44.352,-0.0032331,0.056387,-130.08,-0.015008,0.072643,-97.426
115,1018.2,8.2249,1.4953,1.5655,11,24,8.0973,4.0656,1.7128,2.5695,0.14122,3.1458,104.21,6,trajectory,0.041077,1,0.13538,2.5734,1,running,0.023546,0.036086,0.43684,0.006435,0.068461,176.15,-0.0079257,0.048692,7.6434,-0.037259,0.042882,119.26,-0.0070727,0.027921,-132.59,-0.010345,0.036973,-44.352,-0.0032331,0.056387,-130.08,-0.015008,0.072643,-97.426
116,1018.3,8.2243,1.5849,1.5887,11,24,8.0973,4.0656,1.7128,2.4825,0.082612,1.906,104.21,6,trajectory,0.041077,1,0.13697,2.4839,1,running,0.023546,0.036086,0.43684,0.006435,0.068461,176.15,-0.0079257,0.048692,7.6434,-0.037259,0.042882,119.26,-0.0070727,0.027921,-132.59,-0.010345,0.036973,-44.352,-0.0032331,0.056387,-130.08,-0.015008,0.072643,-97.426
117,1018.5,8.2218,1.6762,1.6063,12,24,7.5982,4.9707,2.5006,3.3146,0.50633,8.6852,104.21,6,trajectory,0.041077,1,0.13795,2.3926,1,running,0.023546,0.036086,0.43684,0.006435,0.068461,176.15,-0.0079257,0.048692,7.6434,-0.037259,0.042882,119.26,-0.0070727,0.027921,-132.59,-0.010345,0.036973,-44.352,-0.0032331,0.056387,-130.08,-0.015008,0.072643,-97.426
118,1018.6,8.2185,1.7572,1.6176,12,24,7.5982,4.9707,2.5006,3.2391,0.46925,8.2432,104.21,6,trajectory,0.041077,1,0.13492,3.2729,1,running,0.023546,0.036086,0.43683,0.006435,0.068461,176.15,-0.0079257,0.048692,7.6434,-0.037259,0.042882,119.26,-0.0070727,0.027921,-132.59,-0.010345,0.036973,-44.352,-0.0032331,0.056387,-130.08,-0.015008,0.072643,-97.426
119,1018.8,8.213,1.8628,1.6264,12,24,7.5982,4.9707,2.5006,3.1373,0.44118,8.0045,104.21,6,trajectory,0.041077,1,0.13614,3.1682,1,running,0.023546,0.036086,0.43684,0.006435,0.068461,176.15,-0.0079257,0.048692,7.6434,-0.037259,0.042882,119.26,-0.0070727,0.027921,-132.59,-0.010345,0.036973,-44.352,-0.0032331,0.056387,-130.08,-0.015008,0.072643,-97.426
120,1019,8.2082,1.9457,1.6302,12,24,7.5982,4.9707,2.5006,3.0559,0.42942,7.9988,104.21,6,trajectory,0.041077,1,0.1345,3.0859,1,running,0.023546,0.036086,0.43683,0.006435,0.068461,176.15,-0.0079257,0.048692,7.6434,-0.037259,0.042882,119.26,-0.0070727,0.027921,-132.59,-0.010345,0.036973,-44.352,-0.0032331,0.056387,-130.08,-0.015008,0.072643,-97.426
121,1019.1,8.2024,2.0412,1.6319,12,24,7.5982,4.9707,2.5006,2.961,0.42409,8.1507,104.21,6,trajectory,0.041077,1,0.13851,2.9913,1,running,0.023546,0.036086,0.43683,0.006435,0.068461,176.15,-0.0079257,0.048692,7.6434,-0.037259,0.042882,119.26,-0.0070727,0.027921,-132.59,-0.010345,0.036973,-44.352,-0.0032331,0.056387,-130.08,-0.015008,0.072643,-97.426
122,1019.3,8.1966,2.1367,1.6314,12,24,7.5982,4.9707,2.5006,2.865,0.42576,8.4526,104.21,6,trajectory,0.041077,1,0.13681,2.8965,1,running,0.023546,0.036086,0.43684,0.006435,0.068461,176.15,-0.0079257,0.048692,7.6434,-0.037259,0.042882,119.26,-0.0070727,0.027921,-132.59,-0.010345,0.036973,-44.352,-0.0032331,0.056387,-130.08,-0.015008,0.072643,-97.426
123,1019.4,8.1909,2.232,1.6295,12,24,7.5982,4.9707,2.5006,2.7688,0.43089,8.8456,104.21,6,trajectory,0.041077,1,0.13731,2.8021,1,running,0.023546,0.036086,0.43684,0.006435,0.068461,176.15,-0.0079257,0.048692,7.6434,-0.037259,0.042882,119.26,-0.0070727,0.027921,-132.59,-0.010345,0.036973,-44.352,-0.0032331,0.056387,-130.08,-0.015008,0.072643,-97.426
124,1019.6,8.1861,2.3152,1.6272,12,24,7.5982,4.9707,2.5006,2.6845,0.4372,9.2501,104.21,6,trajectory,0.041077,1,0.13692,2.7199,1,running,0.023546,0.036086,0.43683,0.006435,0.068461,176.15,-0.0079257,0.048692,7.6434,-0.037259,0.042882,119.26,-0.0070727,0.027921,-132.59,-0.010345,0.036973,-44.352,-0.0032331,0.056387,-130.08,-0.015008,0.072643,-97.426
125,1019.7,8.1809,2.4102,1.6242,12,24,7.5982,4.9707,2.5006,2.588,0.44509,9.7582,104.21,6,trajectory,0.041077,1,0.13494,2.626,1,running,0.023546,0.036086,0.43683,0.006435,0.068461,176.15,-0.0079257,0.048692,7.6434,-0.037259,0.042882,119.26,-0.0070727,0.027921,-132.59,-0.010345,0.036973,-44.352,-0.0032331,0.056387,-130.08,-0.015008,0.072643,-97.426
126,1019.9,8.1759,2.5052,1.6212,12,24,7.5982,4.9707,2.5006,2.4916,0.4528,10.3,104.21,6,trajectory,0.041077,1,0.13471,2.5324,1,running,0.023546,0.036086,0.43684,0.006435,0.068461,176.15,-0.0079257,0.048692,7.6434,-0.037259,0.042882,119.26,-0.0070727,0.027921,-132.59,-0.010345,0.036973,-44.352,-0.0032331,0.056387,-130.08,-0.015008,0.072643,-97.426
127,1020,8.1713,2.6002,1.6183,12,24,7.5982,4.9707,2.5006,2.3951,0.45982,10.868,104.21,6,trajectory,0.041077,1,0.13435,2.4388,1,running,0.023546,0.036086,0.43684,0.006435,0.068461,176.15,-0.0079257,0.048692,7.6434,-0.037259,0.042882,119.26,-0.0070727,0.027921,-132.59,-0.010345,0.036973,-44.352,-0.0032331,0.056387,-130.08,-0.015008,0.072643,-97.426
128,1020.2,8.1674,2.6834,1.616,13,24,6.6283,5.2194,-3.1143,2.6029,1.4229,28.664,104.21,6,trajectory,0.041077,1,0.1353,2.3571,1,running,0.023546,0.036086,0.43684,0.006435,0.068461,176.15,-0.0079257,0.048692,7.6434,-0.037259,0.042882,119.26,-0.0070727,0.027921,-132.59,-0.010345,0.036973,-44.352,-0.0032331,0.056387,-130.08,-0.015008,0.072643,-97.426
129,1020.3,8.1669,2.6953,1.6157,13,24,6.6283,5.2194,-3.1143,2.5906,1.4237,28.792,104.21,6,trajectory,0.041077,1,0.13545,2.956,1,running,0.023546,0.036086,0.43683,0.006435,0.068461,176.15,-0.0079257,0.048692,7.6434,-0.037259,0.042882,119.26,-0.0070727,0.027921,-132.59,-0.010345,0.036973,-44.352,-0.0032331,0.056387,-130.08,-0.015008,0.072643,-97.426
130,1020.5,8.1669,2.6953,1.6157,13,24,6.6283,5.2194,-3.1143,2.5906,1.4237,28.792,104.21,6,trajectory,0.041077,1,0.13629,2.956,1,running,0.023546,0.036086,0.43683,0.006435,0.068461,176.15,-0.0079257,0.048692,7.6434,-0.037259,0.042882,119.26,-0.0070727,0.027921,-132.59,-0.010345,0.036973,-44.352,-0.0032331,0.056387,-130.08,-0.015008,0.072643,-97.426
131,1020.7,8.1669,2.6953,1.6157,13,24,6.6283,5.2194,-3.1143,2.5906,1.4237,28.792,104.21,6,trajectory,0.041077,1,0.1345,2.956,1,running,0.023546,0.036086,0.43683,0.006435,0.068461,176.15,-0.0079257,0.048692,7.6434,-0.037259,0.042882,119.26,-0.0070727,0.027921,-132.59,-0.010345,0.036973,-44.352,-0.0032331,0.056387,-130.08,-0.015008,0.072643,-97.426
132,1020.8,8.1669,2.6953,1.6157,13,24,6.6283,5.2194,-3.1143,2.5906,1.4237,28.792,104.21,6,trajectory,0.041077,1,0.13562,2.956,1,running,0.023546,0.036086,0.43684,0.006435,0.068461,176.15,-0.0079257,0.048692,7.6434,-0.037259,0.042882,119.26,-0.0070727,0.027921,-132.59,-0.010345,0.036973,-44.352,-0.0032331,0.056387,-130.08,-0.015008,0.072643,-97.426
133,1021,8.1669,2.6953,1.6157,13,24,6.6283,5.2194,-3.1143,2.5906,1.4237,28.792,104.21,6,trajectory,0.041077,1,0.13328,2.956,1,running,0.023546,0.036086,0.43684,0.006435,0.068461,176.15,-0.0079257,0.048692,7.6434,-0.037259,0.042882,119.26,-0.0070727,0.027921,-132.59,-0.010345,0.036973,-44.352,-0.0032331,0.056387,-130.08,-0.015008,0.072643,-97.426
134,1021.1,8.1669,2.6953,1.6157,13,24,6.6283,5.2194,-3.1143,2.5906,1.4237,28.792,104.21,6,trajectory,0.041077,1,0.13726,2.956,1,running,0.023546,0.036086,0.43684,0.006435,0.068461,176.15,-0.0079257,0.048692,7.6434,-0.037259,0.042882,119.26,-0.0070727,0.027921,-132.59,-0.010345,0.036973,-44.352,-0.0032331,0.056387,-130.08,-0.015008,0.072643,-97.426
135,1021.3,8.1669,2.6953,1.6157,13,24,6.6283,5.2194,-3.1143,2.5906,1.4237,28.792,104.21,6,trajectory,0.041077,1,0.13336,2.956,1,running,0.023546,0.036086,0.43684,0.006435,0.068461,176.15,-0.0079257,0.048692,7.6434,-0.037259,0.042882,119.26,-0.0070727,0.027921,-132.59,-0.010345,0.036973,-44.352,-0.0032331,0.056387,-130.08,-0.015008,0.072643,-97.426
136,1021.4,8.1669,2.6953,1.6157,13,24,6.6283,5.2194,-3.1143,2.5906,1.4237,28.792,104.21,6,trajectory,0.041077,1,0.13617,2.956,1,running,0.023546,0.036086,0.43684,0.006435,0.068461,176.15,-0.0079257,0.048692,7.6434,-0.037259,0.042882,119.26,-0.0070727,0.027921,-132.59,-0.010345,0.036973,-44.352,-0.0032331,0.056387,-130.08,-0.015008,0.072643,-97.426
137,1021.6,8.1669,2.6953,1.6157,13,24,6.6283,5.2194,-3.1143,2.5906,1.4237,28.792,104.21,6,trajectory,0.041077,1,0.14882,2.956,1,running,0.023546,0.036086,0.43684,0.006435,0.068461,176.15,-0.0079257,0.048692,7.6434,-0.037259,0.042882,119.26,-0.0070727,0.027921,-132.59,-0.010345,0.036973,-44.352,-0.0032331,0.056387,-130.08,-0.015008,0.072643,-97.426
138,1021.8,8.1669,2.6953,1.6157,13,24,6.6283,5.2194,-3.1143,2.5906,1.4237,28.792,104.21,6,trajectory,0.041077,1,0.15947,2.956,1,running,0.023546,0.036086,0.43684,0.006435,0.068461,176.15,-0.0079257,0.048692,7.6434,-0.037259,0.042882,119.26,-0.0070727,0.027921,-132.59,-0.010345,0.036973,-44.352,-0.0032331,0.056387,-130.08,-0.015008,0.072643,-97.426
139,1021.9,8.1669,2.6953,1.6157,13,24,6.6283,5.2194,-3.1143,2.5906,1.4237,28.792,104.21,6,trajectory,0.041077,1,0.16161,2.956,1,running,0.023546,0.036086,0.43684,0.006435,0.068461,176.15,-0.0079257,0.048692,7.6434,-0.037259,0.042882,119.26,-0.0070727,0.027921,-132.59,-0.010345,0.036973,-44.352,-0.0032331,0.056387,-130.08,-0.015008,0.072643,-97.426
140,1022.1,8.1669,2.6953,1.6157,13,24,6.6283,5.2194,-3.1143,2.5906,1.4237,28.792,104.21,6,trajectory,0.041077,1,0.14084,2.956,1,running,0.023546,0.036086,0.43684,0.006435,0.068461,176.15,-0.0079257,0.048692,7.6434,-0.037259,0.042882,119.26,-0.0070727,0.027921,-132.59,-0.010345,0.036973,-44.352,-0.0032331,0.056387,-130.08,-0.015008,0.072643,-97.426
141,1022.3,8.1669,2.6953,1.6157,13,24,6.6283,5.2194,-3.1143,2.5906,1.4237,28.792,104.21,6,trajectory,0.041077,1,0.14471,2.956,1,running,0.023546,0.036086,0.43684,0.006435,0.068461,176.15,-0.0079257,0.048692,7.6434,-0.037259,0.042882,119.26,-0.0070727,0.027921,-132.59,-0.010345,0.036973,-44.352,-0.0032331,0.056387,-130.08,-0.015008,0.072643,-97.426
142,1022.4,8.1669,2.6953,1.6157,13,24,6.6283,5.2194,-3.1143,2.5906,1.4237,28.792,104.21,6,trajectory,0.041077,1,0.14554,2.956,1,running,0.023546,0.036086,0.43684,0.006435,0.068461,176.15,-0.0079257,0.048692,7.6434,-0.037259,0.042882,119.26,-0.0070727,0.027921,-132.59,-0.010345,0.036973,-44.352,-0.0032331,0.056387,-130.08,-0.015008,0.072643,-97.426
143,1022.6,8.1669,2.6953,1.6157,13,24,6.6283,5.2194,-3.1143,2.5906,1.4237,28.792,104.21,6,trajectory,0.041077,1,0.16413,2.956,1,running,0.023546,0.036086,0.43684,0.006435,0.068461,176.15,-0.0079257,0.048692,7.6434,-0.037259,0.042882,119.26,-0.0070727,0.027921,-132.59,-0.010345,0.036973,-44.352,-0.0032331,0.056387,-130.08,-0.015008,0.072643,-97.426
144,1022.8,8.1669,2.6953,1.6157,13,24,6.6283,5.2194,-3.1143,2.5906,1.4237,28.792,104.21,6,trajectory,0.041077,1,0.14134,2.956,1,running,0.023546,0.036086,0.43684,0.006435,0.068461,176.15,-0.0079257,0.048692,7.6434,-0.037259,0.042882,119.26,-0.0070727,0.027921,-132.59,-0.010345,0.036973,-44.352,-0.0032331,0.056387,-130.08,-0.015008,0.072643,-97.426
145,1023,8.1669,2.6953,1.6157,13,24,6.6283,5.2194,-3.1143,2.5906,1.4237,28.792,104.21,6,trajectory,0.041077,1,0.13864,2.956,1,running,0.023546,0.036086,0.43684,0.006435,0.068461,176.15,-0.0079257,0.048692,7.6434,-0.037259,0.042882,119.26,-0.0070727,0.027921,-132.59,-0.010345,0.036973,-44.352,-0.0032331,0.056387,-130.08,-0.015008,0.072643,-97.426
146,1023.1,8.1669,2.6953,1.6157,13,24,6.6283,5.2194,-3.1143,2.5906,1.4237,28.792,104.21,6,trajectory,0.041077,1,0.14199,2.956,1,running,0.023546,0.036086,0.43684,0.006435,0.068461,176.15,-0.0079257,0.048692,7.6434,-0.037259,0.042882,119.26,-0.0070727,0.027921,-132.59,-0.010345,0.036973,-44.352,-0.0032331,0.056387,-130.08,-0.015008,0.072643,-97.426
147,1023.3,8.1669,2.6953,1.6157,13,24,6.6283,5.2194,-3.1143,2.5906,1.4237,28.792,104.21,6,trajectory,0.041077,1,0.13799,2.956,1,running,0.023546,0.036086,0.43684,0.006435,0.068461,176.15,-0.0079257,0.048692,7.6434,-0.037259,0.042882,119.26,-0.0070727,0.027921,-132.59,-0.010345,0.036973,-44.352,-0.0032331,0.056387,-130.08,-0.015008,0.072643,-97.426
148,1023.4,8.1669,2.6953,1.6157,13,24,6.6283,5.2194,-3.1143,2.5906,1.4237,28.792,104.21,6,trajectory,0.041077,1,0.14485,2.956,1,running,0.023546,0.036086,0.43684,0.006435,0.068461,176.15,-0.0079257,0.048692,7.6434,-0.037259,0.042882,119.26,-0.0070727,0.027921,-132.59,-0.010345,0.036973,-44.352,-0.0032331,0.056387,-130.08,-0.015008,0.072643,-97.426
149,1023.6,8.1669,2.6953,1.6157,13,24,6.6283,5.2194,-3.1143,2.5906,1.4237,28.792,104.21,6,trajectory,0.041077,1,0.14272,2.956,1,running,0.023546,0.036086,0.43684,0.006435,0.068461,176.15,-0.0079257,0.048692,7.6434,-0.037259,0.042882,119.26,-0.0070727,0.027921,-132.59,-0.010345,0.036973,-44.352,-0.0032331,0.056387,-130.08,-0.015008,0.072643,-97.426
150,1023.7,8.1669,2.6953,1.6157,13,24,6.6283,5.2194,-3.1143,2.5906,1.4237,28.792,104.21,6,trajectory,0.041077,1,0.15138,2.956,1,running,0.023546,0.036086,0.43684,0.006435,0.068461,176.15,-0.0079257,0.048692,7.6434,-0.037259,0.042882,119.26,-0.0070727,0.027921,-132.59,-0.010345,0.036973,-44.352,-0.0032331,0.056387,-130.08,-0.015008,0.072643,-97.426
151,1023.9,8.1669,2.6953,1.6157,13,24,6.6283,5.2194,-3.1143,2.5906,1.4237,28.792,104.21,6,trajectory,0.041077,1,0.14516,2.956,1,running,0.023546,0.036086,0.43684,0.006435,0.068461,176.15,-0.0079257,0.048692,7.6434,-0.037259,0.042882,119.26,-0.0070727,0.027921,-132.59,-0.010345,0.036973,-44.352,-0.0032331,0.056387,-130.08,-0.015008,0.072643,-97.426
152,1024.1,8.1669,2.6953,1.6157,13,24,6.6283,5.2194,-3.1143,2.5906,1.4237,28.792,104.21,6,trajectory,0.041077,1,0.14457,2.956,1,running,0.023546,0.036086,0.43684,0.006435,0.068461,176.15,-0.0079257,0.048692,7.6434,-0.037259,0.042882,119.26,-0.0070727,0.027921,-132.59,-0.010345,0.036973,-44.352,-0.0032331,0.056387,-130.08,-0.015008,0.072643,-97.426
153,1024.3,8.1669,2.6953,1.6157,13,24,6.6283,5.2194,-3.1143,2.5906,1.4237,28.792,104.21,6,trajectory,0.041077,1,0.14148,2.956,1,running,0.023546,0.036086,0.43684,0.006435,0.068461,176.15,-0.0079257,0.048692,7.6434,-0.037259,0.042882,119.26,-0.0070727,0.027921,-132.59,-0.010345,0.036973,-44.352,-0.0032331,0.056387,-130.08,-0.015008,0.072643,-97.426
154,1024.4,8.1669,2.6953,1.6157,13,24,6.6283,5.2194,-3.1143,2.5906,1.4237,28.792,104.21,6,trajectory,0.041077,1,0.14161,2.956,1,running,0.023546,0.036086,0.43684,0.006435,0.068461,176.15,-0.0079257,0.048692,7.6434,-0.037259,0.042882,119.26,-0.0070727,0.027921,-132.59,-0.010345,0.036973,-44.352,-0.0032331,0.056387,-130.08,-0.015008,0.072643,-97.426
155,1024.6,8.1669,2.6953,1.6157,13,24,6.6283,5.2194,-3.1143,2.5906,1.4237,28.792,104.21,6,trajectory,0.041077,1,0.13893,2.956,1,running,0.023546,0.036086,0.43684,0.006435,0.068461,176.15,-0.0079257,0.048692,7.6434,-0.037259,0.042882,119.26,-0.0070727,0.027921,-132.59,-0.010345,0.036973,-44.352,-0.0032331,0.056387,-130.08,-0.015008,0.072643,-97.426
156,1024.7,8.1669,2.6953,1.6157,13,24,6.6283,5.2194,-3.1143,2.5906,1.4237,28.792,104.21,6,trajectory,0.041077,1,0.13853,2.956,1,running,0.023546,0.036086,0.43684,0.006435,0.068461,176.15,-0.0079257,0.048692,7.6434,-0.037259,0.042882,119.26,-0.0070727,0.027921,-132.59,-0.010345,0.036973,-44.352,-0.0032331,0.056387,-130.08,-0.015008,0.072643,-97.426
157,1024.9,8.1669,2.6953,1.6157,13,24,6.6283,5.2194,-3.1143,2.5906,1.4237,28.792,104.21,6,trajectory,0.041077,1,0.13586,2.956,1,running,0.023546,0.036086,0.43684,0.006435,0.068461,176.15,-0.0079257,0.048692,7.6434,-0.037259,0.042882,119.26,-0.0070727,0.027921,-132.59,-0.010345,0.036973,-44.352,-0.0032331,0.056387,-130.08,-0.015008,0.072643,-97.426
158,1025,8.1669,2.6953,1.6157,13,24,6.6283,5.2194,-3.1143,2.5906,1.4237,28.792,104.21,6,trajectory,0.041077,1,0.14556,2.956,1,running,0.023546,0.036086,0.43684,0.006435,0.068461,176.15,-0.0079257,0.048692,7.6434,-0.037259,0.042882,119.26,-0.0070727,0.027921,-132.59,-0.010345,0.036973,-44.352,-0.0032331,0.056387,-130.08,-0.015008,0.072643,-97.426
159,1025.2,8.1669,2.6953,1.6157,13,24,6.6283,5.2194,-3.1143,2.5906,1.4237,28.792,104.21,6,trajectory,0.041077,1,0.14067,2.956,1,running,0.023546,0.036086,0.43684,0.006435,0.068461,176.15,-0.0079257,0.048692,7.6434,-0.037259,0.042882,119.26,-0.0070727,0.027921,-132.59,-0.010345,0.036973,-44.352,-0.0032331,0.056387,-130.08,-0.015008,0.072643,-97.426
160,1025.4,8.1669,2.6953,1.6157,13,24,6.6283,5.2194,-3.1143,2.5906,1.4237,28.792,104.21,6,trajectory,0.041077,1,0.13925,2.956,1,running,0.023546,0.036086,0.43684,0.006435,0.068461,176.15,-0.0079257,0.048692,7.6434,-0.037259,0.042882,119.26,-0.0070727,0.027921,-132.59,-0.010345,0.036973,-44.352,-0.0032331,0.056387,-130.08,-0.015008,0.072643,-97.426
161,1025.5,8.1669,2.6953,1.6157,13,24,6.6283,5.2194,-3.1143,2.5906,1.4237,28.792,104.21,6,trajectory,0.041077,1,0.14072,2.956,1,running,0.023546,0.036086,0.43684,0.006435,0.068461,176.15,-0.0079257,0.048692,7.6434,-0.037259,0.042882,119.26,-0.0070727,0.027921,-132.59,-0.010345,0.036973,-44.352,-0.0032331,0.056387,-130.08,-0.015008,0.072643,-97.426
162,1025.7,8.1669,2.6953,1.6157,13,24,6.6283,5.2194,-3.1143,2.5906,1.4237,28.792,104.21,6,trajectory,0.041077,1,0.14104,2.956,1,running,0.023546,0.036086,0.43684,0.006435,0.068461,176.15,-0.0079257,0.048692,7.6434,-0.037259,0.042882,119.26,-0.0070727,0.027921,-132.59,-0.010345,0.036973,-44.352,-0.0032331,0.056387,-130.08,-0.015008,0.072643,-97.426
163,1025.8,8.1669,2.6953,1.6157,13,24,6.6283,5.2194,-3.1143,2.5906,1.4237,28.792,104.21,6,trajectory,0.041077,1,0.13799,2.956,1,running,0.023546,0.036086,0.43684,0.006435,0.068461,176.15,-0.0079257,0.048692,7.6434,-0.037259,0.042882,119.26,-0.0070727,0.027921,-132.59,-0.010345,0.036973,-44.352,-0.0032331,0.056387,-130.08,-0.015008,0.072643,-97.426
164,1026,8.1669,2.6953,1.6157,13,24,6.6283,5.2194,-3.1143,2.5906,1.4237,28.792,104.21,6,trajectory,0.041077,1,0.13779,2.956,1,running,0.023546,0.036086,0.43684,0.006435,0.068461,176.15,-0.0079257,0.048692,7.6434,-0.037259,0.042882,119.26,-0.0070727,0.027921,-132.59,-0.010345,0.036973,-44.352,-0.0032331,0.056387,-130.08,-0.015008,0.072643,-97.426
165,1026.2,8.1669,2.6953,1.6157,13,24,6.6283,5.2194,-3.1143,2.5906,1.4237,28.792,104.21,6,trajectory,0.041077,1,0.13874,2.956,1,running,0.023546,0.036086,0.43684,0.006435,0.068461,176.15,-0.0079257,0.048692,7.6434,-0.037259,0.042882,119.26,-0.0070727,0.027921,-132.59,-0.010345,0.036973,-44.352,-0.0032331,0.056387,-130.08,-0.015008,0.072643,-97.426
166,1026.3,8.1642,2.7549,1.6145,13,24,6.6283,5.2194,-3.1143,2.5293,1.4267,29.427,104.21,6,trajectory,0.041077,1,0.13653,2.9039,1,running,0.023546,0.036086,0.43684,0.006435,0.068461,176.15,-0.0079257,0.048692,7.6434,-0.037259,0.042882,119.26,-0.0070727,0.027921,-132.59,-0.010345,0.036973,-44.352,-0.0032331,0.056387,-130.08,-0.015008,0.072643,-97.426
167,1026.5,8.1602,2.8503,1.6127,13,24,6.6283,5.2194,-3.1143,2.4311,1.4314,30.489,104.21,6,trajectory,0.041077,1,0.13889,2.8212,1,running,0.023546,0.036086,0.43684,0.006435,0.068461,176.15,-0.0079257,0.048692,7.6434,-0.037259,0.042882,119.26,-0.0070727,0.027921,-132.59,-0.010345,0.036973,-44.352,-0.0032331,0.056387,-130.08,-0.015008,0.072643,-97.426
168,1026.6,8.1562,2.9457,1.6111,13,24,6.6283,5.2194,-3.1143,2.3334,1.4352,31.595,104.21,6,trajectory,0.041077,1,0.13802,2.7394,1,running,0.023546,0.036086,0.43683,0.006435,0.068461,176.15,-0.0079257,0.048692,7.6434,-0.037259,0.042882,119.26,-0.0070727,0.027921,-132.59,-0.010345,0.036973,-44.352,-0.0032331,0.056387,-130.08,-0.015008,0.072643,-97.426
169,1026.8,8.1525,3.0412,1.6099,13,24,6.6283,5.2194,-3.1143,2.236,1.438,32.744,104.21,6,trajectory,0.041077,1,0.14421,2.6585,1,running,0.023546,0.036086,0.43684,0.006435,0.068461,176.15,-0.0079257,0.048692,7.6434,-0.037259,0.042882,119.26,-0.0070727,0.027921,-132.59,-0.010345,0.036973,-44.352,-0.0032331,0.056387,-130.08,-0.015008,0.072643,-97.426
170,1026.9,8.1488,3.1368,1.609,13,24,6.6283,5.2194,-3.1143,2.1391,1.4398,33.944,104.21,6,trajectory,0.041077,1,0.13601,2.5785,1,running,0.023546,0.036086,0.43683,0.006435,0.068461,176.15,-0.0079257,0.048692,7.6434,-0.037259,0.042882,119.26,-0.0070727,0.027921,-132.59,-0.010345,0.036973,-44.352,-0.0032331,0.056387,-130.08,-0.015008,0.072643,-97.426
171,1027.1,8.1451,3.2325,1.6085,13,24,6.6283,5.2194,-3.1143,2.0426,1.4408,35.199,104.21,6,trajectory,0.041077,1,0.14268,2.4997,1,running,0.023546,0.036086,0.43684,0.006435,0.068461,176.15,-0.0079257,0.048692,7.6434,-0.037259,0.042882,119.26,-0.0070727,0.027921,-132.59,-0.010345,0.036973,-44.352,-0.0032331,0.056387,-130.08,-0.015008,0.072643,-97.426
172,1027.3,8.1415,3.3283,1.6083,14,24,5.6037,5.1498,-3.0764,1.9153,2.4678,52.184,104.21,6,trajectory,0.041077,1,0.13973,2.422,1,running,0.023546,0.036086,0.43684,0.006435,0.068461,176.15,-0.0079257,0.048692,7.6434,-0.037259,0.042882,119.26,-0.0070727,0.027921,-132.59,-0.010345,0.036973,-44.352,-0.0032331,0.056387,-130.08,-0.015008,0.072643,-97.426
173,1027.4,8.1379,3.4242,1.6083,14,24,5.6037,5.1498,-3.0764,1.8194,2.4678,53.6,104.21,6,trajectory,0.041077,1,0.14997,3.0659,1,running,0.023546,0.036086,0.43684,0.006435,0.068461,176.15,-0.0079257,0.048692,7.6434,-0.037259,0.042882,119.26,-0.0070727,0.027921,-132.59,-0.010345,0.036973,-44.352,-0.0032331,0.056387,-130.08,-0.015008,0.072643,-97.426
174,1027.6,8.1339,3.5321,1.6085,14,24,5.6037,5.1498,-3.0764,1.7119,2.4674,55.247,104.21,6,trajectory,0.041077,1,0.14531,3.0031,1,running,0.023546,0.036086,0.43684,0.006435,0.068461,176.15,-0.0079257,0.048692,7.6434,-0.037259,0.042882,119.26,-0.0070727,0.027921,-132.59,-0.010345,0.036973,-44.352,-0.0032331,0.056387,-130.08,-0.015008,0.072643,-97.426
175,1027.8,8.1302,3.6275,1.6105,14,24,5.6037,5.1498,-3.0764,1.6213,2.4641,56.656,104.21,6,trajectory,0.041077,1,0.1411,2.9497,1,running,0.023546,0.036086,0.43684,0.006435,0.068461,176.15,-0.0079257,0.048692,7.6434,-0.037259,0.042882,119.26,-0.0070727,0.027921,-132.59,-0.010345,0.036973,-44.352,-0.0032331,0.056387,-130.08,-0.015008,0.072643,-97.426
176,1027.9,8.1262,3.7218,1.617,14,24,5.6037,5.1498,-3.0764,1.543,2.4538,57.837,104.21,6,trajectory,0.041077,1,0.13956,2.8986,1,running,0.023546,0.036086,0.43684,0.006435,0.068461,176.15,-0.0079257,0.048692,7.6434,-0.037259,0.042882,119.26,-0.0070727,0.027921,-132.59,-0.010345,0.036973,-44.352,-0.0032331,0.056387,-130.08,-0.015008,0.072643,-97.426
177,1028.1,8.1214,3.814,1.6307,14,24,5.6037,5.1498,-3.0764,1.4842,2.4331,58.618,104.21,6,trajectory,0.041077,1,0.14103,2.8501,1,running,0.023546,0.036086,0.43684,0.006435,0.068461,176.15,-0.0079257,0.048692,7.6434,-0.037259,0.042882,119.26,-0.0070727,0.027921,-132.59,-0.010345,0.036973,-44.352,-0.0032331,0.056387,-130.08,-0.015008,0.072643,-97.426
178,1028.2,8.1151,3.9038,1.6524,14,24,5.6037,5.1498,-3.0764,1.4466,2.4014,58.935,104.21,6,trajectory,0.041077,1,0.13951,2.8035,1,running,0.023546,0.036086,0.43683,0.006435,0.068461,176.15,-0.0079257,0.048692,7.6434,-0.037259,0.042882,119.26,-0.0070727,0.027921,-132.59,-0.010345,0.036973,-44.352,-0.0032331,0.056387,-130.08,-0.015008,0.072643,-97.426
179,1028.4,8.1067,3.9915,1.6811,14,24,5.6037,5.1498,-3.0764,1.4267,2.3603,58.849,104.21,6,trajectory,0.041077,1,0.13916,2.758,1,running,0.023546,0.036086,0.43684,0.006435,0.068461,176.15,-0.0079257,0.048692,7.6434,-0.037259,0.042882,119.26,-0.0070727,0.027921,-132.59,-0.010345,0.036973,-44.352,-0.0032331,0.056387,-130.08,-0.015008,0.072643,-97.426
180,1028.6,8.0973,4.0656,1.7128,14,24,5.6037,5.1498,-3.0764,1.4262,2.3151,58.366,104.21,6,trajectory,0.041077,1,0.1392,2.7191,1,running,0.023546,0.036086,0.43684,0.006435,0.068461,176.15,-0.0079257,0.048692,7.6434,-0.037259,0.042882,119.26,-0.0070727,0.027921,-132.59,-0.010345,0.036973,-44.352,-0.0032331,0.056387,-130.08,-0.015008,0.072643,-97.426
181,1028.7,8.0838,4.1478,1.7547,14,24,5.6037,5.1498,-3.0764,1.4386,2.2551,57.465,104.21,6,trajectory,0.041077,1,0.14051,2.6749,1,running,0.023546,0.036086,0.43684,0.006435,0.068461,176.15,-0.0079257,0.048692,7.6434,-0.037259,0.042882,119.26,-0.0070727,0.027921,-132.59,-0.010345,0.036973,-44.352,-0.0032331,0.056387,-130.08,-0.015008,0.072643,-97.426
182,1028.9,8.0671,4.2278,1.8012,14,24,5.6037,5.1498,-3.0764,1.4602,2.1877,56.279,104.21,6,trajectory,0.041077,1,0.13889,2.6302,1,running,0.023546,0.036086,0.43683,0.006435,0.068461,176.15,-0.0079257,0.048692,7.6434,-0.037259,0.042882,119.26,-0.0070727,0.027921,-132.59,-0.010345,0.036973,-44.352,-0.0032331,0.056387,-130.08,-0.015008,0.072643,-97.426
183,1029,8.0468,4.3054,1.8518,14,24,5.6037,5.1498,-3.0764,1.4887,2.1132,54.836,104.21,6,trajectory,0.041077,1,0.14028,2.5849,1,running,0.023546,0.036086,0.43684,0.006435,0.068461,176.15,-0.0079257,0.048692,7.6434,-0.037259,0.042882,119.26,-0.0070727,0.027921,-132.59,-0.010345,0.036973,-44.352,-0.0032331,0.056387,-130.08,-0.015008,0.072643,-97.426
184,1029.2,8.0229,4.3806,1.9054,14,24,5.6037,5.1498,-3.0764,1.5211,2.0324,53.189,104.21,6,trajectory,0.041077,1,0.13581,2.5386,1,running,0.023546,0.036086,0.43684,0.006435,0.068461,176.15,-0.0079257,0.048692,7.6434,-0.037259,0.042882,119.26,-0.0070727,0.027921,-132.59,-0.010345,0.036973,-44.352,-0.0032331,0.056387,-130.08,-0.015008,0.072643,-97.426
185,1029.3,7.9954,4.4533,1.9616,14,24,5.6037,5.1498,-3.0764,1.555,1.9461,51.374,104.21,6,trajectory,0.041077,1,0.1365,2.491,1,running,0.023546,0.036086,0.43684,0.006435,0.068461,176.15,-0.0079257,0.048692,7.6434,-0.037259,0.042882,119.26,-0.0070727,0.027921,-132.59,-0.010345,0.036973,-44.352,-0.0032331,0.056387,-130.08,-0.015008,0.072643,-97.426
186,1029.5,7.9641,4.5233,2.0196,15,24,4.529,5.0884,-3.0863,1.9997,2.8497,54.941,104.21,6,trajectory,0.041077,1,0.14445,2.4422,1,running,0.023546,0.036086,0.43683,0.006435,0.068461,176.15,-0.0079257,0.048692,7.6434,-0.037259,0.042882,119.26,-0.0070727,0.027921,-132.59,-0.010345,0.036973,-44.352,-0.0032331,0.056387,-130.08,-0.015008,0.072643,-97.426
187,1029.7,7.9288,4.5914,2.0793,15,24,4.529,5.0884,-3.0863,2.0895,2.7276,52.546,104.21,6,trajectory,0.041077,1,0.1353,3.436,1,running,0.023546,0.036086,0.43684,0.006435,0.068461,176.15,-0.0079257,0.048692,7.6434,-0.037259,0.042882,119.26,-0.0070727,0.027921,-132.59,-0.010345,0.036973,-44.352,-0.0032331,0.056387,-130.08,-0.015008,0.072643,-97.426
188,1029.8,7.8897,4.6567,2.1402,15,24,4.529,5.0884,-3.0863,2.1753,2.5979,50.059,104.21,6,trajectory,0.041077,1,0.14407,3.3884,1,running,0.023546,0.036086,0.43683,0.006435,0.068461,176.15,-0.0079257,0.048692,7.6434,-0.037259,0.042882,119.26,-0.0070727,0.027921,-132.59,-0.010345,0.036973,-44.352,-0.0032331,0.056387,-130.08,-0.015008,0.072643,-97.426
189,1030,7.8472,4.719,2.2018,15,24,4.529,5.0884,-3.0863,2.2559,2.4612,47.492,104.21,6,trajectory,0.041077,1,0.13628,3.3387,1,running,0.023546,0.036086,0.43684,0.006435,0.068461,176.15,-0.0079257,0.048692,7.6434,-0.037259,0.042882,119.26,-0.0070727,0.027921,-132.59,-0.010345,0.036973,-44.352,-0.0032331,0.056387,-130.08,-0.015008,0.072643,-97.426
190,1030.2,7.8012,4.7779,2.264,15,24,4.529,5.0884,-3.0863,2.3297,2.3187,44.864,104.21,6,trajectory,0.041077,1,0.1385,3.2869,1,running,0.023546,0.036086,0.43683,0.006435,0.068461,176.15,-0.0079257,0.048692,7.6434,-0.037259,0.042882,119.26,-0.0070727,0.027921,-132.59,-0.010345,0.036973,-44.352,-0.0032331,0.056387,-130.08,-0.015008,0.072643,-97.426
191,1030.3,7.7515,4.8341,2.3268,15,24,4.529,5.0884,-3.0863,2.3957,2.1702,42.172,104.21,6,trajectory,0.041077,1,0.13685,3.2325,1,running,0.023546,0.036086,0.43684,0.006435,0.068461,176.15,-0.0079257,0.048692,7.6434,-0.037259,0.042882,119.26,-0.0070727,0.027921,-132.59,-0.010345,0.036973,-44.352,-0.0032331,0.056387,-130.08,-0.015008,0.072643,-97.426
192,1030.5,7.6984,4.887,2.3899,15,24,4.529,5.0884,-3.0863,2.453,2.0171,39.431,104.21,6,trajectory,0.041077,1,0.13864,3.1758,1,running,0.023546,0.036086,0.43684,0.006435,0.068461,176.15,-0.0079257,0.048692,7.6434,-0.037259,0.042882,119.26,-0.0070727,0.027921,-132.59,-0.010345,0.036973,-44.352,-0.0032331,0.056387,-130.08,-0.015008,0.072643,-97.426
193,1030.6,7.6424,4.9361,2.453,15,24,4.529,5.0884,-3.0863,2.5008,1.8609,36.655,104.21,6,trajectory,0.041077,1,0.14704,3.1172,1,running,0.023546,0.036086,0.43683,0.006435,0.068461,176.15,-0.0079257,0.048692,7.6434,-0.037259,0.042882,119.26,-0.0070727,0.027921,-132.59,-0.010345,0.036973,-44.352,-0.0032331,0.056387,-130.08,-0.015008,0.072643,-97.426
194,1030.8,7.5831,4.9819,2.5165,15,24,4.529,5.0884,-3.0863,2.5389,1.7008,33.819,104.21,6,trajectory,0.041077,1,0.14582,3.0559,1,running,0.023546,0.036086,0.43684,0.006435,0.068461,176.15,-0.0079257,0.048692,7.6434,-0.037259,0.042882,119.26,-0.0070727,0.027921,-132.59,-0.010345,0.036973,-44.352,-0.0032331,0.056387,-130.08,-0.015008,0.072643,-97.426
195,1031,7.5212,5.0236,2.5797,15,24,4.529,5.0884,-3.0863,2.5667,1.5393,30.952,104.21,6,trajectory,0.041077,1,0.15851,2.9929,1,running,0.023546,0.036086,0.43684,0.006435,0.068461,176.15,-0.0079257,0.048692,7.6434,-0.037259,0.042882,119.26,-0.0070727,0.027921,-132.59,-0.010345,0.036973,-44.352,-0.0032331,0.056387,-130.08,-0.015008,0.072643,-97.426
196,1031.1,7.4486,5.0658,2.6508,15,24,4.529,5.0884,-3.0863,2.5856,1.3561,27.676,104.21,6,trajectory,0.041077,1,0.16205,2.9197,1,running,0.023546,0.036086,0.43683,0.006435,0.068461,176.15,-0.0079257,0.048692,7.6434,-0.037259,0.042882,119.26,-0.0070727,0.027921,-132.59,-0.010345,0.036973,-44.352,-0.0032331,0.056387,-130.08,-0.015008,0.072643,-97.426
197,1031.3,7.3728,5.1029,2.722,15,24,4.529,5.0884,-3.0863,2.5912,1.1718,24.334,104.21,6,trajectory,0.041077,1,0.1873,2.8439,1,running,0.023546,0.036086,0.43684,0.006435,0.068461,176.15,-0.0079257,0.048692,7.6434,-0.037259,0.042882,119.26,-0.0070727,0.027921,-132.59,-0.010345,0.036973,-44.352,-0.0032331,0.056387,-130.08,-0.015008,0.072643,-97.426
198,1031.5,7.277,5.1408,2.8077,15,24,4.529,5.0884,-3.0863,2.5791,0.94992,20.22,104.21,6,trajectory,0.041077,1,0.15385,2.7485,1,running,0.023546,0.036086,0.43684,0.006435,0.068461,176.15,-0.0079257,0.048692,7.6434,-0.037259,0.042882,119.26,-0.0070727,0.027921,-132.59,-0.010345,0.036973,-44.352,-0.0032331,0.056387,-130.08,-0.015008,0.072643,-97.426
199,1031.7,7.2042,5.1635,2.8688,15,24,4.529,5.0884,-3.0863,2.5561,0.79305,17.237,104.21,6,trajectory,0.041077,1,0.16179,2.6763,1,running,0.023546,0.036086,0.43684,0.006435,0.068461,176.15,-0.0079257,0.048692,7.6434,-0.037259,0.042882,119.26,-0.0070727,0.027921,-132.59,-0.010345,0.036973,-44.352,-0.0032331,0.056387,-130.08,-0.015008,0.072643,-97.426
200,1031.9,7.11,5.1862,2.9403,15,24,4.529,5.0884,-3.0863,2.5094,0.6118,13.702,104.21,6,trajectory,0.041077,1,0.14526,2.5829,1,running,0.023546,0.036086,0.43684,0.006435,0.068461,176.15,-0.0079257,0.048692,7.6434,-0.037259,0.042882,119.26,-0.0070727,0.027921,-132.59,-0.010345,0.036973,-44.352,-0.0032331,0.056387,-130.08,-0.015008,0.072643,-97.426
201,1032,7.0319,5.2,2.9924,15,24,4.529,5.0884,-3.0863,2.4585,0.48242,11.102,104.21,6,trajectory,0.041077,1,0.14938,2.5054,1,running,0.023546,0.036086,0.43684,0.006435,0.068461,176.15,-0.0079257,0.048692,7.6434,-0.037259,0.042882,119.26,-0.0070727,0.027921,-132.59,-0.010345,0.036973,-44.352,-0.0032331,0.056387,-130.08,-0.015008,0.072643,-97.426
202,1032.2,6.9511,5.2101,3.0405,15,24,4.529,5.0884,-3.0863,2.3975,0.36559,8.6702,104.21,6,trajectory,0.041077,1,0.14288,2.4252,1,running,0.023546,0.036086,0.43684,0.006435,0.068461,176.15,-0.0079257,0.048692,7.6434,-0.037259,0.042882,119.26,-0.0070727,0.027921,-132.59,-0.010345,0.036973,-44.352,-0.0032331,0.056387,-130.08,-0.015008,0.072643,-97.426
203,1032.4,6.868,5.2167,3.0834,16,24,3.451,5.0262,-3.0817,3.4001,0.38895,6.526,104.21,6,trajectory,0.041077,1,0.14153,2.3425,1,running,0.023546,0.036086,0.43684,0.006435,0.068461,176.15,-0.0079257,0.048692,7.6434,-0.037259,0.042882,119.26,-0.0070727,0.027921,-132.59,-0.010345,0.036973,-44.352,-0.0032331,0.056387,-130.08,-0.015008,0.072643,-97.426
204,1032.5,6.7826,5.2201,3.1198,16,24,3.451,5.0262,-3.0817,3.3266,0.26626,4.5763,104.21,6,trajectory,0.041077,1,0.14422,3.3372,1,running,0.023546,0.036086,0.43684,0.006435,0.068461,176.15,-0.0079257,0.048692,7.6434,-0.037259,0.042882,119.26,-0.0070727,0.027921,-132.59,-0.010345,0.036973,-44.352,-0.0032331,0.056387,-130.08,-0.015008,0.072643,-97.426
205,1032.7,6.684,5.2205,-3.1297,16,24,3.451,5.0262,-3.0817,3.2351,0.15571,2.7557,104.21,6,trajectory,0.041077,1,0.14393,3.2388,1,running,0.023546,0.036086,0.43684,0.006435,0.068461,176.15,-0.0079257,0.048692,7.6434,-0.037259,0.042882,119.26,-0.0070727,0.027921,-132.59,-0.010345,0.036973,-44.352,-0.0032331,0.056387,-130.08,-0.015008,0.072643,-97.426
206,1032.9,6.5944,5.2183,-3.1061,16,24,3.451,5.0262,-3.0817,3.1482,0.08034,1.4618,104.21,6,trajectory,0.041077,1,0.14141,3.1493,1,running,0.023546,0.036086,0.43684,0.006435,0.068461,176.15,-0.0079257,0.048692,7.6434,-0.037259,0.042882,119.26,-0.0070727,0.027921,-132.59,-0.010345,0.036973,-44.352,-0.0032331,0.056387,-130.08,-0.015008,0.072643,-97.426
207,1033,6.5031,5.2142,-3.0892,16,24,3.451,5.0262,-3.0817,3.0578,0.027967,0.52403,104.21,6,trajectory,0.041077,1,0.14493,3.0579,1,running,0.023546,0.036086,0.43683,0.006435,0.068461,176.15,-0.0079257,0.048692,7.6434,-0.037259,0.042882,119.26,-0.0070727,0.027921,-132.59,-0.010345,0.036973,-44.352,-0.0032331,0.056387,-130.08,-0.015008,0.072643,-97.426
208,1033.2,6.4104,5.2088,-3.0773,16,24,3.451,5.0262,-3.0817,2.965,-0.0079177,-0.153,104.21,6,trajectory,0.041077,1,0.14808,2.965,1,running,0.023546,0.036086,0.43684,0.006435,0.068461,176.15,-0.0079257,0.048692,7.6434,-0.037259,0.042882,119.26,-0.0070727,0.027921,-132.59,-0.010345,0.036973,-44.352,-0.0032331,0.056387,-130.08,-0.015008,0.072643,-97.426
209,1033.4,6.3049,5.2015,-3.0687,16,24,3.451,5.0262,-3.0817,2.859,-0.032939,-0.66008,104.21,6,trajectory,0.041077,1,0.14417,2.8592,1,running,0.023546,0.036086,0.43684,0.006435,0.068461,176.15,-0.0079257,0.048692,7.6434,-0.037259,0.042882,119.26,-0.0070727,0.027921,-132.59,-0.010345,0.036973,-44.352,-0.0032331,0.056387,-130.08,-0.015008,0.072643,-97.426
210,1033.5,6.2101,5.1944,-3.0649,16,24,3.451,5.0262,-3.0817,2.7638,-0.043783,-0.90757,104.21,6,trajectory,0.041077,1,0.1432,2.7641,1,running,0.023546,0.036086,0.43683,0.006435,0.068461,176.15,-0.0079257,0.048692,7.6434,-0.037259,0.042882,119.26,-0.0070727,0.027921,-132.59,-0.010345,0.036973,-44.352,-0.0032331,0.056387,-130.08,-0.015008,0.072643,-97.426
211,1033.7,6.1146,5.1869,-3.0638,16,24,3.451,5.0262,-3.0817,2.668,-0.046763,-1.0041,104.21,6,trajectory,0.041077,1,0.13951,2.6684,1,running,0.023546,0.036086,0.43683,0.006435,0.068461,176.15,-0.0079257,0.048692,7.6434,-0.037259,0.042882,119.26,-0.0070727,0.027921,-132.59,-0.010345,0.036973,-44.352,-0.0032331,0.056387,-130.08,-0.015008,0.072643,-97.426
212,1033.8,6.0192,5.1795,-3.0646,16,24,3.451,5.0262,-3.0817,2.5723,-0.044696,-0.99546,104.21,6,trajectory,0.041077,1,0.14872,2.5727,1,running,0.023546,0.036086,0.43684,0.006435,0.068461,176.15,-0.0079257,0.048692,7.6434,-0.037259,0.042882,119.26,-0.0070727,0.027921,-132.59,-0.010345,0.036973,-44.352,-0.0032331,0.056387,-130.08,-0.015008,0.072643,-97.426
213,1034,5.9241,5.1723,-3.0666,16,24,3.451,5.0262,-3.0817,2.477,-0.039513,-0.91389,104.21,6,trajectory,0.041077,1,0.14399,2.4773,1,running,0.023546,0.036086,0.43684,0.006435,0.068461,176.15,-0.0079257,0.048692,7.6434,-0.037259,0.042882,119.26,-0.0070727,0.027921,-132.59,-0.010345,0.036973,-44.352,-0.0032331,0.056387,-130.08,-0.015008,0.072643,-97.426
214,1034.2,5.8291,5.1653,-3.0694,17,24,2.3731,4.9596,-3.0781,3.4618,-0.044219,-0.73181,104.21,6,trajectory,0.041077,1,0.13699,2.3821,1,running,0.023546,0.036086,0.43684,0.006435,0.068461,176.15,-0.0079257,0.048692,7.6434,-0.037259,0.042882,119.26,-0.0070727,0.027921,-132.59,-0.010345,0.036973,-44.352,-0.0032331,0.056387,-130.08,-0.015008,0.072643,-97.426
215,1034.3,5.7342,5.1586,-3.0724,17,24,2.3731,4.9596,-3.0781,3.3668,-0.033953,-0.57778,104.21,6,trajectory,0.041077,1,0.14412,3.367,1,running,0.023546,0.036086,0.43684,0.006435,0.068461,176.15,-0.0079257,0.048692,7.6434,-0.037259,0.042882,119.26,-0.0070727,0.027921,-132.59,-0.010345,0.036973,-44.352,-0.0032331,0.056387,-130.08,-0.015008,0.072643,-97.426
216,1034.5,5.6274,5.1513,-3.0757,17,24,2.3731,4.9596,-3.0781,3.2599,-0.02286,-0.40178,104.21,6,trajectory,0.041077,1,0.13628,3.26,1,running,0.023546,0.036086,0.43684,0.006435,0.068461,176.15,-0.0079257,0.048692,7.6434,-0.037259,0.042882,119.26,-0.0070727,0.027921,-132.59,-0.010345,0.036973,-44.352,-0.0032331,0.056387,-130.08,-0.015008,0.072643,-97.426
217,1034.7,5.5443,5.146,-3.0781,17,24,2.3731,4.9596,-3.0781,3.1766,-0.015218,-0.27449,104.21,6,trajectory,0.041077,1,0.13461,3.1767,1,running,0.023546,0.036086,0.43684,0.006435,0.068461,176.15,-0.0079257,0.048692,7.6434,-0.037259,0.042882,119.26,-0.0070727,0.027921,-132.59,-0.010345,0.036973,-44.352,-0.0032331,0.056387,-130.08,-0.015008,0.072643,-97.426
218,1034.8,5.4492,5.14,-3.0805,17,24,2.3731,4.9596,-3.0781,3.0814,-0.0075949,-0.14122,104.21,6,trajectory,0.041077,1,0.1395,3.0814,1,running,0.023546,0.036086,0.43683,0.006435,0.068461,176.15,-0.0079257,0.048692,7.6434,-0.037259,0.042882,119.26,-0.0070727,0.027921,-132.59,-0.010345,0.036973,-44.352,-0.0032331,0.056387,-130.08,-0.015008,0.072643,-97.426
219,1035,5.354,5.1343,-3.0825,17,24,2.3731,4.9596,-3.0781,2.986,-0.0015394,-0.029538,104.21,6,trajectory,0.041077,1,0.13558,2.986,1,running,0.023546,0.036086,0.43684,0.006435,0.068461,176.15,-0.0079257,0.048692,7.6434,-0.037259,0.042882,119.26,-0.0070727,0.027921,-132.59,-0.010345,0.036973,-44.352,-0.0032331,0.056387,-130.08,-0.015008,0.072643,-97.426
220,1035.1,5.2586,5.1288,-3.0841,17,24,2.3731,4.9596,-3.0781,2.8905,0.0031551,0.062541,104.21,6,trajectory,0.041077,1,0.14343,2.8905,1,running,0.023546,0.036086,0.43683,0.006435,0.068461,176.15,-0.0079257,0.048692,7.6434,-0.037259,0.042882,119.26,-0.0070727,0.027921,-132.59,-0.010345,0.036973,-44.352,-0.0032331,0.056387,-130.08,-0.015008,0.072643,-97.426
221,1035.3,5.1632,5.1233,-3.0853,17,24,2.3731,4.9596,-3.0781,2.7949,0.0065586,0.13445,104.21,6,trajectory,0.041077,1,0.13949,2.7949,1,running,0.023546,0.036086,0.43684,0.006435,0.068461,176.15,-0.0079257,0.048692,7.6434,-0.037259,0.042882,119.26,-0.0070727,0.027921,-132.59,-0.010345,0.036973,-44.352,-0.0032331,0.056387,-130.08,-0.015008,0.072643,-97.426
222,1035.4,5.0676,5.118,-3.0862,17,24,2.3731,4.9596,-3.0781,2.6992,0.0088412,0.18767,104.21,6,trajectory,0.041077,1,0.13895,2.6992,1,running,0.023546,0.036086,0.43683,0.006435,0.068461,176.15,-0.0079257,0.048692,7.6434,-0.037259,0.042882,119.26,-0.0070727,0.027921,-132.59,-0.010345,0.036973,-44.352,-0.0032331,0.056387,-130.08,-0.015008,0.072643,-97.426
223,1035.6,4.972,5.1127,-3.0867,17,24,2.3731,4.9596,-3.0781,2.6034,0.010136,0.22307,104.21,6,trajectory,0.041077,1,0.14219,2.6034,1,running,0.023546,0.036086,0.43683,0.006435,0.068461,176.15,-0.0079257,0.048692,7.6434,-0.037259,0.042882,119.26,-0.0070727,0.027921,-132.59,-0.010345,0.036973,-44.352,-0.0032331,0.056387,-130.08,-0.015008,0.072643,-97.426
224,1035.8,4.8763,5.1075,-3.0869,17,24,2.3731,4.9596,-3.0781,2.5075,0.010782,0.24637,104.21,6,trajectory,0.041077,1,0.15274,2.5075,1,running,0.023546,0.036086,0.43684,0.006435,0.068461,176.15,-0.0079257,0.048692,7.6434,-0.037259,0.042882,119.26,-0.0070727,0.027921,-132.59,-0.010345,0.036973,-44.352,-0.0032331,0.056387,-130.08,-0.015008,0.072643,-97.426
225,1035.9,4.7805,5.1022,-3.0869,17,24,2.3731,4.9596,-3.0781,2.4116,0.010846,0.25769,104.21,6,trajectory,0.041077,1,0.15124,2.4116,1,running,0.023546,0.036086,0.43684,0.006435,0.068461,176.15,-0.0079257,0.048692,7.6434,-0.037259,0.042882,119.26,-0.0070727,0.027921,-132.59,-0.010345,0.036973,-44.352,-0.0032331,0.056387,-130.08,-0.015008,0.072643,-97.426
226,1036.1,4.6727,5.0963,-3.0868,18,24,1.3001,4.8882,-3.0574,3.379,0.023038,0.39063,104.21,6,trajectory,0.041077,1,0.14241,2.3037,1,running,0.023546,0.036086,0.43684,0.006435,0.068461,176.15,-0.0079257,0.048692,7.6434,-0.037259,0.042882,119.26,-0.0070727,0.027921,-132.59,-0.010345,0.036973,-44.352,-0.0032331,0.056387,-130.08,-0.015008,0.072643,-97.426
227,1036.3,4.5769,5.091,-3.0865,18,24,1.3001,4.8882,-3.0574,3.283,0.022141,0.3864,104.21,6,trajectory,0.041077,1,0.1419,3.2831,1,running,0.023546,0.036086,0.43683,0.006435,0.068461,176.15,-0.0079257,0.048692,7.6434,-0.037259,0.042882,119.26,-0.0070727,0.027921,-132.59,-0.010345,0.036973,-44.352,-0.0032331,0.056387,-130.08,-0.015008,0.072643,-97.426
228,1036.4,4.4691,5.0851,-3.0861,18,24,1.3001,4.8882,-3.0574,3.175,0.020864,0.3765,104.21,6,trajectory,0.041077,1,0.14912,3.1751,1,running,0.023546,0.036086,0.43684,0.006435,0.068461,176.15,-0.0079257,0.048692,7.6434,-0.037259,0.042882,119.26,-0.0070727,0.027921,-132.59,-0.010345,0.036973,-44.352,-0.0032331,0.056387,-130.08,-0.015008,0.072643,-97.426
229,1036.6,4.3733,5.0797,-3.0857,18,24,1.3001,4.8882,-3.0574,3.079,0.019589,0.36451,104.21,6,trajectory,0.041077,1,0.14387,3.0791,1,running,0.023546,0.036086,0.43684,0.006435,0.068461,176.15,-0.0079257,0.048692,7.6434,-0.037259,0.042882,119.26,-0.0070727,0.027921,-132.59,-0.010345,0.036973,-44.352,-0.0032331,0.056387,-130.08,-0.015008,0.072643,-97.426
230,1036.8,4.2774,5.0743,-3.0853,18,24,1.3001,4.8882,-3.0574,2.9831,0.018264,0.35078,104.21,6,trajectory,0.041077,1,0.1474,2.9831,1,running,0.023546,0.036086,0.43684,0.006435,0.068461,176.15,-0.0079257,0.048692,7.6434,-0.037259,0.042882,119.26,-0.0070727,0.027921,-132.59,-0.010345,0.036973,-44.352,-0.0032331,0.056387,-130.08,-0.015008,0.072643,-97.426
231,1036.9,4.1696,5.0682,-3.0848,18,24,1.3001,4.8882,-3.0574,2.8751,0.016786,0.3345,104.21,6,trajectory,0.041077,1,0.15113,2.8752,1,running,0.023546,0.036086,0.43684,0.006435,0.068461,176.15,-0.0079257,0.048692,7.6434,-0.037259,0.042882,119.26,-0.0070727,0.027921,-132.59,-0.010345,0.036973,-44.352,-0.0032331,0.056387,-130.08,-0.015008,0.072643,-97.426
232,1037.1,4.0738,5.0628,-3.0843,18,24,1.3001,4.8882,-3.0574,2.7792,0.015519,0.31993,104.21,6,trajectory,0.041077,1,0.16447,2.7792,1,running,0.023546,0.036086,0.43683,0.006435,0.068461,176.15,-0.0079257,0.048692,7.6434,-0.037259,0.042882,119.26,-0.0070727,0.027921,-132.59,-0.010345,0.036973,-44.352,-0.0032331,0.056387,-130.08,-0.015008,0.072643,-97.426
233,1037.3,3.966,5.0566,-3.0838,18,24,1.3001,4.8882,-3.0574,2.6712,0.014178,0.3041,104.21,6,trajectory,0.041077,1,0.17221,2.6712,1,running,0.023546,0.036086,0.43684,0.006435,0.068461,176.15,-0.0079257,0.048692,7.6434,-0.037259,0.042882,119.26,-0.0070727,0.027921,-132.59,-0.010345,0.036973,-44.352,-0.0032331,0.056387,-130.08,-0.015008,0.072643,-97.426
234,1037.5,3.8463,5.0496,-3.0833,18,24,1.3001,4.8882,-3.0574,2.5512,0.012802,0.2875,104.21,6,trajectory,0.041077,1,0.1521,2.5513,1,running,0.023546,0.036086,0.43684,0.006435,0.068461,176.15,-0.0079257,0.048692,7.6434,-0.037259,0.042882,119.26,-0.0070727,0.027921,-132.59,-0.010345,0.036973,-44.352,-0.0032331,0.056387,-130.08,-0.015008,0.072643,-97.426
235,1037.7,3.7505,5.044,-3.0829,18,24,1.3001,4.8882,-3.0574,2.4553,0.011792,0.27518,104.21,6,trajectory,0.041077,1,0.14331,2.4553,1,running,0.023546,0.036086,0.43684,0.006435,0.068461,176.15,-0.0079258,0.048692,7.6434,-0.037259,0.042882,119.26,-0.0070727,0.027921,-132.59,-0.010345,0.036973,-44.352,-0.0032331,0.056387,-130.08,-0.015008,0.072643,-97.426
236,1037.8,3.6427,5.0376,-3.0825,19,24,0.35803,4.5693,-2.4596,3.3066,0.2734,4.7267,104.21,6,trajectory,0.041077,1,0.14078,2.3473,1,running,0.023546,0.036086,0.43684,0.006435,0.068461,176.15,-0.0079257,0.048692,7.6434,-0.037259,0.042882,119.26,-0.0070727,0.027921,-132.59,-0.010345,0.036973,-44.352,-0.0032331,0.056387,-130.08,-0.015008,0.072643,-97.426
237,1038,3.5469,5.0319,-3.0821,19,24,0.35803,4.5693,-2.4596,3.2107,0.27219,4.8458,104.21,6,trajectory,0.041077,1,0.14661,3.2222,1,running,0.023546,0.036086,0.43684,0.006435,0.068461,176.15,-0.0079257,0.048692,7.6434,-0.037259,0.042882,119.26,-0.0070727,0.027921,-132.59,-0.010345,0.036973,-44.352,-0.0032331,0.056387,-130.08,-0.015008,0.072643,-97.426
238,1038.2,3.4391,5.0255,-3.0817,19,24,0.35803,4.5693,-2.4596,3.1028,0.27093,4.9902,104.21,6,trajectory,0.041077,1,0.14235,3.1146,1,running,0.023546,0.036086,0.43683,0.006435,0.068461,176.15,-0.0079257,0.048692,7.6434,-0.037259,0.042882,119.26,-0.0070727,0.027921,-132.59,-0.010345,0.036973,-44.352,-0.0032331,0.056387,-130.08,-0.015008,0.072643,-97.426
239,1038.3,3.3432,5.0197,-3.0813,19,24,0.35803,4.5693,-2.4596,3.0069,0.26987,5.1286,104.21,6,trajectory,0.041077,1,0.14983,3.019,1,running,0.023546,0.036086,0.43684,0.006435,0.068461,176.15,-0.0079257,0.048692,7.6434,-0.037259,0.042882,119.26,-0.0070727,0.027921,-132.59,-0.010345,0.036973,-44.352,-0.0032331,0.056387,-130.08,-0.015008,0.072643,-97.426
240,1038.5,3.2474,5.0139,-3.081,19,24,0.35803,4.5693,-2.4596,2.911,0.26888,5.2773,104.21,6,trajectory,0.041077,1,0.14146,2.9234,1,running,0.023546,0.036086,0.43684,0.006435,0.068461,176.15,-0.0079257,0.048692,7.6434,-0.037259,0.042882,119.26,-0.0070727,0.027921,-132.59,-0.010345,0.036973,-44.352,-0.0032331,0.056387,-130.08,-0.015008,0.072643,-97.426
241,1038.7,3.1516,5.0081,-3.0807,19,24,0.35803,4.5693,-2.4596,2.8151,0.26794,5.437,104.21,6,trajectory,0.041077,1,0.14028,2.8278,1,running,0.023546,0.036086,0.43684,0.006435,0.068461,176.15,-0.0079257,0.048692,7.6434,-0.037259,0.042882,119.26,-0.0070727,0.027921,-132.59,-0.010345,0.036973,-44.352,-0.0032331,0.056387,-130.08,-0.015008,0.072643,-97.426
242,1038.8,3.0558,5.0023,-3.0804,19,24,0.35803,4.5693,-2.4596,2.7192,0.26704,5.6089,104.21,6,trajectory,0.041077,1,0.14144,2.7323,1,running,0.023546,0.036086,0.43684,0.006435,0.068461,176.15,-0.0079257,0.048692,7.6434,-0.037259,0.042882,119.26,-0.0070727,0.027921,-132.59,-0.010345,0.036973,-44.352,-0.0032331,0.056387,-130.08,-0.015008,0.072643,-97.426
243,1039,2.96,4.9964,-3.08,19,24,0.35803,4.5693,-2.4596,2.6233,0.26619,5.7941,104.21,6,trajectory,0.041077,1,0.14024,2.6367,1,running,0.023546,0.036086,0.43684,0.006435,0.068461,176.15,-0.0079257,0.048692,7.6434,-0.037259,0.042882,119.26,-0.0070727,0.027921,-132.59,-0.010345,0.036973,-44.352,-0.0032331,0.056387,-130.08,-0.015008,0.072643,-97.426
244,1039.1,2.8641,4.9904,-3.0797,19,24,0.35803,4.5693,-2.4596,2.5274,0.26537,5.9941,104.21,6,trajectory,0.041077,1,0.13655,2.5412,1,running,0.023546,0.036086,0.43684,0.006435,0.068461,176.15,-0.0079257,0.048692,7.6434,-0.037259,0.042882,119.26,-0.0070727,0.027921,-132.59,-0.010345,0.036973,-44.352,-0.0032331,0.056387,-130.08,-0.015008,0.072643,-97.426
245,1039.3,2.7683,4.9845,-3.0794,19,24,0.35803,4.5693,-2.4596,2.4314,0.26459,6.2105,104.21,6,trajectory,0.041077,1,0.13575,2.4458,1,running,0.023546,0.036086,0.43684,0.006435,0.068461,176.15,-0.0079257,0.048692,7.6434,-0.037259,0.042882,119.26,-0.0070727,0.027921,-132.59,-0.010345,0.036973,-44.352,-0.0032331,0.056387,-130.08,-0.015008,0.072643,-97.426
246,1039.4,2.6845,4.9793,-3.0791,20,24,-0.087501,3.6566,-1.6324,2.8492,1.147,21.928,104.21,6,trajectory,0.041077,1,0.15229,2.3623,1,running,0.023546,0.036086,0.43683,0.006435,0.068461,176.15,-0.0079257,0.048692,7.6434,-0.037259,0.042882,119.26,-0.0070727,0.027921,-132.59,-0.010345,0.036973,-44.352,-0.0032331,0.056387,-130.08,-0.015008,0.072643,-97.426
247,1039.6,2.5767,4.9725,-3.0788,20,24,-0.087501,3.6566,-1.6324,2.7416,1.146,22.685,104.21,6,trajectory,0.041077,1,0.13547,2.9714,1,running,0.023546,0.036086,0.43684,0.006435,0.068461,176.15,-0.0079257,0.048692,7.6434,-0.037259,0.042882,119.26,-0.0070727,0.027921,-132.59,-0.010345,0.036973,-44.352,-0.0032331,0.056387,-130.08,-0.015008,0.072643,-97.426
248,1039.8,2.4689,4.9657,-3.0784,20,24,-0.087501,3.6566,-1.6324,2.634,1.145,23.496,104.21,6,trajectory,0.041077,1,0.13584,2.8721,1,running,0.023546,0.036086,0.43684,0.006435,0.068461,176.15,-0.0079257,0.048692,7.6434,-0.037259,0.042882,119.26,-0.0070727,0.027921,-132.59,-0.010345,0.036973,-44.352,-0.0032331,0.056387,-130.08,-0.015008,0.072643,-97.426
249,1039.9,2.3731,4.9596,-3.0781,20,24,-0.087501,3.6566,-1.6324,2.5383,1.1442,24.265,104.21,6,trajectory,0.041077,1,0.13325,2.7843,1,running,0.023546,0.036086,0.43684,0.006435,0.068461,176.15,-0.0079257,0.048692,7.6434,-0.037259,0.042882,119.26,-0.0070727,0.027921,-132.59,-0.010345,0.036973,-44.352,-0.0032331,0.056387,-130.08,-0.015008,0.072643,-97.426
250,1040.1,2.2893,4.9543,-3.0778,20,24,-0.087501,3.6566,-1.6324,2.4547,1.1435,24.979,104.21,6,trajectory,0.041077,1,0.13378,2.7079,1,running,0.023546,0.036086,0.43684,0.006435,0.068461,176.15,-0.0079257,0.048692,7.6434,-0.037259,0.042882,119.26,-0.0070727,0.027921,-132.59,-0.010345,0.036973,-44.352,-0.0032331,0.056387,-130.08,-0.015008,0.072643,-97.426
251,1040.2,2.1935,4.9481,-3.0775,20,24,-0.087501,3.6566,-1.6324,2.359,1.1428,25.847,104.21,6,trajectory,0.041077,1,0.13163,2.6212,1,running,0.023546,0.036086,0.43684,0.006435,0.068461,176.15,-0.0079257,0.048692,7.6434,-0.037259,0.042882,119.26,-0.0070727,0.027921,-132.59,-0.010345,0.036973,-44.352,-0.0032331,0.056387,-130.08,-0.015008,0.072643,-97.426
252,1040.4,2.1097,4.9428,-3.0772,20,24,-0.087501,3.6566,-1.6324,2.2753,1.1421,26.655,104.21,6,trajectory,0.041077,1,0.13249,2.5459,1,running,0.023546,0.036086,0.43684,0.006435,0.068461,176.15,-0.0079257,0.048692,7.6434,-0.037259,0.042882,119.26,-0.0070727,0.027921,-132.59,-0.010345,0.036973,-44.352,-0.0032331,0.056387,-130.08,-0.015008,0.072643,-97.426
253,1040.5,2.0139,4.9366,-3.0769,20,24,-0.087501,3.6566,-1.6324,2.1797,1.1414,27.639,104.21,6,trajectory,0.041077,1,0.1337,2.4605,1,running,0.023546,0.036086,0.43684,0.006435,0.068461,176.15,-0.0079257,0.048692,7.6434,-0.037259,0.042882,119.26,-0.0070727,0.027921,-132.59,-0.010345,0.036973,-44.352,-0.0032331,0.056387,-130.08,-0.015008,0.072643,-97.426
254,1040.7,1.93,4.9311,-3.0766,21,24,-0.017771,2.6279,-1.469,2.0932,2.1719,46.057,104.21,6,trajectory,0.041077,1,0.14094,2.3864,1,running,0.023546,0.036086,0.43683,0.006435,0.068461,176.15,-0.0079257,0.048692,7.6434,-0.037259,0.042882,119.26,-0.0070727,0.027921,-132.59,-0.010345,0.036973,-44.352,-0.0032331,0.056387,-130.08,-0.015008,0.072643,-97.426
255,1040.9,1.8342,4.9249,-3.0763,21,24,-0.017771,2.6279,-1.469,1.9979,2.1713,47.381,104.21,6,trajectory,0.041077,1,0.13664,2.9506,1,running,0.023546,0.036086,0.43684,0.006435,0.068461,176.15,-0.0079257,0.048692,7.6434,-0.037259,0.042882,119.26,-0.0070727,0.027921,-132.59,-0.010345,0.036973,-44.352,-0.0032331,0.056387,-130.08,-0.015008,0.072643,-97.426
256,1041,1.7265,4.9178,-3.076,21,24,-0.017771,2.6279,-1.469,1.8907,2.1706,48.942,104.21,6,trajectory,0.041077,1,0.13829,2.8786,1,running,0.023546,0.036086,0.43683,0.006435,0.068461,176.15,-0.0079257,0.048692,7.6434,-0.037259,0.042882,119.26,-0.0070727,0.027921,-132.59,-0.010345,0.036973,-44.352,-0.0032331,0.056387,-130.08,-0.015008,0.072643,-97.426
257,1041.2,1.6307,4.9115,-3.0756,21,24,-0.017771,2.6279,-1.469,1.7954,2.17,50.397,104.21,6,trajectory,0.041077,1,0.13446,2.8164,1,running,0.023546,0.036086,0.43684,0.006435,0.068461,176.15,-0.0079257,0.048692,7.6434,-0.037259,0.042882,119.26,-0.0070727,0.027921,-132.59,-0.010345,0.036973,-44.352,-0.0032331,0.056387,-130.08,-0.015008,0.072643,-97.426
258,1041.3,1.5469,4.906,-3.0753,21,24,-0.017771,2.6279,-1.469,1.7121,2.1694,51.718,104.21,6,trajectory,0.041077,1,0.13503,2.7636,1,running,0.023546,0.036086,0.43684,0.006435,0.068461,176.15,-0.0079257,0.048692,7.6434,-0.037259,0.042882,119.26,-0.0070727,0.027921,-132.59,-0.010345,0.036973,-44.352,-0.0032331,0.056387,-130.08,-0.015008,0.072643,-97.426
259,1041.5,1.4517,4.8995,-3.0727,21,24,-0.017771,2.6279,-1.469,1.6222,2.1652,53.158,104.21,6,trajectory,0.041077,1,0.13879,2.7055,1,running,0.023546,0.036086,0.43684,0.006435,0.068461,176.15,-0.0079257,0.048692,7.6434,-0.037259,0.042882,119.26,-0.0070727,0.027921,-132.59,-0.010345,0.036973,-44.352,-0.0032331,0.056387,-130.08,-0.015008,0.072643,-97.426
260,1041.6,1.3577,4.8928,-3.0658,21,24,-0.017771,2.6279,-1.469,1.543,2.1542,54.386,104.21,6,trajectory,0.041077,1,0.14229,2.6498,1,running,0.023546,0.036086,0.43684,0.006435,0.068461,176.15,-0.0079257,0.048692,7.6434,-0.037259,0.042882,119.26,-0.0070727,0.027921,-132.59,-0.010345,0.036973,-44.352,-0.0032331,0.056387,-130.08,-0.015008,0.072643,-97.426
261,1041.8,1.2659,4.8852,-3.0512,21,24,-0.017771,2.6279,-1.469,1.4823,2.1321,55.193,104.21,6,trajectory,0.041077,1,0.14173,2.5968,1,running,0.023546,0.036086,0.43684,0.006435,0.068461,176.15,-0.0079257,0.048692,7.6434,-0.037259,0.042882,119.26,-0.0070727,0.027921,-132.59,-0.010345,0.036973,-44.352,-0.0032331,0.056387,-130.08,-0.015008,0.072643,-97.426
262,1042,1.1767,4.8761,-3.0285,21,24,-0.017771,2.6279,-1.469,1.4406,2.099,55.538,104.21,6,trajectory,0.041077,1,0.13885,2.5458,1,running,0.023546,0.036086,0.43684,0.006435,0.068461,176.15,-0.0079257,0.048692,7.6434,-0.037259,0.042882,119.26,-0.0070727,0.027921,-132.59,-0.010345,0.036973,-44.352,-0.0032331,0.056387,-130.08,-0.015008,0.072643,-97.426
263,1042.1,1.0896,4.865,-2.9989,21,24,-0.017771,2.6279,-1.469,1.4142,2.0569,55.491,104.21,6,trajectory,0.041077,1,0.14304,2.4962,1,running,0.023546,0.036086,0.43684,0.006435,0.068461,176.15,-0.0079257,0.048692,7.6434,-0.037259,0.042882,119.26,-0.0070727,0.027921,-132.59,-0.010345,0.036973,-44.352,-0.0032331,0.056387,-130.08,-0.015008,0.072643,-97.426
264,1042.3,1.0058,4.8514,-2.9615,22,24,0.077342,1.5583,-1.4888,1.5032,3.0736,63.938,104.21,6,trajectory,0.041077,1,0.14041,2.4478,1,running,0.023546,0.036086,0.43684,0.006435,0.068461,176.15,-0.0079257,0.048692,7.6434,-0.037259,0.042882,119.26,-0.0070727,0.027921,-132.59,-0.010345,0.036973,-44.352,-0.0032331,0.056387,-130.08,-0.015008,0.072643,-97.426
265,1042.4,0.92443,4.8348,-2.9186,22,24,0.077342,1.5583,-1.4888,1.5508,3.0081,62.727,104.21,6,trajectory,0.041077,1,0.14013,3.3843,1,running,0.023546,0.036086,0.43684,0.006435,0.068461,176.15,-0.0079257,0.048692,7.6434,-0.037259,0.042882,119.26,-0.0070727,0.027921,-132.59,-0.010345,0.036973,-44.352,-0.0032331,0.056387,-130.08,-0.015008,0.072643,-97.426
266,1042.6,0.84565,4.815,-2.871,22,24,0.077342,1.5583,-1.4888,1.611,2.9328,61.22,104.21,6,trajectory,0.041077,1,0.13943,3.3461,1,running,0.023546,0.036086,0.43684,0.006435,0.068461,176.15,-0.0079257,0.048692,7.6434,-0.037259,0.042882,119.26,-0.0070727,0.027921,-132.59,-0.010345,0.036973,-44.352,-0.0032331,0.056387,-130.08,-0.015008,0.072643,-97.426
267,1042.8,0.77853,4.7948,-2.8263,22,24,0.077342,1.5583,-1.4888,1.6703,2.8595,59.709,104.21,6,trajectory,0.041077,1,0.14577,3.3116,1,running,0.023546,0.036086,0.43684,0.006435,0.068461,176.15,-0.0079257,0.048692,7.6434,-0.037259,0.042882,119.26,-0.0070727,0.027921,-132.59,-0.010345,0.036973,-44.352,-0.0032331,0.056387,-130.08,-0.015008,0.072643,-97.426
268,1042.9,0.69529,4.7648,-2.7653,22,24,0.077342,1.5583,-1.4888,1.7529,2.7552,57.535,104.21,6,trajectory,0.041077,1,0.14034,3.2656,1,running,0.023546,0.036086,0.43683,0.006435,0.068461,176.15,-0.0079257,0.048692,7.6434,-0.037259,0.042882,119.26,-0.0070727,0.027921,-132.59,-0.010345,0.036973,-44.352,-0.0032331,0.056387,-130.08,-0.015008,0.072643,-97.426
269,1043.1,0.62404,4.7343,-2.7087,22,24,0.077342,1.5583,-1.4888,1.8287,2.6537,55.43,104.21,6,trajectory,0.041077,1,0.14404,3.2228,1,running,0.023546,0.036086,0.43684,0.006435,0.068461,176.15,-0.0079257,0.048692,7.6434,-0.037259,0.042882,119.26,-0.0070727,0.027921,-132.59,-0.010345,0.036973,-44.352,-0.0032331,0.056387,-130.08,-0.015008,0.072643,-97.426
270,1043.2,0.55548,4.7002,-2.6502,22,24,0.077342,1.5583,-1.4888,1.9041,2.5446,53.193,104.21,6,trajectory,0.041077,1,0.13591,3.1781,1,running,0.023546,0.036086,0.43684,0.006435,0.068461,176.15,-0.0079257,0.048692,7.6434,-0.037259,0.042882,119.26,-0.0070727,0.027921,-132.59,-0.010345,0.036973,-44.352,-0.0032331,0.056387,-130.08,-0.015008,0.072643,-97.426
271,1043.4,0.48889,4.662,-2.5902,22,24,0.077342,1.5583,-1.4888,1.9765,2.4281,50.855,104.21,6,trajectory,0.041077,1,0.13625,3.1309,1,running,0.023546,0.036086,0.43683,0.006435,0.068461,176.15,-0.0079257,0.048692,7.6434,-0.037259,0.042882,119.26,-0.0070727,0.027921,-132.59,-0.010345,0.036973,-44.352,-0.0032331,0.056387,-130.08,-0.015008,0.072643,-97.426
272,1043.6,0.43332,4.6257,-2.5369,22,24,0.077342,1.5583,-1.4888,2.0368,2.3211,48.733,104.21,6,trajectory,0.041077,1,0.14445,3.088,1,running,0.023546,0.036086,0.43684,0.006435,0.068461,176.15,-0.0079257,0.048692,7.6434,-0.037259,0.042882,119.26,-0.0070727,0.027921,-132.59,-0.010345,0.036973,-44.352,-0.0032331,0.056387,-130.08,-0.015008,0.072643,-97.426
273,1043.7,0.36529,4.5751,-2.4673,22,24,0.077342,1.5583,-1.4888,2.1084,2.177,45.917,104.21,6,trajectory,0.041077,1,0.15335,3.0306,1,running,0.023546,0.036086,0.43684,0.006435,0.068461,176.15,-0.0079257,0.048692,7.6434,-0.037259,0.042882,119.26,-0.0070727,0.027921,-132.59,-0.010345,0.036973,-44.352,-0.0032331,0.056387,-130.08,-0.015008,0.072643,-97.426
274,1043.9,0.3084,4.5267,-2.4051,22,24,0.077342,1.5583,-1.4888,2.1651,2.0438,43.35,104.21,6,trajectory,0.041077,1,0.19512,2.9774,1,running,0.023546,0.036086,0.43684,0.006435,0.068461,176.15,-0.0079257,0.048692,7.6434,-0.037259,0.042882,119.26,-0.0070727,0.027921,-132.59,-0.010345,0.036973,-44.352,-0.0032331,0.056387,-130.08,-0.015008,0.072643,-97.426
275,1044.1,0.23504,4.4542,-2.3185,22,24,0.077342,1.5583,-1.4888,2.2307,1.8534,39.721,104.21,6,trajectory,0.041077,1,0.13727,2.9002,1,running,0.023546,0.036086,0.43684,0.006435,0.068461,176.15,-0.0079257,0.048692,7.6434,-0.037259,0.042882,119.26,-0.0070727,0.027921,-132.59,-0.010345,0.036973,-44.352,-0.0032331,0.056387,-130.08,-0.015008,0.072643,-97.426
276,1044.3,0.186,4.3978,-2.2553,22,24,0.077342,1.5583,-1.4888,2.2686,1.7112,37.028,104.21,6,trajectory,0.041077,1,0.13532,2.8416,1,running,0.023546,0.036086,0.43684,0.006435,0.068461,176.15,-0.0079257,0.048692,7.6434,-0.037259,0.042882,119.26,-0.0070727,0.027921,-132.59,-0.010345,0.036973,-44.352,-0.0032331,0.056387,-130.08,-0.015008,0.072643,-97.426
277,1044.4,0.14059,4.3384,-2.192,22,24,0.077342,1.5583,-1.4888,2.2976,1.5666,34.288,104.21,6,trajectory,0.041077,1,0.1357,2.7809,1,running,0.023546,0.036086,0.43684,0.006435,0.068461,176.15,-0.0079257,0.048692,7.6434,-0.037259,0.042882,119.26,-0.0070727,0.027921,-132.59,-0.010345,0.036973,-44.352,-0.0032331,0.056387,-130.08,-0.015008,0.072643,-97.426
278,1044.6,0.104,4.2842,-2.1365,22,24,0.077342,1.5583,-1.4888,2.3155,1.4387,31.854,104.21,6,trajectory,0.041077,1,0.13417,2.7261,1,running,0.023546,0.036086,0.43684,0.006435,0.068461,176.15,-0.0079257,0.048692,7.6434,-0.037259,0.042882,119.26,-0.0070727,0.027921,-132.59,-0.010345,0.036973,-44.352,-0.0032331,0.056387,-130.08,-0.015008,0.072643,-97.426
279,1044.7,0.066012,4.22,-2.0733,22,24,0.077342,1.5583,-1.4888,2.3272,1.2919,29.035,104.21,6,trajectory,0.041077,1,0.14144,2.6617,1,running,0.023546,0.036086,0.43684,0.006435,0.068461,176.15,-0.0079257,0.048692,7.6434,-0.037259,0.042882,119.26,-0.0070727,0.027921,-132.59,-0.010345,0.036973,-44.352,-0.0032331,0.056387,-130.08,-0.015008,0.072643,-97.426
280,1044.9,0.032053,4.1532,-2.01,22,24,0.077342,1.5583,-1.4888,2.3294,1.1445,26.165,104.21,6,trajectory,0.041077,1,0.1348,2.5954,1,running,0.023546,0.036086,0.43684,0.006435,0.068461,176.15,-0.0079257,0.048692,7.6434,-0.037259,0.042882,119.26,-0.0070727,0.027921,-132.59,-0.010345,0.036973,-44.352,-0.0032331,0.056387,-130.08,-0.015008,0.072643,-97.426
281,1045,0.0023244,4.0844,-1.9468,22,24,0.077342,1.5583,-1.4888,2.3221,0.99737,23.244,104.21,6,trajectory,0.041077,1,0.13507,2.5272,1,running,0.023546,0.036086,0.43683,0.006435,0.068461,176.15,-0.0079257,0.048692,7.6434,-0.037259,0.042882,119.26,-0.0070727,0.027921,-132.59,-0.010345,0.036973,-44.352,-0.0032331,0.056387,-130.08,-0.015008,0.072643,-97.426
282,1045.2,-0.020053,4.0228,-1.8922,22,24,0.077342,1.5583,-1.4888,2.3076,0.87103,20.68,104.21,6,trajectory,0.041077,1,0.13297,2.4665,1,running,0.023546,0.036086,0.43684,0.006435,0.068461,176.15,-0.0079257,0.048692,7.6434,-0.037259,0.042882,119.26,-0.0070727,0.027921,-132.59,-0.010345,0.036973,-44.352,-0.0032331,0.056387,-130.08,-0.015008,0.072643,-97.426
283,1045.3,-0.041774,3.9502,-1.8309,23,24,0.12418,0.99345,-1.4865,2.8146,0.92078,18.115,104.21,6,trajectory,0.041077,1,0.13525,2.3949,1,running,0.023546,0.036086,0.43683,0.006435,0.068461,176.15,-0.0079257,0.048692,7.6434,-0.037259,0.042882,119.26,-0.0070727,0.027921,-132.59,-0.010345,0.036973,-44.352,-0.0032331,0.056387,-130.08,-0.015008,0.072643,-97.426
284,1045.5,-0.057388,3.8847,-1.7794,23,24,0.12418,0.99345,-1.4865,2.791,0.77628,15.543,104.21,6,trajectory,0.041077,1,0.13657,2.8969,1,running,0.023546,0.036086,0.43684,0.006435,0.068461,176.15,-0.0079257,0.048692,7.6434,-0.037259,0.042882,119.26,-0.0070727,0.027921,-132.59,-0.010345,0.036973,-44.352,-0.0032331,0.056387,-130.08,-0.015008,0.072643,-97.426
285,1045.6,-0.071443,3.8077,-1.7245,23,24,0.12418,0.99345,-1.4865,2.7511,0.62415,12.782,104.21,6,trajectory,0.041077,1,0.13315,2.8211,1,running,0.023546,0.036086,0.43684,0.006435,0.068461,176.15,-0.0079257,0.048692,7.6434,-0.037259,0.042882,119.26,-0.0070727,0.027921,-132.59,-0.010345,0.036973,-44.352,-0.0032331,0.056387,-130.08,-0.015008,0.072643,-97.426
286,1045.8,-0.081647,3.7282,-1.6733,23,24,0.12418,0.99345,-1.4865,2.6993,0.48448,10.175,104.21,6,trajectory,0.041077,1,0.13725,2.7425,1,running,0.023546,0.036086,0.43684,0.006435,0.068461,176.15,-0.0079257,0.048692,7.6434,-0.037259,0.042882,119.26,-0.0070727,0.027921,-132.59,-0.010345,0.036973,-44.352,-0.0032331,0.056387,-130.08,-0.015008,0.072643,-97.426
287,1046,-0.087501,3.6566,-1.6324,23,24,0.12418,0.99345,-1.4865,2.6451,0.37536,8.0768,104.21,6,trajectory,0.041077,1,0.13504,2.6716,1,running,0.023546,0.036086,0.43684,0.006435,0.068461,176.15,-0.0079257,0.048692,7.6434,-0.037259,0.042882,119.26,-0.0070727,0.027921,-132.59,-0.010345,0.036973,-44.352,-0.0032331,0.056387,-130.08,-0.015008,0.072643,-97.426
288,1046.1,-0.090916,3.5728,-1.5918,23,24,0.12418,0.99345,-1.4865,2.5743,0.26911,5.9679,104.21,6,trajectory,0.041077,1,0.13514,2.5883,1,running,0.023546,0.036086,0.43684,0.006435,0.068461,176.15,-0.0079257,0.048692,7.6434,-0.037259,0.042882,119.26,-0.0070727,0.027921,-132.59,-0.010345,0.036973,-44.352,-0.0032331,0.056387,-130.08,-0.015008,0.072643,-97.426
289,1046.3,-0.091174,3.4868,-1.557,23,24,0.12418,0.99345,-1.4865,2.496,0.18101,4.1478,104.21,6,trajectory,0.041077,1,0.13843,2.5026,1,running,0.023546,0.036086,0.43684,0.006435,0.068461,176.15,-0.0079257,0.048692,7.6434,-0.037259,0.042882,119.26,-0.0070727,0.027921,-132.59,-0.010345,0.036973,-44.352,-0.0032331,0.056387,-130.08,-0.015008,0.072643,-97.426
290,1046.4,-0.088669,3.3988,-1.5287,23,24,0.12418,0.99345,-1.4865,2.4122,0.11144,2.6451,104.21,6,trajectory,0.041077,1,0.13989,2.4147,1,running,0.023546,0.036086,0.43684,0.006435,0.068461,176.15,-0.0079257,0.048692,7.6434,-0.037259,0.042882,119.26,-0.0070727,0.027921,-132.59,-0.010345,0.036973,-44.352,-0.0032331,0.056387,-130.08,-0.015008,0.072643,-97.426
291,1046.6,-0.084545,3.3204,-1.5086,23,24,0.12418,0.99345,-1.4865,2.3354,0.063648,1.5611,104.21,6,trajectory,0.041077,1,0.13836,2.3363,1,running,0.023546,0.036086,0.43684,0.006435,0.068461,176.15,-0.0079257,0.048692,7.6434,-0.037259,0.042882,119.26,-0.0070727,0.027921,-132.59,-0.010345,0.036973,-44.352,-0.0032331,0.056387,-130.08,-0.015008,0.072643,-97.426
292,1046.7,-0.078026,3.2293,-1.491,23,24,0.12418,0.99345,-1.4865,2.2449,0.023289,0.59438,104.21,6,trajectory,0.041077,1,0.1338,2.245,1,running,0.023546,0.036086,0.43684,0.006435,0.068461,176.15,-0.0079257,0.048692,7.6434,-0.037259,0.042882,119.26,-0.0070727,0.027921,-132.59,-0.010345,0.036973,-44.352,-0.0032331,0.056387,-130.08,-0.015008,0.072643,-97.426
293,1046.9,-0.070016,3.1369,-1.4788,23,24,0.12418,0.99345,-1.4865,2.1522,-0.0034771,-0.092566,104.21,6,trajectory,0.041077,1,0.14951,2.1522,1,running,0.023546,0.036086,0.43684,0.006435,0.068461,176.15,-0.0079257,0.048692,7.6434,-0.037259,0.042882,119.26,-0.0070727,0.027921,-132.59,-0.010345,0.036973,-44.352,-0.0032331,0.056387,-130.08,-0.015008,0.072643,-97.426
294,1047,-0.060992,3.0433,-1.4713,23,24,0.12418,0.99345,-1.4865,2.0581,-0.019431,-0.54094,104.21,6,trajectory,0.041077,1,0.14835,2.0582,1,running,0.023546,0.036086,0.43684,0.006435,0.068461,176.15,-0.0079257,0.048692,7.6434,-0.037259,0.042882,119.26,-0.0070727,0.027921,-132.59,-0.010345,0.036973,-44.352,-0.0032331,0.056387,-130.08,-0.015008,0.072643,-97.426
295,1047.2,-0.05133,2.9488,-1.4669,23,24,0.12418,0.99345,-1.4865,1.963,-0.028165,-0.82202,104.21,6,trajectory,0.041077,1,0.18864,1.9632,1,running,0.023546,0.036086,0.43684,0.006435,0.068461,176.15,-0.0079257,0.048692,7.6434,-0.037259,0.042882,119.26,-0.0070727,0.027921,-132.59,-0.010345,0.036973,-44.352,-0.0032331,0.056387,-130.08,-0.015008,0.072643,-97.426
