step,sim_time,x,y,yaw,subgoal,num_nodes,sg_x,sg_y,sg_yaw,goal_local_x,goal_local_y,goal_bearing_deg,pred_bearing_deg,modality,controller,v,w,latency,dist,similarity,state,wp0_x,wp0_y,wp0_yaw_deg,wp1_x,wp1_y,wp1_yaw_deg,wp2_x,wp2_y,wp2_yaw_deg,wp3_x,wp3_y,wp3_yaw_deg,wp4_x,wp4_y,wp4_yaw_deg,wp5_x,wp5_y,wp5_yaw_deg,wp6_x,wp6_y,wp6_yaw_deg,wp7_x,wp7_y,wp7_yaw_deg
1,1000,0,0,0,0,24,0,0,0,0,0,0,104.21,6,trajectory,0.041077,1,0.13491,0,1,running,0.023546,0.036086,0.43684,0.006435,0.068461,176.15,-0.0079257,0.048692,7.6434,-0.037259,0.042882,119.26,-0.0070727,0.027921,-132.59,-0.010345,0.036973,-44.352,-0.0032331,0.056387,-130.08,-0.015008,0.072643,-97.426
2,1000.2,0,0,0,0,24,0,0,0,0,0,0,104.21,6,trajectory,0.041077,1,0.13351,0,1,running,0.023546,0.036086,0.43684,0.006435,0.068461,176.15,-0.0079257,0.048692,7.6434,-0.037259,0.042882,119.26,-0.0070727,0.027921,-132.59,-0.010345,0.036973,-44.352,-0.0032331,0.056387,-130.08,-0.015008,0.072643,-97.426
3,1000.4,0,0,0,0,24,0,0,0,0,0,0,104.21,6,trajectory,0.041077,1,0.13552,0,1,running,0.023546,0.036086,0.43684,0.006435,0.068461,176.15,-0.0079257,0.048692,7.6434,-0.037259,0.042882,119.26,-0.0070727,0.027921,-132.59,-0.010345,0.036973,-44.352,-0.0032331,0.056387,-130.08,-0.015008,0.072643,-97.426
4,1000.5,0,0,0,0,24,0,0,0,0,0,0,104.21,6,trajectory,0.041077,1,0.1335,0,1,running,0.023546,0.036086,0.43684,0.006435,0.068461,176.15,-0.0079257,0.048692,7.6434,-0.037259,0.042882,119.26,-0.0070727,0.027921,-132.59,-0.010345,0.036973,-44.352,-0.0032331,0.056387,-130.08,-0.015008,0.072643,-97.426
5,1000.7,0,0,0,0,24,0,0,0,0,0,0,104.21,6,trajectory,0.041077,1,0.13436,0,1,running,0.023546,0.036086,0.43684,0.006435,0.068461,176.15,-0.0079257,0.048692,7.6434,-0.037259,0.042882,119.26,-0.0070727,0.027921,-132.59,-0.010345,0.036973,-44.352,-0.0032331,0.056387,-130.08,-0.015008,0.072643,-97.426
6,1000.8,0,0,0,0,24,0,0,0,0,0,0,104.21,6,trajectory,0.041077,1,0.13639,0,1,running,0.023546,0.036086,0.43684,0.006435,0.068461,176.15,-0.0079257,0.048692,7.6434,-0.037259,0.042882,119.26,-0.0070727,0.027921,-132.59,-0.010345,0.036973,-44.352,-0.0032331,0.056387,-130.08,-0.015008,0.072643,-97.426
7,1001,0,0,0,0,24,0,0,0,0,0,0,104.21,6,trajectory,0.041077,1,0.1349,0,1,running,0.023546,0.036086,0.43684,0.006435,0.068461,176.15,-0.0079257,0.048692,7.6434,-0.037259,0.042882,119.26,-0.0070727,0.027921,-132.59,-0.010345,0.036973,-44.352,-0.0032331,0.056387,-130.08,-0.015008,0.072643,-97.426
8,1001.1,0,0,0,0,24,0,0,0,0,0,0,104.21,6,trajectory,0.041077,1,0.1362,0,1,running,0.023546,0.036086,0.43684,0.006435,0.068461,176.15,-0.0079257,0.048692,7.6434,-0.037259,0.042882,119.26,-0.0070727,0.027921,-132.59,-0.010345,0.036973,-44.352,-0.0032331,0.056387,-130.08,-0.015008,0.072643,-97.426
9,1001.3,0,0,0,0,24,0,0,0,0,0,0,104.21,6,trajectory,0.041077,1,0.13274,0,1,running,0.023546,0.036086,0.43684,0.006435,0.068461,176.15,-0.0079257,0.048692,7.6434,-0.037259,0.042882,119.26,-0.0070727,0.027921,-132.59,-0.010345,0.036973,-44.352,-0.0032331,0.056387,-130.08,-0.015008,0.072643,-97.426
10,1001.4,0,0,0,0,24,0,0,0,0,0,0,104.21,6,trajectory,0.041077,1,0.13554,0,1,running,0.023546,0.036086,0.43684,0.006435,0.068461,176.15,-0.0079257,0.048692,7.6434,-0.037259,0.042882,119.26,-0.0070727,0.027921,-132.59,-0.010345,0.036973,-44.352,-0.0032331,0.056387,-130.08,-0.015008,0.072643,-97.426
11,1001.6,0,0,0,0,24,0,0,0,0,0,0,104.21,6,trajectory,0.041077,1,0.13471,0,1,running,0.023546,0.036086,0.43684,0.006435,0.068461,176.15,-0.0079257,0.048692,7.6434,-0.037259,0.042882,119.26,-0.0070727,0.027921,-132.59,-0.010345,0.036973,-44.352,-0.0032331,0.056387,-130.08,-0.015008,0.072643,-97.426
12,1001.7,0,0,0,0,24,0,0,0,0,0,0,104.21,6,trajectory,0.041077,1,0.13508,0,1,running,0.023546,0.036086,0.43684,0.006435,0.068461,176.15,-0.0079257,0.048692,7.6434,-0.037259,0.042882,119.26,-0.0070727,0.027921,-132.59,-0.010345,0.036973,-44.352,-0.0032331,0.056387,-130.08,-0.015008,0.072643,-97.426
13,1001.9,0,0,0,0,24,0,0,0,0,0,0,104.21,6,trajectory,0.041077,1,0.13788,0,1,running,0.023546,0.036086,0.43684,0.006435,0.068461,176.15,-0.0079257,0.048692,7.6434,-0.037259,0.042882,119.26,-0.0070727,0.027921,-132.59,-0.010345,0.036973,-44.352,-0.0032331,0.056387,-130.08,-0.015008,0.072643,-97.426
14,1002,0,0,0,0,24,0,0,0,0,0,0,104.21,6,trajectory,0.041077,1,0.1378,0,1,running,0.023546,0.036086,0.43684,0.006435,0.068461,176.15,-0.0079257,0.048692,7.6434,-0.037259,0.042882,119.26,-0.0070727,0.027921,-132.59,-0.010345,0.036973,-44.352,-0.0032331,0.056387,-130.08,-0.015008,0.072643,-97.426
15,1002.2,0,0,0,0,24,0,0,0,0,0,0,104.21,6,trajectory,0.041077,1,0.13827,0,1,running,0.023546,0.036086,0.43684,0.006435,0.068461,176.15,-0.0079257,0.048692,7.6434,-0.037259,0.042882,119.26,-0.0070727,0.027921,-132.59,-0.010345,0.036973,-44.352,-0.0032331,0.056387,-130.08,-0.015008,0.072643,-97.426
16,1002.4,0.084,1.176e-05,0.00028,0,24,0,0,0,-0.084,1.176e-05,179.99,104.21,6,trajectory,0.041077,1,0.15686,0.084,1,running,0.023546,0.036086,0.43684,0.006435,0.068461,176.15,-0.0079257,0.048692,7.6434,-0.037259,0.042882,119.26,-0.0070727,0.027921,-132.59,-0.010345,0.036973,-44.352,-0.0032331,0.056387,-130.08,-0.015008,0.072643,-97.426
17,1002.5,0.192,6.144e-05,0.00064,0,24,0,0,0,-0.192,6.144e-05,179.98,104.21,6,trajectory,0.041077,1,0.15121,0.192,1,running,0.023546,0.036086,0.43683,0.006435,0.068461,176.15,-0.0079257,0.048692,7.6434,-0.037259,0.042882,119.26,-0.0070727,0.027921,-132.59,-0.010345,0.036973,-44.352,-0.0032331,0.056387,-130.08,-0.015008,0.072643,-97.426
18,1002.7,0.3,0.00015,0.001,0,24,0,0,0,-0.3,0.00015,179.97,104.21,6,trajectory,0.041077,1,0.14689,0.3,1,running,0.023546,0.036086,0.43684,0.006435,0.068461,176.15,-0.0079257,0.048692,7.6434,-0.037259,0.042882,119.26,-0.0070727,0.027921,-132.59,-0.010345,0.036973,-44.352,-0.0032331,0.056387,-130.08,-0.015008,0.072643,-97.426
19,1002.9,0.396,0.00026136,0.00132,1,24,1.044,0.0018166,0.00348,0.648,0.00069984,0.061879,104.21,6,trajectory,0.041077,1,0.13957,0.396,1,running,0.023546,0.036086,0.43683,0.006435,0.068461,176.15,-0.0079257,0.048692,7.6434,-0.037259,0.042882,119.26,-0.0070727,0.027921,-132.59,-0.010345,0.036973,-44.352,-0.0032331,0.056387,-130.08,-0.015008,0.072643,-97.426
20,1003,0.504,0.00042336,0.00168,1,24,1.044,0.0018166,0.00348,0.54,0.000486,0.051566,104.21,6,trajectory,0.041077,1,0.14745,0.54,1,running,0.023546,0.036086,0.43684,0.006435,0.068461,176.15,-0.0079257,0.048692,7.6434,-0.037259,0.042882,119.26,-0.0070727,0.027921,-132.59,-0.010345,0.036973,-44.352,-0.0032331,0.056387,-130.08,-0.015008,0.072643,-97.426
21,1003.2,0.612,0.00062424,0.00204,1,24,1.044,0.0018166,0.00348,0.432,0.00031104,0.041253,104.21,6,trajectory,0.041077,1,0.14712,0.432,1,running,0.023546,0.036086,0.43683,0.006435,0.068461,176.15,-0.0079257,0.048692,7.6434,-0.037259,0.042882,119.26,-0.0070727,0.027921,-132.59,-0.010345,0.036973,-44.352,-0.0032331,0.056387,-130.08,-0.015008,0.072643,-97.426
22,1003.4,0.708,0.00083544,0.00236,2,24,2.124,0.0075189,0.00708,1.416,0.0033418,0.13522,104.21,6,trajectory,0.041077,1,0.1455,0.336,1,running,0.023546,0.036086,0.43684,0.006435,0.068461,176.15,-0.0079257,0.048692,7.6434,-0.037259,0.042882,119.26,-0.0070727,0.027921,-132.59,-0.010345,0.036973,-44.352,-0.0032331,0.056387,-130.08,-0.015008,0.072643,-97.426
23,1003.6,0.804,0.0010774,0.00268,2,24,2.124,0.0075189,0.00708,1.32,0.002904,0.12605,104.21,6,trajectory,0.041077,1,0.14591,1.32,1,running,0.023546,0.036086,0.43684,0.006435,0.068461,176.15,-0.0079257,0.048692,7.6434,-0.037259,0.042882,119.26,-0.0070727,0.027921,-132.59,-0.010345,0.036973,-44.352,-0.0032331,0.056387,-130.08,-0.015008,0.072643,-97.426
24,1003.7,0.912,0.0013862,0.00304,4,24,4.2839,0.030587,0.01428,3.3719,0.01895,0.322,104.21,6,trajectory,0.041077,1,0.14406,1.212,1,running,0.023546,0.036086,0.43684,0.006435,0.068461,176.15,-0.0079257,0.048692,7.6434,-0.037259,0.042882,119.26,-0.0070727,0.027921,-132.59,-0.010345,0.036973,-44.352,-0.0032331,0.056387,-130.08,-0.015008,0.072643,-97.426
25,1003.9,1.008,0.0016934,0.00336,4,24,4.2839,0.030587,0.01428,3.2759,0.017887,0.31283,104.21,6,trajectory,0.041077,1,0.14592,3.276,1,running,0.023546,0.036086,0.43684,0.006435,0.068461,176.15,-0.0079257,0.048692,7.6434,-0.037259,0.042882,119.26,-0.0070727,0.027921,-132.59,-0.010345,0.036973,-44.352,-0.0032331,0.056387,-130.08,-0.015008,0.072643,-97.426
26,1004.1,1.128,0.0021206,0.00376,4,24,4.2839,0.030587,0.01428,3.1559,0.0166,0.30138,104.21,6,trajectory,0.041077,1,0.14838,3.156,1,running,0.023546,0.036086,0.43684,0.006435,0.068461,176.15,-0.0079257,0.048692,7.6434,-0.037259,0.042882,119.26,-0.0070727,0.027921,-132.59,-0.010345,0.036973,-44.352,-0.0032331,0.056387,-130.08,-0.015008,0.072643,-97.426
27,1004.3,1.224,0.002497,0.00408,4,24,4.2839,0.030587,0.01428,3.0599,0.015606,0.29221,104.21,6,trajectory,0.041077,1,0.14705,3.06,1,running,0.023546,0.036086,0.43683,0.006435,0.068461,176.15,-0.0079257,0.048692,7.6434,-0.037259,0.042882,119.26,-0.0070727,0.027921,-132.59,-0.010345,0.036973,-44.352,-0.0032331,0.056387,-130.08,-0.015008,0.072643,-97.426
28,1004.4,1.332,0.002957,0.00444,4,24,4.2839,0.030587,0.01428,2.952,0.014524,0.2819,104.21,6,trajectory,0.041077,1,0.14572,2.952,1,running,0.023546,0.036086,0.43683,0.006435,0.068461,176.15,-0.0079257,0.048692,7.6434,-0.037259,0.042882,119.26,-0.0070727,0.027921,-132.59,-0.010345,0.036973,-44.352,-0.0032331,0.056387,-130.08,-0.015008,0.072643,-97.426
29,1004.6,1.428,0.0033986,0.00476,4,24,4.2839,0.030587,0.01428,2.856,0.013594,0.27273,104.21,6,trajectory,0.041077,1,0.14636,2.856,1,running,0.023546,0.036086,0.43683,0.006435,0.068461,176.15,-0.0079257,0.048692,7.6434,-0.037259,0.042882,119.26,-0.0070727,0.027921,-132.59,-0.010345,0.036973,-44.352,-0.0032331,0.056387,-130.08,-0.015008,0.072643,-97.426
30,1004.7,1.524,0.003871,0.00508,4,24,4.2839,0.030587,0.01428,2.76,0.012696,0.26356,104.21,6,trajectory,0.041077,1,0.14435,2.76,1,running,0.023546,0.036086,0.43684,0.006435,0.068461,176.15,-0.0079257,0.048692,7.6434,-0.037259,0.042882,119.26,-0.0070727,0.027921,-132.59,-0.010345,0.036973,-44.352,-0.0032331,0.056387,-130.08,-0.015008,0.072643,-97.426
31,1004.9,1.62,0.004374,0.0054,4,24,4.2839,0.030587,0.01428,2.664,0.011828,0.25439,104.21,6,trajectory,0.041077,1,0.1499,2.664,1,running,0.023546,0.036086,0.43683,0.006435,0.068461,176.15,-0.0079257,0.048692,7.6434,-0.037259,0.042882,119.26,-0.0070727,0.027921,-132.59,-0.010345,0.036973,-44.352,-0.0032331,0.056387,-130.08,-0.015008,0.072643,-97.426
32,1005.1,1.728,0.0049766,0.00576,4,24,4.2839,0.030587,0.01428,2.556,0.010888,0.24408,104.21,6,trajectory,0.041077,1,0.14827,2.556,1,running,0.023546,0.036086,0.43684,0.006435,0.068461,176.15,-0.0079257,0.048692,7.6434,-0.037259,0.042882,119.26,-0.0070727,0.027921,-132.59,-0.010345,0.036973,-44.352,-0.0032331,0.056387,-130.08,-0.015008,0.072643,-97.426
33,1005.2,1.824,0.0055449,0.00608,4,24,4.2839,0.030587,0.01428,2.46,0.010086,0.23491,104.21,6,trajectory,0.041077,1,0.14547,2.46,1,running,0.023546,0.036086,0.43683,0.006435,0.068461,176.15,-0.0079257,0.048692,7.6434,-0.037259,0.042882,119.26,-0.0070727,0.027921,-132.59,-0.010345,0.036973,-44.352,-0.0032331,0.056387,-130.08,-0.015008,0.072643,-97.426
34,1005.4,1.92,0.006144,0.0064,5,24,5.3637,0.047953,0.01788,3.4439,0.019768,0.32888,104.21,6,trajectory,0.041077,1,0.14554,2.364,1,running,0.023546,0.036086,0.43684,0.006435,0.068461,176.15,-0.0079257,0.048692,7.6434,-0.037259,0.042882,119.26,-0.0070727,0.027921,-132.59,-0.010345,0.036973,-44.352,-0.0032331,0.056387,-130.08,-0.015008,0.072643,-97.426
35,1005.6,2.028,0.0068546,0.00676,5,24,5.3637,0.047953,0.01788,3.3359,0.018548,0.31856,104.21,6,trajectory,0.041077,1,0.14402,3.336,1,running,0.023546,0.036086,0.43683,0.006435,0.068461,176.15,-0.0079257,0.048692,7.6434,-0.037259,0.042882,119.26,-0.0070727,0.027921,-132.59,-0.010345,0.036973,-44.352,-0.0032331,0.056387,-130.08,-0.015008,0.072643,-97.426
36,1005.8,2.124,0.0075189,0.00708,5,24,5.3637,0.047953,0.01788,3.2399,0.017496,0.3094,104.21,6,trajectory,0.041077,1,0.14496,3.24,1,running,0.023546,0.036086,0.43683,0.006435,0.068461,176.15,-0.0079257,0.048692,7.6434,-0.037259,0.042882,119.26,-0.0070727,0.027921,-132.59,-0.010345,0.036973,-44.352,-0.0032331,0.056387,-130.08,-0.015008,0.072643,-97.426
37,1005.9,2.232,0.008303,0.00744,5,24,5.3637,0.047953,0.01788,3.1319,0.016349,0.29908,104.21,6,trajectory,0.041077,1,0.14273,3.132,1,running,0.023546,0.036086,0.43684,0.006435,0.068461,176.15,-0.0079257,0.048692,7.6434,-0.037259,0.042882,119.26,-0.0070727,0.027921,-132.59,-0.010345,0.036973,-44.352,-0.0032331,0.056387,-130.08,-0.015008,0.072643,-97.426
38,1006.1,2.316,0.0089397,0.00772,5,24,5.3637,0.047953,0.01788,3.0479,0.015484,0.29106,104.21,6,trajectory,0.041077,1,0.14591,3.048,1,running,0.023546,0.036086,0.43683,0.006435,0.068461,176.15,-0.0079257,0.048692,7.6434,-0.037259,0.042882,119.26,-0.0070727,0.027921,-132.59,-0.010345,0.036973,-44.352,-0.0032331,0.056387,-130.08,-0.015008,0.072643,-97.426
39,1006.2,2.424,0.0097929,0.00808,5,24,5.3637,0.047953,0.01788,2.94,0.014406,0.28075,104.21,6,trajectory,0.041077,1,0.14474,2.94,1,running,0.023546,0.036086,0.43683,0.006435,0.068461,176.15,-0.0079257,0.048692,7.6434,-0.037259,0.042882,119.26,-0.0070727,0.027921,-132.59,-0.010345,0.036973,-44.352,-0.0032331,0.056387,-130.08,-0.015008,0.072643,-97.426
40,1006.4,2.52,0.010584,0.0084,5,24,5.3637,0.047953,0.01788,2.844,0.01348,0.27158,104.21,6,trajectory,0.041077,1,0.14469,2.844,1,running,0.023546,0.036086,0.43684,0.006435,0.068461,176.15,-0.0079257,0.048692,7.6434,-0.037259,0.042882,119.26,-0.0070727,0.027921,-132.59,-0.010345,0.036973,-44.352,-0.0032331,0.056387,-130.08,-0.015008,0.072643,-97.426
41,1006.6,2.616,0.011406,0.00872,5,24,5.3637,0.047953,0.01788,2.748,0.012586,0.26241,104.21,6,trajectory,0.041077,1,0.14437,2.748,1,running,0.023546,0.036086,0.43684,0.006435,0.068461,176.15,-0.0079257,0.048692,7.6434,-0.037259,0.042882,119.26,-0.0070727,0.027921,-132.59,-0.010345,0.036973,-44.352,-0.0032331,0.056387,-130.08,-0.015008,0.072643,-97.426
42,1006.7,2.712,0.012258,0.00904,5,24,5.3637,0.047953,0.01788,2.652,0.011722,0.25325,104.21,6,trajectory,0.041077,1,0.13289,2.652,1,running,0.023546,0.036086,0.43683,0.006435,0.068461,176.15,-0.0079257,0.048692,7.6434,-0.037259,0.042882,119.26,-0.0070727,0.027921,-132.59,-0.010345,0.036973,-44.352,-0.0032331,0.056387,-130.08,-0.015008,0.072643,-97.426
43,1006.9,2.796,0.013029,0.00932,5,24,5.3637,0.047953,0.01788,2.568,0.010991,0.24523,104.21,6,trajectory,0.041077,1,0.13521,2.568,1,running,0.023546,0.036086,0.43684,0.006435,0.068461,176.15,-0.0079257,0.048692,7.6434,-0.037259,0.042882,119.26,-0.0070727,0.027921,-132.59,-0.010345,0.036973,-44.352,-0.0032331,0.056387,-130.08,-0.015008,0.072643,-97.426
44,1007,2.892,0.013939,0.00964,5,24,5.3637,0.047953,0.01788,2.472,0.010185,0.23606,104.21,6,trajectory,0.041077,1,0.13324,2.472,1,running,0.023546,0.036086,0.43684,0.006435,0.068461,176.15,-0.0079257,0.048692,7.6434,-0.037259,0.042882,119.26,-0.0070727,0.027921,-132.59,-0.010345,0.036973,-44.352,-0.0032331,0.056387,-130.08,-0.015008,0.072643,-97.426
45,1007.2,2.976,0.014761,0.00992,6,24,6.4435,0.069206,0.02148,3.4679,0.020045,0.33117,104.21,6,trajectory,0.041077,1,0.13416,2.388,1,running,0.023546,0.036086,0.43683,0.006435,0.068461,176.15,-0.0079257,0.048692,7.6434,-0.037259,0.042882,119.26,-0.0070727,0.027921,-132.59,-0.010345,0.036973,-44.352,-0.0032331,0.056387,-130.08,-0.015008,0.072643,-97.426
46,1007.3,3.0719,0.015729,0.01024,6,24,6.4435,0.069206,0.02148,3.3719,0.01895,0.322,104.21,6,trajectory,0.041077,1,0.13516,3.372,1,running,0.023546,0.036086,0.43684,0.006435,0.068461,176.15,-0.0079257,0.048692,7.6434,-0.037259,0.042882,119.26,-0.0070727,0.027921,-132.59,-0.010345,0.036973,-44.352,-0.0032331,0.056387,-130.08,-0.015008,0.072643,-97.426
47,1007.5,3.1679,0.016727,0.01056,6,24,6.4435,0.069206,0.02148,3.2759,0.017887,0.31283,104.21,6,trajectory,0.041077,1,0.13385,3.276,1,running,0.023546,0.036086,0.43684,0.006435,0.068461,176.15,-0.0079257,0.048692,7.6434,-0.037259,0.042882,119.26,-0.0070727,0.027921,-132.59,-0.010345,0.036973,-44.352,-0.0032331,0.056387,-130.08,-0.015008,0.072643,-97.426
48,1007.6,3.2639,0.017756,0.01088,6,24,6.4435,0.069206,0.02148,3.1799,0.016854,0.30367,104.21,6,trajectory,0.041077,1,0.13581,3.18,1,running,0.023546,0.036086,0.43683,0.006435,0.068461,176.15,-0.0079257,0.048692,7.6434,-0.037259,0.042882,119.26,-0.0070727,0.027921,-132.59,-0.010345,0.036973,-44.352,-0.0032331,0.056387,-130.08,-0.015008,0.072643,-97.426
49,1007.8,3.3599,0.018816,0.0112,6,24,6.4435,0.069206,0.02148,3.0839,0.015852,0.2945,104.21,6,trajectory,0.041077,1,0.13622,3.084,1,running,0.023546,0.036086,0.43684,0.006435,0.068461,176.15,-0.0079257,0.048692,7.6434,-0.037259,0.042882,119.26,-0.0070727,0.027921,-132.59,-0.010345,0.036973,-44.352,-0.0032331,0.056387,-130.08,-0.015008,0.072643,-97.426
50,1008,3.4439,0.019768,0.01148,6,24,6.4435,0.069206,0.02148,3,0.015,0.28648,104.21,6,trajectory,0.041077,1,0.13613,3,1,running,0.023546,0.036086,0.43683,0.006435,0.068461,176.15,-0.0079257,0.048692,7.6434,-0.037259,0.042882,119.26,-0.0070727,0.027921,-132.59,-0.010345,0.036973,-44.352,-0.0032331,0.056387,-130.08,-0.015008,0.072643,-97.426
51,1008.1,3.5399,0.020886,0.0118,6,24,6.4435,0.069206,0.02148,2.904,0.014055,0.27731,104.21,6,trajectory,0.041077,1,0.14256,2.904,1,running,0.023546,0.036086,0.43683,0.006435,0.068461,176.15,-0.0079257,0.048692,7.6434,-0.037259,0.042882,119.26,-0.0070727,0.027921,-132.59,-0.010345,0.036973,-44.352,-0.0032331,0.056387,-130.08,-0.015008,0.072643,-97.426
52,1008.3,3.6479,0.02218,0.01216,6,24,6.4435,0.069206,0.02148,2.796,0.013029,0.267,104.21,6,trajectory,0.041077,1,0.13288,2.796,1,running,0.023546,0.036086,0.43684,0.006435,0.068461,176.15,-0.0079257,0.048692,7.6434,-0.037259,0.042882,119.26,-0.0070727,0.027921,-132.59,-0.010345,0.036973,-44.352,-0.0032331,0.056387,-130.08,-0.015008,0.072643,-97.426
53,1008.4,3.7319,0.023213,0.01244,6,24,6.4435,0.069206,0.02148,2.712,0.012258,0.25898,104.21,6,trajectory,0.041077,1,0.13628,2.712,1,running,0.023546,0.036086,0.43684,0.006435,0.068461,176.15,-0.0079257,0.048692,7.6434,-0.037259,0.042882,119.26,-0.0070727,0.027921,-132.59,-0.010345,0.036973,-44.352,-0.0032331,0.056387,-130.08,-0.015008,0.072643,-97.426
54,1008.6,3.8279,0.024422,0.01276,6,24,6.4435,0.069206,0.02148,2.616,0.011406,0.24981,104.21,6,trajectory,0.041077,1,0.13424,2.616,1,running,0.023546,0.036086,0.43684,0.006435,0.068461,176.15,-0.0079257,0.048692,7.6434,-0.037259,0.042882,119.26,-0.0070727,0.027921,-132.59,-0.010345,0.036973,-44.352,-0.0032331,0.056387,-130.08,-0.015008,0.072643,-97.426
55,1008.7,3.9119,0.025506,0.01304,6,24,6.4435,0.069206,0.02148,2.532,0.010685,0.24179,104.21,6,trajectory,0.041077,1,0.13387,2.532,1,running,0.023546,0.036086,0.43684,0.006435,0.068461,176.15,-0.0079257,0.048692,7.6434,-0.037259,0.042882,119.26,-0.0070727,0.027921,-132.59,-0.010345,0.036973,-44.352,-0.0032331,0.056387,-130.08,-0.015008,0.072643,-97.426
56,1008.9,4.0079,0.026773,0.01336,6,24,6.4435,0.069206,0.02148,2.436,0.0098901,0.23262,104.21,6,trajectory,0.041077,1,0.135,2.436,1,running,0.023546,0.036086,0.43683,0.006435,0.068461,176.15,-0.0079257,0.048692,7.6434,-0.037259,0.042882,119.26,-0.0070727,0.027921,-132.59,-0.010345,0.036973,-44.352,-0.0032331,0.056387,-130.08,-0.015008,0.072643,-97.426
57,1009,4.1039,0.028071,0.01368,7,24,7.4382,0.19515,0.37631,3.3363,0.12145,2.0848,104.21,6,trajectory,0.041077,1,0.13443,2.34,1,running,0.023546,0.036086,0.43683,0.006435,0.068461,176.15,-0.0079257,0.048692,7.6434,-0.037259,0.042882,119.26,-0.0070727,0.027921,-132.59,-0.010345,0.036973,-44.352,-0.0032331,0.056387,-130.08,-0.015008,0.072643,-97.426
58,1009.2,4.1879,0.029232,0.01396,7,24,7.4382,0.19515,0.37631,3.2523,0.12053,2.1223,104.21,6,trajectory,0.041077,1,0.13541,3.2545,1,running,0.023546,0.036086,0.43683,0.006435,0.068461,176.15,-0.0079257,0.048692,7.6434,-0.037259,0.042882,119.26,-0.0070727,0.027921,-132.59,-0.010345,0.036973,-44.352,-0.0032331,0.056387,-130.08,-0.015008,0.072643,-97.426
59,1009.4,4.2959,0.030759,0.01432,7,24,7.4382,0.19515,0.37631,3.1443,0.11938,2.1742,104.21,6,trajectory,0.041077,1,0.13569,3.1466,1,running,0.023546,0.036086,0.43684,0.006435,0.068461,176.15,-0.0079257,0.048692,7.6434,-0.037259,0.042882,119.26,-0.0070727,0.027921,-132.59,-0.010345,0.036973,-44.352,-0.0032331,0.056387,-130.08,-0.015008,0.072643,-97.426
60,1009.5,4.3798,0.031973,0.0146,7,24,7.4382,0.19515,0.37631,3.0604,0.11851,2.2175,104.21,6,trajectory,0.041077,1,0.13504,3.0627,1,running,0.023546,0.036086,0.43684,0.006435,0.068461,176.15,-0.0079257,0.048692,7.6434,-0.037259,0.042882,119.26,-0.0070727,0.027921,-132.59,-0.010345,0.036973,-44.352,-0.0032331,0.056387,-130.08,-0.015008,0.072643,-97.426
61,1009.7,4.4758,0.03339,0.01492,7,24,7.4382,0.19515,0.37631,2.9644,0.11754,2.2707,104.21,6,trajectory,0.041077,1,0.14043,2.9667,1,running,0.023546,0.036086,0.43684,0.006435,0.068461,176.15,-0.0079257,0.048692,7.6434,-0.037259,0.042882,119.26,-0.0070727,0.027921,-132.59,-0.010345,0.036973,-44.352,-0.0032331,0.056387,-130.08,-0.015008,0.072643,-97.426
62,1009.8,4.5718,0.034838,0.01524,7,24,7.4382,0.19515,0.37631,2.8685,0.11661,2.3279,104.21,6,trajectory,0.041077,1,0.13911,2.8708,1,running,0.023546,0.036086,0.43684,0.006435,0.068461,176.15,-0.0079257,0.048692,7.6434,-0.037259,0.042882,119.26,-0.0070727,0.027921,-132.59,-0.010345,0.036973,-44.352,-0.0032331,0.056387,-130.08,-0.015008,0.072643,-97.426
63,1010,4.6678,0.036316,0.01556,7,24,7.4382,0.19515,0.37631,2.7725,0.11571,2.3898,104.21,6,trajectory,0.041077,1,0.14851,2.7749,1,running,0.023546,0.036086,0.43683,0.006435,0.068461,176.15,-0.0079257,0.048692,7.6434,-0.037259,0.042882,119.26,-0.0070727,0.027921,-132.59,-0.010345,0.036973,-44.352,-0.0032331,0.056387,-130.08,-0.015008,0.072643,-97.426
64,1010.1,4.7638,0.037825,0.01588,7,24,7.4382,0.19515,0.37631,2.6765,0.11483,2.4567,104.21,6,trajectory,0.041077,1,0.15006,2.679,1,running,0.023546,0.036086,0.43683,0.006435,0.068461,176.15,-0.0079257,0.048692,7.6434,-0.037259,0.042882,119.26,-0.0070727,0.027921,-132.59,-0.010345,0.036973,-44.352,-0.0032331,0.056387,-130.08,-0.015008,0.072643,-97.426
65,1010.3,4.8598,0.039365,0.0162,7,24,7.4382,0.19515,0.37631,2.5806,0.11399,2.5293,104.21,6,trajectory,0.041077,1,0.14684,2.5831,1,running,0.023546,0.036086,0.43684,0.006435,0.068461,176.15,-0.0079257,0.048692,7.6434,-0.037259,0.042882,119.26,-0.0070727,0.027921,-132.59,-0.010345,0.036973,-44.352,-0.0032331,0.056387,-130.08,-0.015008,0.072643,-97.426
66,1010.5,4.9678,0.041134,0.01656,7,24,7.4382,0.19515,0.37631,2.4726,0.11308,2.6186,104.21,6,trajectory,0.041077,1,0.13938,2.4752,1,running,0.023546,0.036086,0.43684,0.006435,0.068461,176.15,-0.0079257,0.048692,7.6434,-0.037259,0.042882,119.26,-0.0070727,0.027921,-132.59,-0.010345,0.036973,-44.352,-0.0032331,0.056387,-130.08,-0.015008,0.072643,-97.426
67,1010.6,5.0518,0.042537,0.01684,8,24,8.1293,0.88577,1.2068,3.0913,0.79129,14.358,104.21,6,trajectory,0.041077,1,0.13862,2.3913,1,running,0.023546,0.036086,0.43683,0.006435,0.068461,176.15,-0.0079257,0.048692,7.6434,-0.037259,0.042882,119.26,-0.0070727,0.027921,-132.59,-0.010345,0.036973,-44.352,-0.0032331,0.056387,-130.08,-0.015008,0.072643,-97.426
68,1010.8,5.1477,0.044169,0.01716,8,24,8.1293,0.88577,1.2068,2.9956,0.79031,14.779,104.21,6,trajectory,0.041077,1,0.13819,3.0981,1,running,0.023546,0.036086,0.43683,0.006435,0.068461,176.15,-0.0079257,0.048692,7.6434,-0.037259,0.042882,119.26,-0.0070727,0.027921,-132.59,-0.010345,0.036973,-44.352,-0.0032331,0.056387,-130.08,-0.015008,0.072643,-97.426
69,1011,5.2557,0.046041,0.01752,8,24,8.1293,0.88577,1.2068,2.8878,0.78925,15.286,104.21,6,trajectory,0.041077,1,0.13777,2.9938,1,running,0.023546,0.036086,0.43684,0.006435,0.068461,176.15,-0.0079257,0.048692,7.6434,-0.037259,0.042882,119.26,-0.0070727,0.027921,-132.59,-0.010345,0.036973,-44.352,-0.0032331,0.056387,-130.08,-0.015008,0.072643,-97.426
70,1011.1,5.3397,0.047525,0.0178,8,24,8.1293,0.88577,1.2068,2.8041,0.78846,15.705,104.21,6,trajectory,0.041077,1,0.13864,2.9128,1,running,0.023546,0.036086,0.43683,0.006435,0.068461,176.15,-0.0079257,0.048692,7.6434,-0.037259,0.042882,119.26,-0.0070727,0.027921,-132.59,-0.010345,0.036973,-44.352,-0.0032331,0.056387,-130.08,-0.015008,0.072643,-97.426
71,1011.3,5.4357,0.049249,0.01812,8,24,8.1293,0.88577,1.2068,2.7083,0.78757,16.214,104.21,6,trajectory,0.041077,1,0.13658,2.8205,1,running,0.023546,0.036086,0.43684,0.006435,0.068461,176.15,-0.0079257,0.048692,7.6434,-0.037259,0.042882,119.26,-0.0070727,0.027921,-132.59,-0.010345,0.036973,-44.352,-0.0032331,0.056387,-130.08,-0.015008,0.072643,-97.426
72,1011.4,5.5317,0.051004,0.01844,8,24,8.1293,0.88577,1.2068,2.6126,0.78672,16.759,104.21,6,trajectory,0.041077,1,0.13643,2.7285,1,running,0.023546,0.036086,0.43684,0.006435,0.068461,176.15,-0.0079257,0.048692,7.6434,-0.037259,0.042882,119.26,-0.0070727,0.027921,-132.59,-0.010345,0.036973,-44.352,-0.0032331,0.056387,-130.08,-0.015008,0.072643,-97.426
73,1011.6,5.6277,0.052789,0.01876,8,24,8.1293,0.88577,1.2068,2.5168,0.7859,17.341,104.21,6,trajectory,0.041077,1,0.13704,2.6367,1,running,0.023546,0.036086,0.43684,0.006435,0.068461,176.15,-0.0079257,0.048692,7.6434,-0.037259,0.042882,119.26,-0.0070727,0.027921,-132.59,-0.010345,0.036973,-44.352,-0.0032331,0.056387,-130.08,-0.015008,0.072643,-97.426
74,1011.7,5.7237,0.054605,0.01908,8,24,8.1293,0.88577,1.2068,2.4211,0.78511,17.967,104.21,6,trajectory,0.041077,1,0.13597,2.5452,1,running,0.023546,0.036086,0.43684,0.006435,0.068461,176.15,-0.0079257,0.048692,7.6434,-0.037259,0.042882,119.26,-0.0070727,0.027921,-132.59,-0.010345,0.036973,-44.352,-0.0032331,0.056387,-130.08,-0.015008,0.072643,-97.426
75,1011.9,5.8076,0.05622,0.01936,8,24,8.1293,0.88577,1.2068,2.3373,0.78445,18.553,104.21,6,trajectory,0.041077,1,0.1351,2.4654,1,running,0.023546,0.036086,0.43683,0.006435,0.068461,176.15,-0.0079257,0.048692,7.6434,-0.037259,0.042882,119.26,-0.0070727,0.027921,-132.59,-0.010345,0.036973,-44.352,-0.0032331,0.056387,-130.08,-0.015008,0.072643,-97.426
76,1012,5.9036,0.058093,0.01968,9,24,8.2082,1.9457,1.6302,2.3413,1.8419,38.192,104.21,6,trajectory,0.041077,1,0.13818,2.3746,1,running,0.023546,0.036086,0.43683,0.006435,0.068461,176.15,-0.0079257,0.048692,7.6434,-0.037259,0.042882,119.26,-0.0070727,0.027921,-132.59,-0.010345,0.036973,-44.352,-0.0032331,0.056387,-130.08,-0.015008,0.072643,-97.426
77,1012.2,5.9996,0.059998,0.02,9,24,8.2082,1.9457,1.6302,2.2459,1.8412,39.345,104.21,6,trajectory,0.041077,1,0.1386,2.9041,1,running,0.023546,0.036086,0.43684,0.006435,0.068461,176.15,-0.0079257,0.048692,7.6434,-0.037259,0.042882,119.26,-0.0070727,0.027921,-132.59,-0.010345,0.036973,-44.352,-0.0032331,0.056387,-130.08,-0.015008,0.072643,-97.426
78,1012.4,6.0956,0.061933,0.02032,9,24,8.2082,1.9457,1.6302,2.1505,1.8405,40.558,104.21,6,trajectory,0.041077,1,0.13683,2.8305,1,running,0.023546,0.036086,0.43684,0.006435,0.068461,176.15,-0.0079257,0.048692,7.6434,-0.037259,0.042882,119.26,-0.0070727,0.027921,-132.59,-0.010345,0.036973,-44.352,-0.0032331,0.056387,-130.08,-0.015008,0.072643,-97.426
79,1012.5,6.1916,0.063899,0.02064,9,24,8.2082,1.9457,1.6302,2.0551,1.8398,41.836,104.21,6,trajectory,0.041077,1,0.13774,2.7583,1,running,0.023546,0.036086,0.43683,0.006435,0.068461,176.15,-0.0079257,0.048692,7.6434,-0.037259,0.042882,119.26,-0.0070727,0.027921,-132.59,-0.010345,0.036973,-44.352,-0.0032331,0.056387,-130.08,-0.015008,0.072643,-97.426
80,1012.7,6.2875,0.065896,0.02096,9,24,8.2082,1.9457,1.6302,1.9596,1.8391,43.183,104.21,6,trajectory,0.041077,1,0.13836,2.6875,1,running,0.023546,0.036086,0.43684,0.006435,0.068461,176.15,-0.0079257,0.048692,7.6434,-0.037259,0.042882,119.26,-0.0070727,0.027921,-132.59,-0.010345,0.036973,-44.352,-0.0032331,0.056387,-130.08,-0.015008,0.072643,-97.426
81,1012.9,6.3835,0.067923,0.02128,9,24,8.2082,1.9457,1.6302,1.8642,1.8385,44.602,104.21,6,trajectory,0.041077,1,0.13903,2.6183,1,running,0.023546,0.036086,0.43683,0.006435,0.068461,176.15,-0.0079257,0.048692,7.6434,-0.037259,0.042882,119.26,-0.0070727,0.027921,-132.59,-0.010345,0.036973,-44.352,-0.0032331,0.056387,-130.08,-0.015008,0.072643,-97.426
82,1013,6.4795,0.069981,0.0216,9,24,8.2082,1.9457,1.6302,1.7688,1.838,46.098,104.21,6,trajectory,0.041077,1,0.1358,2.5508,1,running,0.023546,0.036086,0.43683,0.006435,0.068461,176.15,-0.0079257,0.048692,7.6434,-0.037259,0.042882,119.26,-0.0070727,0.027921,-132.59,-0.010345,0.036973,-44.352,-0.0032331,0.056387,-130.08,-0.015008,0.072643,-97.426
83,1013.2,6.5754,0.07208,0.022397,9,24,8.2082,1.9457,1.6302,1.6744,1.8366,47.645,104.21,6,trajectory,0.041077,1,0.13629,2.4853,1,running,0.023546,0.036086,0.43683,0.006435,0.068461,176.15,-0.0079257,0.048692,7.6434,-0.037259,0.042882,119.26,-0.0070727,0.027921,-132.59,-0.010345,0.036973,-44.352,-0.0032331,0.056387,-130.08,-0.015008,0.072643,-97.426
84,1013.3,6.6584,0.074074,0.026111,10,24,8.1534,3.0173,1.6101,1.5713,2.9032,61.576,104.21,6,trajectory,0.041077,1,0.13707,2.43,1,running,0.023546,0.036086,0.43684,0.006435,0.068461,176.15,-0.0079257,0.048692,7.6434,-0.037259,0.042882,119.26,-0.0070727,0.027921,-132.59,-0.010345,0.036973,-44.352,-0.0032331,0.056387,-130.08,-0.015008,0.072643,-97.426
85,1013.5,6.7517,0.07693,0.036288,10,24,8.1534,3.0173,1.6101,1.5074,2.8876,62.434,104.21,6,trajectory,0.041077,1,0.13684,3.2574,1,running,0.023546,0.036086,0.43684,0.006435,0.068461,176.15,-0.0079257,0.048692,7.6434,-0.037259,0.042882,119.26,-0.0070727,0.027921,-132.59,-0.010345,0.036973,-44.352,-0.0032331,0.056387,-130.08,-0.015008,0.072643,-97.426
86,1013.6,6.8538,0.08164,0.057382,10,24,8.1534,3.0173,1.6101,1.4658,2.8563,62.834,104.21,6,trajectory,0.041077,1,0.14078,3.2105,1,running,0.023546,0.036086,0.43684,0.006435,0.068461,176.15,-0.0079257,0.048692,7.6434,-0.037259,0.042882,119.26,-0.0070727,0.027921,-132.59,-0.010345,0.036973,-44.352,-0.0032331,0.056387,-130.08,-0.015008,0.072643,-97.426
87,1013.8,6.9313,0.08694,0.080275,10,24,8.1534,3.0173,1.6101,1.4532,2.8229,62.762,104.21,6,trajectory,0.041077,1,0.13681,3.175,1,running,0.023546,0.036086,0.43683,0.006435,0.068461,176.15,-0.0079257,0.048692,7.6434,-0.037259,0.042882,119.26,-0.0070727,0.027921,-132.59,-0.010345,0.036973,-44.352,-0.0032331,0.056387,-130.08,-0.015008,0.072643,-97.426
88,1013.9,7.0178,0.095261,0.11266,10,24,8.1534,3.0173,1.6101,1.4569,2.7759,62.307,104.21,6,trajectory,0.041077,1,0.13607,3.135,1,running,0.023546,0.036086,0.43684,0.006435,0.068461,176.15,-0.0079257,0.048692,7.6434,-0.037259,0.042882,119.26,-0.0070727,0.027921,-132.59,-0.010345,0.036973,-44.352,-0.0032331,0.056387,-130.08,-0.015008,0.072643,-97.426
89,1014.1,7.1013,0.10634,0.15223,10,24,8.1534,3.0173,1.6101,1.4813,2.7178,61.407,104.21,6,trajectory,0.041077,1,0.13522,3.0953,1,running,0.023546,0.036086,0.43684,0.006435,0.068461,176.15,-0.0079257,0.048692,7.6434,-0.037259,0.042882,119.26,-0.0070727,0.027921,-132.59,-0.010345,0.036973,-44.352,-0.0032331,0.056387,-130.08,-0.015008,0.072643,-97.426
90,1014.3,7.1821,0.12058,0.19753,10,24,8.1534,3.0173,1.6101,1.5209,2.6498,60.146,104.21,6,trajectory,0.041077,1,0.13836,3.0552,1,running,0.023546,0.036086,0.43684,0.006435,0.068461,176.15,-0.0079257,0.048692,7.6434,-0.037259,0.042882,119.26,-0.0070727,0.027921,-132.59,-0.010345,0.036973,-44.352,-0.0032331,0.056387,-130.08,-0.015008,0.072643,-97.426
91,1014.4,7.2608,0.13832,0.24687,10,24,8.1534,3.0173,1.6101,1.5691,2.5736,58.63,104.21,6,trajectory,0.041077,1,0.13795,3.0142,1,running,0.023546,0.036086,0.43683,0.006435,0.068461,176.15,-0.0079257,0.048692,7.6434,-0.037259,0.042882,119.26,-0.0070727,0.027921,-132.59,-0.010345,0.036973,-44.352,-0.0032331,0.056387,-130.08,-0.015008,0.072643,-97.426
92,1014.6,7.3276,0.15679,0.29284,10,24,8.1534,3.0173,1.6101,1.6164,2.5004,57.119,104.21,6,trajectory,0.041077,1,0.13986,2.9773,1,running,0.023546,0.036086,0.43683,0.006435,0.068461,176.15,-0.0079257,0.048692,7.6434,-0.037259,0.042882,119.26,-0.0070727,0.027921,-132.59,-0.010345,0.036973,-44.352,-0.0032331,0.056387,-130.08,-0.015008,0.072643,-97.426
93,1014.7,7.411,0.18473,0.35498,10,24,8.1534,3.0173,1.6101,1.6807,2.3979,54.974,104.21,6,trajectory,0.041077,1,0.13365,2.9283,1,running,0.023546,0.036086,0.43684,0.006435,0.068461,176.15,-0.0079257,0.048692,7.6434,-0.037259,0.042882,119.26,-0.0070727,0.027921,-132.59,-0.010345,0.036973,-44.352,-0.0032331,0.056387,-130.08,-0.015008,0.072643,-97.426
94,1014.9,7.4736,0.20976,0.40519,10,24,8.1534,3.0173,1.6101,1.7314,2.3123,53.174,104.21,6,trajectory,0.041077,1,0.1336,2.8887,1,running,0.023546,0.036086,0.43684,0.006435,0.068461,176.15,-0.0079257,0.048692,7.6434,-0.037259,0.042882,119.26,-0.0070727,0.027921,-132.59,-0.010345,0.036973,-44.352,-0.0032331,0.056387,-130.08,-0.015008,0.072643,-97.426
95,1015,7.5432,0.24203,0.46411,10,24,8.1534,3.0173,1.6101,1.788,2.2086,51.008,104.21,6,trajectory,0.041077,1,0.137,2.8416,1,running,0.023546,0.036086,0.43684,0.006435,0.068461,176.15,-0.0079257,0.048692,7.6434,-0.037259,0.042882,119.26,-0.0070727,0.027921,-132.59,-0.010345,0.036973,-44.352,-0.0032331,0.056387,-130.08,-0.015008,0.072643,-97.426
96,1015.2,7.6103,0.27819,0.52434,10,24,8.1534,3.0173,1.6101,1.8415,2.0992,48.743,104.21,6,trajectory,0.041077,1,0.14649,2.7924,1,running,0.023546,0.036086,0.43684,0.006435,0.068461,176.15,-0.0079257,0.048692,7.6434,-0.037259,0.042882,119.26,-0.0070727,0.027921,-132.59,-0.010345,0.036973,-44.352,-0.0032331,0.056387,-130.08,-0.015008,0.072643,-97.426
97,1015.4,7.6747,0.3181,0.58562,10,24,8.1534,3.0173,1.6101,1.8908,1.9848,46.39,104.21,6,trajectory,0.041077,1,0.14761,2.7413,1,running,0.023546,0.036086,0.43684,0.006435,0.068461,176.15,-0.0079257,0.048692,7.6434,-0.037259,0.042882,119.26,-0.0070727,0.027921,-132.59,-0.010345,0.036973,-44.352,-0.0032331,0.056387,-130.08,-0.015008,0.072643,-97.426
98,1015.5,7.7359,0.36145,0.64749,10,24,8.1534,3.0173,1.6101,1.935,1.8665,43.967,104.21,6,trajectory,0.041077,1,0.14107,2.6885,1,running,0.023546,0.036086,0.43684,0.006435,0.068461,176.15,-0.0079257,0.048692,7.6434,-0.037259,0.042882,119.26,-0.0070727,0.027921,-132.59,-0.010345,0.036973,-44.352,-0.0032331,0.056387,-130.08,-0.015008,0.072643,-97.426
99,1015.7,7.7946,0.40882,0.71025,10,24,8.1534,3.0173,1.6101,1.9728,1.7438,41.474,104.21,6,trajectory,0.041077,1,0.14785,2.6331,1,running,0.023546,0.036086,0.43684,0.006435,0.068461,176.15,-0.0079257,0.048692,7.6434,-0.037259,0.042882,119.26,-0.0070727,0.027921,-132.59,-0.010345,0.036973,-44.352,-0.0032331,0.056387,-130.08,-0.015008,0.072643,-97.426
100,1015.9,7.8565,0.46597,0.78106,10,24,8.1534,3.0173,1.6101,2.0071,1.6028,38.611,104.21,6,trajectory,0.041077,1,0.14524,2.5686,1,running,0.023546,0.036086,0.43684,0.006435,0.068461,176.15,-0.0079257,0.048692,7.6434,-0.037259,0.042882,119.26,-0.0070727,0.027921,-132.59,-0.010345,0.036973,-44.352,-0.0032331,0.056387,-130.08,-0.015008,0.072643,-97.426
101,1016,7.9077,0.52011,0.84413,10,24,8.1534,3.0173,1.6101,2.0296,1.4755,36.017,104.21,6,trajectory,0.041077,1,0.14566,2.5093,1,running,0.023546,0.036086,0.43684,0.006435,0.068461,176.15,-0.0079257,0.048692,7.6434,-0.037259,0.042882,119.26,-0.0070727,0.027921,-132.59,-0.010345,0.036973,-44.352,-0.0032331,0.056387,-130.08,-0.015008,0.072643,-97.426
102,1016.2,7.9556,0.5775,0.90743,10,24,8.1534,3.0173,1.6101,2.0442,1.3465,33.373,104.21,6,trajectory,0.041077,1,0.13903,2.4478,1,running,0.023546,0.036086,0.43683,0.006435,0.068461,176.15,-0.0079257,0.048692,7.6434,-0.037259,0.042882,119.26,-0.0070727,0.027921,-132.59,-0.010345,0.036973,-44.352,-0.0032331,0.056387,-130.08,-0.015008,0.072643,-97.426
103,1016.3,7.9998,0.63786,0.97081,11,24,8.0973,4.0656,1.7128,2.8841,1.8549,32.747,104.21,6,trajectory,0.041077,1,0.14047,2.3844,1,running,0.023546,0.036086,0.43684,0.006435,0.068461,176.15,-0.0079257,0.048692,7.6434,-0.037259,0.042882,119.26,-0.0070727,0.027921,-132.59,-0.010345,0.036973,-44.352,-0.0032331,0.056387,-130.08,-0.015008,0.072643,-97.426
104,1016.5,8.0398,0.70051,1.0338,11,24,8.0973,4.0656,1.7128,2.9209,1.6719,29.787,104.21,6,trajectory,0.041077,1,0.14185,3.3655,1,running,0.023546,0.036086,0.43683,0.006435,0.068461,176.15,-0.0079257,0.048692,7.6434,-0.037259,0.042882,119.26,-0.0070727,0.027921,-132.59,-0.010345,0.036973,-44.352,-0.0032331,0.056387,-130.08,-0.015008,0.072643,-97.426
105,1016.7,8.0803,0.77451,1.1051,11,24,8.0973,4.0656,1.7128,2.9482,1.4627,26.388,104.21,6,trajectory,0.041077,1,0.14115,3.2911,1,running,0.023546,0.036086,0.43683,0.006435,0.068461,176.15,-0.0079257,0.048692,7.6434,-0.037259,0.042882,119.26,-0.0070727,0.027921,-132.59,-0.010345,0.036973,-44.352,-0.0032331,0.056387,-130.08,-0.015008,0.072643,-97.426
106,1016.8,8.1118,0.84235,1.168,11,24,8.0973,4.0656,1.7128,2.9596,1.2768,23.336,104.21,6,trajectory,0.041077,1,0.14135,3.2232,1,running,0.023546,0.036086,0.43684,0.006435,0.068461,176.15,-0.0079257,0.048692,7.6434,-0.037259,0.042882,119.26,-0.0070727,0.027921,-132.59,-0.010345,0.036973,-44.352,-0.0032331,0.056387,-130.08,-0.015008,0.072643,-97.426
107,1017,8.1391,0.91228,1.2299,11,24,8.0973,4.0656,1.7128,2.9579,1.0936,20.29,104.21,6,trajectory,0.041077,1,0.14136,3.1536,1,running,0.023546,0.036086,0.43684,0.006435,0.068461,176.15,-0.0079257,0.048692,7.6434,-0.037259,0.042882,119.26,-0.0070727,0.027921,-132.59,-0.010345,0.036973,-44.352,-0.0032331,0.056387,-130.08,-0.015008,0.072643,-97.426
108,1017.2,8.1624,0.98501,1.2905,11,24,8.0973,4.0656,1.7128,2.9423,0.91481,17.271,104.21,6,trajectory,0.041077,1,0.14928,3.0812,1,running,0.023546,0.036086,0.43683,0.006435,0.068461,176.15,-0.0079257,0.048692,7.6434,-0.037259,0.042882,119.26,-0.0070727,0.027921,-132.59,-0.010345,0.036973,-44.352,-0.0032331,0.056387,-130.08,-0.015008,0.072643,-97.426
109,1017.3,8.1817,1.06,1.3472,11,24,8.0973,4.0656,1.7128,2.912,0.74861,14.417,104.21,6,trajectory,0.041077,1,0.14217,3.0067,1,running,0.023546,0.036086,0.43683,0.006435,0.068461,176.15,-0.0079257,0.048692,7.6434,-0.037259,0.042882,119.26,-0.0070727,0.027921,-132.59,-0.010345,0.036973,-44.352,-0.0032331,0.056387,-130.08,-0.015008,0.072643,-97.426
110,1017.5,8.1972,1.1377,1.4001,11,24,8.0973,4.0656,1.7128,2.8683,0.59574,11.733,104.21,6,trajectory,0.041077,1,0.14751,2.9295,1,running,0.023546,0.036086,0.43684,0.006435,0.068461,176.15,-0.0079257,0.048692,7.6434,-0.037259,0.042882,119.26,-0.0070727,0.027921,-132.59,-0.010345,0.036973,-44.352,-0.0032331,0.056387,-130.08,-0.015008,0.072643,-97.426
111,1017.6,8.2089,1.218,1.4487,11,24,8.0973,4.0656,1.7128,2.8127,0.45769,9.2424,104.21,6,trajectory,0.041077,1,0.14717,2.8497,1,running,0.023546,0.036086,0.43683,0.006435,0.068461,176.15,-0.0079257,0.048692,7.6434,-0.037259,0.042882,119.26,-0.0070727,0.027921,-132.59,-0.010345,0.036973,-44.352,-0.0032331,0.056387,-130.08,-0.015008,0.072643,-97.426
112,1017.8,8.2181,1.3113,1.4965,11,24,8.0973,4.0656,1.7128,2.7377,0.32478,6.7656,104.21,6,trajectory,0.041077,1,0.14958,2.7569,1,running,0.023546,0.036086,0.43683,0.006435,0.068461,176.15,-0.0079257,0.048692,7.6434,-0.037259,0.042882,119.26,-0.0070727,0.027921,-132.59,-0.010345,0.036973,-44.352,-0.0032331,0.056387,-130.08,-0.015008,0.072643,-97.426
113,1018,8.2228,1.3967,1.5325,11,24,8.0973,4.0656,1.7128,2.6621,0.2277,4.889,104.21,6,trajectory,0.041077,1,0.14838,2.6718,1,running,0.023546,0.036086,0.43684,0.006435,0.068461,176.15,-0.0079257,0.048692,7.6434,-0.037259,0.042882,119.26,-0.0070727,0.027921,-132.59,-0.010345,0.036973,-44.352,-0.0032331,0.056387,-130.08,-0.015008,0.072643,-97.426
114,1018.2,8.2248,1.4842,1.5622,11,24,8.0973,4.0656,1.7128,2.5801,0.14971,3.3209,104.21,6,trajectory,0.041077,1,0.14858,2.5845,1,running,0.023546,0.036086,0.43683,0.006435,0.068461,176.15,-0.0079257,0.048692,7.6434,-0.037259,0.042882,119.26,-0.0070727,0.027921,-132.59,-0.010345,0.036973,-44.352,-0.0032331,0.056387,-130.08,-0.015008,0.072643,-97.426
115,1018.3,8.2243,1.5849,1.5887,11,24,8.0973,4.0656,1.7128,2.4825,0.082612,1.906,104.21,6,trajectory,0.041077,1,0.15055,2.4839,1,running,0.023546,0.036086,0.43684,0.006435,0.068461,176.15,-0.0079257,0.048692,7.6434,-0.037259,0.042882,119.26,-0.0070727,0.027921,-132.59,-0.010345,0.036973,-44.352,-0.0032331,0.056387,-130.08,-0.015008,0.072643,-97.426
116,1018.5,8.2218,1.6762,1.6063,12,24,7.5982,4.9707,2.5006,3.3146,0.50633,8.6852,104.21,6,trajectory,0.041077,1,0.14671,2.3926,1,running,0.023546,0.036086,0.43683,0.006435,0.068461,176.15,-0.0079257,0.048692,7.6434,-0.037259,0.042882,119.26,-0.0070727,0.027921,-132.59,-0.010345,0.036973,-44.352,-0.0032331,0.056387,-130.08,-0.015008,0.072643,-97.426
117,1018.7,8.2179,1.7688,1.6189,12,24,7.5982,4.9707,2.5006,3.228,0.46507,8.1984,104.21,6,trajectory,0.041077,1,0.14445,3.2613,1,running,0.023546,0.036086,0.43683,0.006435,0.068461,176.15,-0.0079257,0.048692,7.6434,-0.037259,0.042882,119.26,-0.0070727,0.027921,-132.59,-0.010345,0.036973,-44.352,-0.0032331,0.056387,-130.08,-0.015008,0.072643,-97.426
118,1018.8,8.2123,1.8746,1.6271,12,24,7.5982,4.9707,2.5006,3.1258,0.43906,7.9956,104.21,6,trajectory,0.041077,1,0.14757,3.1565,1,running,0.023546,0.036086,0.43683,0.006435,0.068461,176.15,-0.0079257,0.048692,7.6434,-0.037259,0.042882,119.26,-0.0070727,0.027921,-132.59,-0.010345,0.036973,-44.352,-0.0032331,0.056387,-130.08,-0.015008,0.072643,-97.426
119,1019,8.2068,1.9695,1.6308,12,24,7.5982,4.9707,2.5006,3.0323,0.42747,8.0242,104.21,6,trajectory,0.041077,1,0.13844,3.0623,1,running,0.023546,0.036086,0.43683,0.006435,0.068461,176.15,-0.0079257,0.048692,7.6434,-0.037259,0.042882,119.26,-0.0070727,0.027921,-132.59,-0.010345,0.036973,-44.352,-0.0032331,0.056387,-130.08,-0.015008,0.072643,-97.426
120,1019.2,8.201,2.0651,1.6319,12,24,7.5982,4.9707,2.5006,2.9371,0.42417,8.2179,104.21,6,trajectory,0.041077,1,0.13898,2.9675,1,running,0.023546,0.036086,0.43684,0.006435,0.068461,176.15,-0.0079257,0.048692,7.6434,-0.037259,0.042882,119.26,-0.0070727,0.027921,-132.59,-0.010345,0.036973,-44.352,-0.0032331,0.056387,-130.08,-0.015008,0.072643,-97.426
121,1019.3,8.1952,2.1606,1.631,12,24,7.5982,4.9707,2.5006,2.841,0.4267,8.5416,104.21,6,trajectory,0.041077,1,0.13713,2.8729,1,running,0.023546,0.036086,0.43683,0.006435,0.068461,176.15,-0.0079257,0.048692,7.6434,-0.037259,0.042882,119.26,-0.0070727,0.027921,-132.59,-0.010345,0.036973,-44.352,-0.0032331,0.056387,-130.08,-0.015008,0.072643,-97.426
122,1019.5,8.1895,2.2558,1.6289,12,24,7.5982,4.9707,2.5006,2.7447,0.43258,8.9563,104.21,6,trajectory,0.041077,1,0.13768,2.7786,1,running,0.023546,0.036086,0.43684,0.006435,0.068461,176.15,-0.0079257,0.048692,7.6434,-0.037259,0.042882,119.26,-0.0070727,0.027921,-132.59,-0.010345,0.036973,-44.352,-0.0032331,0.056387,-130.08,-0.015008,0.072643,-97.426
123,1019.6,8.1841,2.3508,1.6261,12,24,7.5982,4.9707,2.5006,2.6483,0.44014,9.436,104.21,6,trajectory,0.041077,1,0.13845,2.6847,1,running,0.023546,0.036086,0.43684,0.006435,0.068461,176.15,-0.0079257,0.048692,7.6434,-0.037259,0.042882,119.26,-0.0070727,0.027921,-132.59,-0.010345,0.036973,-44.352,-0.0032331,0.056387,-130.08,-0.015008,0.072643,-97.426
124,1019.8,8.1796,2.4339,1.6235,12,24,7.5982,4.9707,2.5006,2.5639,0.44706,9.891,104.21,6,trajectory,0.041077,1,0.13528,2.6026,1,running,0.023546,0.036086,0.43683,0.006435,0.068461,176.15,-0.0079257,0.048692,7.6434,-0.037259,0.042882,119.26,-0.0070727,0.027921,-132.59,-0.010345,0.036973,-44.352,-0.0032331,0.056387,-130.08,-0.015008,0.072643,-97.426
125,1019.9,8.1747,2.5289,1.6205,12,24,7.5982,4.9707,2.5006,2.4674,0.45463,10.44,104.21,6,trajectory,0.041077,1,0.13581,2.509,1,running,0.023546,0.036086,0.43684,0.006435,0.068461,176.15,-0.0079257,0.048692,7.6434,-0.037259,0.042882,119.26,-0.0070727,0.027921,-132.59,-0.010345,0.036973,-44.352,-0.0032331,0.056387,-130.08,-0.015008,0.072643,-97.426
126,1020.1,8.1702,2.624,1.6176,12,24,7.5982,4.9707,2.5006,2.371,0.46144,11.013,104.21,6,trajectory,0.041077,1,0.13724,2.4155,1,running,0.023546,0.036086,0.43683,0.006435,0.068461,176.15,-0.0079257,0.048692,7.6434,-0.037259,0.042882,119.26,-0.0070727,0.027921,-132.59,-0.010345,0.036973,-44.352,-0.0032331,0.056387,-130.08,-0.015008,0.072643,-97.426
127,1020.2,8.1669,2.6953,1.6157,13,24,6.6283,5.2194,-3.1143,2.5906,1.4237,28.792,104.21,6,trajectory,0.041077,1,0.13487,2.3454,1,running,0.023546,0.036086,0.43683,0.006435,0.068461,176.15,-0.0079257,0.048692,7.6434,-0.037259,0.042882,119.26,-0.0070727,0.027921,-132.59,-0.010345,0.036973,-44.352,-0.0032331,0.056387,-130.08,-0.015008,0.072643,-97.426
128,1020.4,8.1669,2.6953,1.6157,13,24,6.6283,5.2194,-3.1143,2.5906,1.4237,28.792,104.21,6,trajectory,0.041077,1,0.13633,2.956,1,running,0.023546,0.036086,0.43683,0.006435,0.068461,176.15,-0.0079257,0.048692,7.6434,-0.037259,0.042882,119.26,-0.0070727,0.027921,-132.59,-0.010345,0.036973,-44.352,-0.0032331,0.056387,-130.08,-0.015008,0.072643,-97.426
129,1020.6,8.1669,2.6953,1.6157,13,24,6.6283,5.2194,-3.1143,2.5906,1.4237,28.792,104.21,6,trajectory,0.041077,1,0.13514,2.956,1,running,0.023546,0.036086,0.43683,0.006435,0.068461,176.15,-0.0079257,0.048692,7.6434,-0.037259,0.042882,119.26,-0.0070727,0.027921,-132.59,-0.010345,0.036973,-44.352,-0.0032331,0.056387,-130.08,-0.015008,0.072643,-97.426
130,1020.7,8.1669,2.6953,1.6157,13,24,6.6283,5.2194,-3.1143,2.5906,1.4237,28.792,104.21,6,trajectory,0.041077,1,0.13505,2.956,1,running,0.023546,0.036086,0.43683,0.006435,0.068461,176.15,-0.0079257,0.048692,7.6434,-0.037259,0.042882,119.26,-0.0070727,0.027921,-132.59,-0.010345,0.036973,-44.352,-0.0032331,0.056387,-130.08,-0.015008,0.072643,-97.426
131,1020.9,8.1669,2.6953,1.6157,13,24,6.6283,5.2194,-3.1143,2.5906,1.4237,28.792,104.21,6,trajectory,0.041077,1,0.13302,2.956,1,running,0.023546,0.036086,0.43684,0.006435,0.068461,176.15,-0.0079257,0.048692,7.6434,-0.037259,0.042882,119.26,-0.0070727,0.027921,-132.59,-0.010345,0.036973,-44.352,-0.0032331,0.056387,-130.08,-0.015008,0.072643,-97.426
132,1021,8.1669,2.6953,1.6157,13,24,6.6283,5.2194,-3.1143,2.5906,1.4237,28.792,104.21,6,trajectory,0.041077,1,0.13272,2.956,1,running,0.023546,0.036086,0.43684,0.006435,0.068461,176.15,-0.0079257,0.048692,7.6434,-0.037259,0.042882,119.26,-0.0070727,0.027921,-132.59,-0.010345,0.036973,-44.352,-0.0032331,0.056387,-130.08,-0.015008,0.072643,-97.426
133,1021.2,8.1669,2.6953,1.6157,13,24,6.6283,5.2194,-3.1143,2.5906,1.4237,28.792,104.21,6,trajectory,0.041077,1,0.15214,2.956,1,running,0.023546,0.036086,0.43683,0.006435,0.068461,176.15,-0.0079257,0.048692,7.6434,-0.037259,0.042882,119.26,-0.0070727,0.027921,-132.59,-0.010345,0.036973,-44.352,-0.0032331,0.056387,-130.08,-0.015008,0.072643,-97.426
134,1021.3,8.1669,2.6953,1.6157,13,24,6.6283,5.2194,-3.1143,2.5906,1.4237,28.792,104.21,6,trajectory,0.041077,1,0.13604,2.956,1,running,0.023546,0.036086,0.43683,0.006435,0.068461,176.15,-0.0079257,0.048692,7.6434,-0.037259,0.042882,119.26,-0.0070727,0.027921,-132.59,-0.010345,0.036973,-44.352,-0.0032331,0.056387,-130.08,-0.015008,0.072643,-97.426
135,1021.5,8.1669,2.6953,1.6157,13,24,6.6283,5.2194,-3.1143,2.5906,1.4237,28.792,104.21,6,trajectory,0.041077,1,0.13577,2.956,1,running,0.023546,0.036086,0.43683,0.006435,0.068461,176.15,-0.0079257,0.048692,7.6434,-0.037259,0.042882,119.26,-0.0070727,0.027921,-132.59,-0.010345,0.036973,-44.352,-0.0032331,0.056387,-130.08,-0.015008,0.072643,-97.426
136,1021.6,8.1669,2.6953,1.6157,13,24,6.6283,5.2194,-3.1143,2.5906,1.4237,28.792,104.21,6,trajectory,0.041077,1,0.13595,2.956,1,running,0.023546,0.036086,0.43683,0.006435,0.068461,176.15,-0.0079257,0.048692,7.6434,-0.037259,0.042882,119.26,-0.0070727,0.027921,-132.59,-0.010345,0.036973,-44.352,-0.0032331,0.056387,-130.08,-0.015008,0.072643,-97.426
137,1021.8,8.1669,2.6953,1.6157,13,24,6.6283,5.2194,-3.1143,2.5906,1.4237,28.792,104.21,6,trajectory,0.041077,1,0.13473,2.956,1,running,0.023546,0.036086,0.43683,0.006435,0.068461,176.15,-0.0079257,0.048692,7.6434,-0.037259,0.042882,119.26,-0.0070727,0.027921,-132.59,-0.010345,0.036973,-44.352,-0.0032331,0.056387,-130.08,-0.015008,0.072643,-97.426
138,1021.9,8.1669,2.6953,1.6157,13,24,6.6283,5.2194,-3.1143,2.5906,1.4237,28.792,104.21,6,trajectory,0.041077,1,0.13565,2.956,1,running,0.023546,0.036086,0.43683,0.006435,0.068461,176.15,-0.0079257,0.048692,7.6434,-0.037259,0.042882,119.26,-0.0070727,0.027921,-132.59,-0.010345,0.036973,-44.352,-0.0032331,0.056387,-130.08,-0.015008,0.072643,-97.426
139,1022.1,8.1669,2.6953,1.6157,13,24,6.6283,5.2194,-3.1143,2.5906,1.4237,28.792,104.21,6,trajectory,0.041077,1,0.13775,2.956,1,running,0.023546,0.036086,0.43683,0.006435,0.068461,176.15,-0.0079257,0.048692,7.6434,-0.037259,0.042882,119.26,-0.0070727,0.027921,-132.59,-0.010345,0.036973,-44.352,-0.0032331,0.056387,-130.08,-0.015008,0.072643,-97.426
140,1022.3,8.1669,2.6953,1.6157,13,24,6.6283,5.2194,-3.1143,2.5906,1.4237,28.792,104.21,6,trajectory,0.041077,1,0.13557,2.956,1,running,0.023546,0.036086,0.43683,0.006435,0.068461,176.15,-0.0079257,0.048692,7.6434,-0.037259,0.042882,119.26,-0.0070727,0.027921,-132.59,-0.010345,0.036973,-44.352,-0.0032331,0.056387,-130.08,-0.015008,0.072643,-97.426
141,1022.4,8.1669,2.6953,1.6157,13,24,6.6283,5.2194,-3.1143,2.5906,1.4237,28.792,104.21,6,trajectory,0.041077,1,0.13564,2.956,1,running,0.023546,0.036086,0.43683,0.006435,0.068461,176.15,-0.0079257,0.048692,7.6434,-0.037259,0.042882,119.26,-0.0070727,0.027921,-132.59,-0.010345,0.036973,-44.352,-0.0032331,0.056387,-130.08,-0.015008,0.072643,-97.426
142,1022.6,8.1669,2.6953,1.6157,13,24,6.6283,5.2194,-3.1143,2.5906,1.4237,28.792,104.21,6,trajectory,0.041077,1,0.1338,2.956,1,running,0.023546,0.036086,0.43683,0.006435,0.068461,176.15,-0.0079257,0.048692,7.6434,-0.037259,0.042882,119.26,-0.0070727,0.027921,-132.59,-0.010345,0.036973,-44.352,-0.0032331,0.056387,-130.08,-0.015008,0.072643,-97.426
143,1022.7,8.1669,2.6953,1.6157,13,24,6.6283,5.2194,-3.1143,2.5906,1.4237,28.792,104.21,6,trajectory,0.041077,1,0.1344,2.956,1,running,0.023546,0.036086,0.43683,0.006435,0.068461,176.15,-0.0079257,0.048692,7.6434,-0.037259,0.042882,119.26,-0.0070727,0.027921,-132.59,-0.010345,0.036973,-44.352,-0.0032331,0.056387,-130.08,-0.015008,0.072643,-97.426
144,1022.9,8.1669,2.6953,1.6157,13,24,6.6283,5.2194,-3.1143,2.5906,1.4237,28.792,104.21,6,trajectory,0.041077,1,0.13396,2.956,1,running,0.023546,0.036086,0.43683,0.006435,0.068461,176.15,-0.0079257,0.048692,7.6434,-0.037259,0.042882,119.26,-0.0070727,0.027921,-132.59,-0.010345,0.036973,-44.352,-0.0032331,0.056387,-130.08,-0.015008,0.072643,-97.426
145,1023,8.1669,2.6953,1.6157,13,24,6.6283,5.2194,-3.1143,2.5906,1.4237,28.792,104.21,6,trajectory,0.041077,1,0.1338,2.956,1,running,0.023546,0.036086,0.43683,0.006435,0.068461,176.15,-0.0079257,0.048692,7.6434,-0.037259,0.042882,119.26,-0.0070727,0.027921,-132.59,-0.010345,0.036973,-44.352,-0.0032331,0.056387,-130.08,-0.015008,0.072643,-97.426
146,1023.2,8.1669,2.6953,1.6157,13,24,6.6283,5.2194,-3.1143,2.5906,1.4237,28.792,104.21,6,trajectory,0.041077,1,0.13582,2.956,1,running,0.023546,0.036086,0.43683,0.006435,0.068461,176.15,-0.0079257,0.048692,7.6434,-0.037259,0.042882,119.26,-0.0070727,0.027921,-132.59,-0.010345,0.036973,-44.352,-0.0032331,0.056387,-130.08,-0.015008,0.072643,-97.426
147,1023.3,8.1669,2.6953,1.6157,13,24,6.6283,5.2194,-3.1143,2.5906,1.4237,28.792,104.21,6,trajectory,0.041077,1,0.13775,2.956,1,running,0.023546,0.036086,0.43683,0.006435,0.068461,176.15,-0.0079257,0.048692,7.6434,-0.037259,0.042882,119.26,-0.0070727,0.027921,-132.59,-0.010345,0.036973,-44.352,-0.0032331,0.056387,-130.08,-0.015008,0.072643,-97.426
148,1023.5,8.1669,2.6953,1.6157,13,24,6.6283,5.2194,-3.1143,2.5906,1.4237,28.792,104.21,6,trajectory,0.041077,1,0.14846,2.956,1,running,0.023546,0.036086,0.43683,0.006435,0.068461,176.15,-0.0079257,0.048692,7.6434,-0.037259,0.042882,119.26,-0.0070727,0.027921,-132.59,-0.010345,0.036973,-44.352,-0.0032331,0.056387,-130.08,-0.015008,0.072643,-97.426
149,1023.7,8.1669,2.6953,1.6157,13,24,6.6283,5.2194,-3.1143,2.5906,1.4237,28.792,104.21,6,trajectory,0.041077,1,0.13401,2.956,1,running,0.023546,0.036086,0.43683,0.006435,0.068461,176.15,-0.0079257,0.048692,7.6434,-0.037259,0.042882,119.26,-0.0070727,0.027921,-132.59,-0.010345,0.036973,-44.352,-0.0032331,0.056387,-130.08,-0.015008,0.072643,-97.426
150,1023.8,8.1669,2.6953,1.6157,13,24,6.6283,5.2194,-3.1143,2.5906,1.4237,28.792,104.21,6,trajectory,0.041077,1,0.13549,2.956,1,running,0.023546,0.036086,0.43683,0.006435,0.068461,176.15,-0.0079257,0.048692,7.6434,-0.037259,0.042882,119.26,-0.0070727,0.027921,-132.59,-0.010345,0.036973,-44.352,-0.0032331,0.056387,-130.08,-0.015008,0.072643,-97.426
151,1024,8.1669,2.6953,1.6157,13,24,6.6283,5.2194,-3.1143,2.5906,1.4237,28.792,104.21,6,trajectory,0.041077,1,0.13522,2.956,1,running,0.023546,0.036086,0.43683,0.006435,0.068461,176.15,-0.0079257,0.048692,7.6434,-0.037259,0.042882,119.26,-0.0070727,0.027921,-132.59,-0.010345,0.036973,-44.352,-0.0032331,0.056387,-130.08,-0.015008,0.072643,-97.426
152,1024.1,8.1669,2.6953,1.6157,13,24,6.6283,5.2194,-3.1143,2.5906,1.4237,28.792,104.21,6,trajectory,0.041077,1,0.13645,2.956,1,running,0.023546,0.036086,0.43683,0.006435,0.068461,176.15,-0.0079257,0.048692,7.6434,-0.037259,0.042882,119.26,-0.0070727,0.027921,-132.59,-0.010345,0.036973,-44.352,-0.0032331,0.056387,-130.08,-0.015008,0.072643,-97.426
153,1024.3,8.1669,2.6953,1.6157,13,24,6.6283,5.2194,-3.1143,2.5906,1.4237,28.792,104.21,6,trajectory,0.041077,1,0.13643,2.956,1,running,0.023546,0.036086,0.43683,0.006435,0.068461,176.15,-0.0079257,0.048692,7.6434,-0.037259,0.042882,119.26,-0.0070727,0.027921,-132.59,-0.010345,0.036973,-44.352,-0.0032331,0.056387,-130.08,-0.015008,0.072643,-97.426
154,1024.4,8.1669,2.6953,1.6157,13,24,6.6283,5.2194,-3.1143,2.5906,1.4237,28.792,104.21,6,trajectory,0.041077,1,0.13649,2.956,1,running,0.023546,0.036086,0.43683,0.006435,0.068461,176.15,-0.0079257,0.048692,7.6434,-0.037259,0.042882,119.26,-0.0070727,0.027921,-132.59,-0.010345,0.036973,-44.352,-0.0032331,0.056387,-130.08,-0.015008,0.072643,-97.426
155,1024.6,8.1669,2.6953,1.6157,13,24,6.6283,5.2194,-3.1143,2.5906,1.4237,28.792,104.21,6,trajectory,0.041077,1,0.13597,2.956,1,running,0.023546,0.036086,0.43683,0.006435,0.068461,176.15,-0.0079257,0.048692,7.6434,-0.037259,0.042882,119.26,-0.0070727,0.027921,-132.59,-0.010345,0.036973,-44.352,-0.0032331,0.056387,-130.08,-0.015008,0.072643,-97.426
156,1024.7,8.1669,2.6953,1.6157,13,24,6.6283,5.2194,-3.1143,2.5906,1.4237,28.792,104.21,6,trajectory,0.041077,1,0.13618,2.956,1,running,0.023546,0.036086,0.43683,0.006435,0.068461,176.15,-0.0079257,0.048692,7.6434,-0.037259,0.042882,119.26,-0.0070727,0.027921,-132.59,-0.010345,0.036973,-44.352,-0.0032331,0.056387,-130.08,-0.015008,0.072643,-97.426
157,1024.9,8.1669,2.6953,1.6157,13,24,6.6283,5.2194,-3.1143,2.5906,1.4237,28.792,104.21,6,trajectory,0.041077,1,0.13481,2.956,1,running,0.023546,0.036086,0.43683,0.006435,0.068461,176.15,-0.0079257,0.048692,7.6434,-0.037259,0.042882,119.26,-0.0070727,0.027921,-132.59,-0.010345,0.036973,-44.352,-0.0032331,0.056387,-130.08,-0.015008,0.072643,-97.426
158,1025,8.1669,2.6953,1.6157,13,24,6.6283,5.2194,-3.1143,2.5906,1.4237,28.792,104.21,6,trajectory,0.041077,1,0.13472,2.956,1,running,0.023546,0.036086,0.43683,0.006435,0.068461,176.15,-0.0079257,0.048692,7.6434,-0.037259,0.042882,119.26,-0.0070727,0.027921,-132.59,-0.010345,0.036973,-44.352,-0.0032331,0.056387,-130.08,-0.015008,0.072643,-97.426
159,1025.2,8.1669,2.6953,1.6157,13,24,6.6283,5.2194,-3.1143,2.5906,1.4237,28.792,104.21,6,trajectory,0.041077,1,0.13585,2.956,1,running,0.023546,0.036086,0.43683,0.006435,0.068461,176.15,-0.0079257,0.048692,7.6434,-0.037259,0.042882,119.26,-0.0070727,0.027921,-132.59,-0.010345,0.036973,-44.352,-0.0032331,0.056387,-130.08,-0.015008,0.072643,-97.426
160,1025.3,8.1669,2.6953,1.6157,13,24,6.6283,5.2194,-3.1143,2.5906,1.4237,28.792,104.21,6,trajectory,0.041077,1,0.1366,2.956,1,running,0.023546,0.036086,0.43683,0.006435,0.068461,176.15,-0.0079257,0.048692,7.6434,-0.037259,0.042882,119.26,-0.0070727,0.027921,-132.59,-0.010345,0.036973,-44.352,-0.0032331,0.056387,-130.08,-0.015008,0.072643,-97.426
161,1025.5,8.1669,2.6953,1.6157,13,24,6.6283,5.2194,-3.1143,2.5906,1.4237,28.792,104.21,6,trajectory,0.041077,1,0.13303,2.956,1,running,0.023546,0.036086,0.43683,0.006435,0.068461,176.15,-0.0079257,0.048692,7.6434,-0.037259,0.042882,119.26,-0.0070727,0.027921,-132.59,-0.010345,0.036973,-44.352,-0.0032331,0.056387,-130.08,-0.015008,0.072643,-97.426
162,1025.7,8.1669,2.6953,1.6157,13,24,6.6283,5.2194,-3.1143,2.5906,1.4237,28.792,104.21,6,trajectory,0.041077,1,0.13711,2.956,1,running,0.023546,0.036086,0.43683,0.006435,0.068461,176.15,-0.0079257,0.048692,7.6434,-0.037259,0.042882,119.26,-0.0070727,0.027921,-132.59,-0.010345,0.036973,-44.352,-0.0032331,0.056387,-130.08,-0.015008,0.072643,-97.426
163,1025.8,8.1669,2.6953,1.6157,13,24,6.6283,5.2194,-3.1143,2.5906,1.4237,28.792,104.21,6,trajectory,0.041077,1,0.13579,2.956,1,running,0.023546,0.036086,0.43683,0.006435,0.068461,176.15,-0.0079257,0.048692,7.6434,-0.037259,0.042882,119.26,-0.0070727,0.027921,-132.59,-0.010345,0.036973,-44.352,-0.0032331,0.056387,-130.08,-0.015008,0.072643,-97.426
164,1026,8.1669,2.6953,1.6157,13,24,6.6283,5.2194,-3.1143,2.5906,1.4237,28.792,104.21,6,trajectory,0.041077,1,0.13532,2.956,1,running,0.023546,0.036086,0.43683,0.006435,0.068461,176.15,-0.0079257,0.048692,7.6434,-0.037259,0.042882,119.26,-0.0070727,0.027921,-132.59,-0.010345,0.036973,-44.352,-0.0032331,0.056387,-130.08,-0.015008,0.072643,-97.426
165,1026.1,8.1669,2.6953,1.6157,13,24,6.6283,5.2194,-3.1143,2.5906,1.4237,28.792,104.21,6,trajectory,0.041077,1,0.13669,2.956,1,running,0.023546,0.036086,0.43683,0.006435,0.068461,176.15,-0.0079257,0.048692,7.6434,-0.037259,0.042882,119.26,-0.0070727,0.027921,-132.59,-0.010345,0.036973,-44.352,-0.0032331,0.056387,-130.08,-0.015008,0.072643,-97.426
166,1026.3,8.1653,2.7311,1.615,13,24,6.6283,5.2194,-3.1143,2.5538,1.4256,29.171,104.21,6,trajectory,0.041077,1,0.13528,2.9247,1,running,0.023546,0.036086,0.43683,0.006435,0.068461,176.15,-0.0079257,0.048692,7.6434,-0.037259,0.042882,119.26,-0.0070727,0.027921,-132.59,-0.010345,0.036973,-44.352,-0.0032331,0.056387,-130.08,-0.015008,0.072643,-97.426
167,1026.4,8.1612,2.8264,1.6131,13,24,6.6283,5.2194,-3.1143,2.4557,1.4303,30.218,104.21,6,trajectory,0.041077,1,0.13706,2.8418,1,running,0.023546,0.036086,0.43683,0.006435,0.068461,176.15,-0.0079257,0.048692,7.6434,-0.037259,0.042882,119.26,-0.0070727,0.027921,-132.59,-0.010345,0.036973,-44.352,-0.0032331,0.056387,-130.08,-0.015008,0.072643,-97.426
168,1026.6,8.1572,2.9218,1.6114,13,24,6.6283,5.2194,-3.1143,2.3577,1.4344,31.315,104.21,6,trajectory,0.041077,1,0.13508,2.7598,1,running,0.023546,0.036086,0.43684,0.006435,0.068461,176.15,-0.0079257,0.048692,7.6434,-0.037259,0.042882,119.26,-0.0070727,0.027921,-132.59,-0.010345,0.036973,-44.352,-0.0032331,0.056387,-130.08,-0.015008,0.072643,-97.426
169,1026.7,8.1539,3.0054,1.6103,13,24,6.6283,5.2194,-3.1143,2.2725,1.437,32.308,104.21,6,trajectory,0.041077,1,0.13403,2.6887,1,running,0.023546,0.036086,0.43683,0.006435,0.068461,176.15,-0.0079257,0.048692,7.6434,-0.037259,0.042882,119.26,-0.0070727,0.027921,-132.59,-0.010345,0.036973,-44.352,-0.0032331,0.056387,-130.08,-0.015008,0.072643,-97.426
170,1026.9,8.1501,3.101,1.6093,13,24,6.6283,5.2194,-3.1143,2.1754,1.4392,33.488,104.21,6,trajectory,0.041077,1,0.1398,2.6084,1,running,0.023546,0.036086,0.43683,0.006435,0.068461,176.15,-0.0079257,0.048692,7.6434,-0.037259,0.042882,119.26,-0.0070727,0.027921,-132.59,-0.010345,0.036973,-44.352,-0.0032331,0.056387,-130.08,-0.015008,0.072643,-97.426
171,1027,8.1465,3.1966,1.6087,13,24,6.6283,5.2194,-3.1143,2.0788,1.4405,34.721,104.21,6,trajectory,0.041077,1,0.13766,2.5291,1,running,0.023546,0.036086,0.43684,0.006435,0.068461,176.15,-0.0079257,0.048692,7.6434,-0.037259,0.042882,119.26,-0.0070727,0.027921,-132.59,-0.010345,0.036973,-44.352,-0.0032331,0.056387,-130.08,-0.015008,0.072643,-97.426
172,1027.2,8.1429,3.2924,1.6084,13,24,6.6283,5.2194,-3.1143,1.9825,1.4412,36.016,104.21,6,trajectory,0.041077,1,0.13804,2.451,1,running,0.023546,0.036086,0.43683,0.006435,0.068461,176.15,-0.0079257,0.048692,7.6434,-0.037259,0.042882,119.26,-0.0070727,0.027921,-132.59,-0.010345,0.036973,-44.352,-0.0032331,0.056387,-130.08,-0.015008,0.072643,-97.426
173,1027.4,8.1397,3.3763,1.6083,14,24,5.6037,5.1498,-3.0764,1.8673,2.4678,52.886,104.21,6,trajectory,0.041077,1,0.13893,2.3836,1,running,0.023546,0.036086,0.43684,0.006435,0.068461,176.15,-0.0079257,0.048692,7.6434,-0.037259,0.042882,119.26,-0.0070727,0.027921,-132.59,-0.010345,0.036973,-44.352,-0.0032331,0.056387,-130.08,-0.015008,0.072643,-97.426
174,1027.5,8.1361,3.4721,1.6084,14,24,5.6037,5.1498,-3.0764,1.7716,2.4677,54.325,104.21,6,trajectory,0.041077,1,0.13743,3.0377,1,running,0.023546,0.036086,0.43684,0.006435,0.068461,176.15,-0.0079257,0.048692,7.6434,-0.037259,0.042882,119.26,-0.0070727,0.027921,-132.59,-0.010345,0.036973,-44.352,-0.0032331,0.056387,-130.08,-0.015008,0.072643,-97.426
175,1027.7,8.1321,3.5799,1.6091,14,24,5.6037,5.1498,-3.0764,1.6657,2.4663,55.966,104.21,6,trajectory,0.041077,1,0.13751,2.9761,1,running,0.023546,0.036086,0.43683,0.006435,0.068461,176.15,-0.0079257,0.048692,7.6434,-0.037259,0.042882,119.26,-0.0070727,0.027921,-132.59,-0.010345,0.036973,-44.352,-0.0032331,0.056387,-130.08,-0.015008,0.072643,-97.426
176,1027.8,8.1283,3.6749,1.613,14,24,5.6037,5.1498,-3.0764,1.5802,2.4601,57.286,104.21,6,trajectory,0.041077,1,0.13648,2.9238,1,running,0.023546,0.036086,0.43684,0.006435,0.068461,176.15,-0.0079257,0.048692,7.6434,-0.037259,0.042882,119.26,-0.0070727,0.027921,-132.59,-0.010345,0.036973,-44.352,-0.0032331,0.056387,-130.08,-0.015008,0.072643,-97.426
177,1028,8.1245,3.7567,1.621,14,24,5.6037,5.1498,-3.0764,1.5178,2.4477,58.198,104.21,6,trajectory,0.041077,1,0.13854,2.8801,1,running,0.023546,0.036086,0.43684,0.006435,0.068461,176.15,-0.0079257,0.048692,7.6434,-0.037259,0.042882,119.26,-0.0070727,0.027921,-132.59,-0.010345,0.036973,-44.352,-0.0032331,0.056387,-130.08,-0.015008,0.072643,-97.426
178,1028.1,8.1192,3.8479,1.638,14,24,5.6037,5.1498,-3.0764,1.4679,2.4224,58.785,104.21,6,trajectory,0.041077,1,0.13943,2.8324,1,running,0.023546,0.036086,0.43683,0.006435,0.068461,176.15,-0.0079257,0.048692,7.6434,-0.037259,0.042882,119.26,-0.0070727,0.027921,-132.59,-0.010345,0.036973,-44.352,-0.0032331,0.056387,-130.08,-0.015008,0.072643,-97.426
179,1028.3,8.1122,3.937,1.6622,14,24,5.6037,5.1498,-3.0764,1.4367,2.3873,58.961,104.21,6,trajectory,0.041077,1,0.13876,2.7863,1,running,0.023546,0.036086,0.43683,0.006435,0.068461,176.15,-0.0079257,0.048692,7.6434,-0.037259,0.042882,119.26,-0.0070727,0.027921,-132.59,-0.010345,0.036973,-44.352,-0.0032331,0.056387,-130.08,-0.015008,0.072643,-97.426
180,1028.5,8.1029,4.0235,1.694,14,24,5.6037,5.1498,-3.0764,1.4249,2.3419,58.682,104.21,6,trajectory,0.041077,1,0.13895,2.7413,1,running,0.023546,0.036086,0.43684,0.006435,0.068461,176.15,-0.0079257,0.048692,7.6434,-0.037259,0.042882,119.26,-0.0070727,0.027921,-132.59,-0.010345,0.036973,-44.352,-0.0032331,0.056387,-130.08,-0.015008,0.072643,-97.426
181,1028.6,8.091,4.1069,1.7331,14,24,5.6037,5.1498,-3.0764,1.4311,2.2861,57.953,104.21,6,trajectory,0.041077,1,0.13748,2.6971,1,running,0.023546,0.036086,0.43683,0.006435,0.068461,176.15,-0.0079257,0.048692,7.6434,-0.037259,0.042882,119.26,-0.0070727,0.027921,-132.59,-0.010345,0.036973,-44.352,-0.0032331,0.056387,-130.08,-0.015008,0.072643,-97.426
182,1028.8,8.0759,4.1881,1.7774,14,24,5.6037,5.1498,-3.0764,1.4485,2.2223,56.904,104.21,6,trajectory,0.041077,1,0.14024,2.6527,1,running,0.023546,0.036086,0.43684,0.006435,0.068461,176.15,-0.0079257,0.048692,7.6434,-0.037259,0.042882,119.26,-0.0070727,0.027921,-132.59,-0.010345,0.036973,-44.352,-0.0032331,0.056387,-130.08,-0.015008,0.072643,-97.426
183,1028.9,8.0599,4.2571,1.8198,14,24,5.6037,5.1498,-3.0764,1.4704,2.1605,55.762,104.21,6,trajectory,0.041077,1,0.13663,2.6134,1,running,0.023546,0.036086,0.43684,0.006435,0.068461,176.15,-0.0079257,0.048692,7.6434,-0.037259,0.042882,119.26,-0.0070727,0.027921,-132.59,-0.010345,0.036973,-44.352,-0.0032331,0.056387,-130.08,-0.015008,0.072643,-97.426
184,1029.1,8.0383,4.3338,1.8715,14,24,5.6037,5.1498,-3.0764,1.5005,2.0836,54.241,104.21,6,trajectory,0.041077,1,0.13662,2.5677,1,running,0.023546,0.036086,0.43684,0.006435,0.068461,176.15,-0.0079257,0.048692,7.6434,-0.037259,0.042882,119.26,-0.0070727,0.027921,-132.59,-0.010345,0.036973,-44.352,-0.0032331,0.056387,-130.08,-0.015008,0.072643,-97.426
185,1029.2,8.013,4.4082,1.9262,14,24,5.6037,5.1498,-3.0764,1.5336,2.0007,52.528,104.21,6,trajectory,0.041077,1,0.13646,2.5209,1,running,0.023546,0.036086,0.43683,0.006435,0.068461,176.15,-0.0079257,0.048692,7.6434,-0.037259,0.042882,119.26,-0.0070727,0.027921,-132.59,-0.010345,0.036973,-44.352,-0.0032331,0.056387,-130.08,-0.015008,0.072643,-97.426
186,1029.4,7.9879,4.471,1.9759,14,24,5.6037,5.1498,-3.0764,1.5636,1.9237,50.896,104.21,6,trajectory,0.041077,1,0.13797,2.479,1,running,0.023546,0.036086,0.43684,0.006435,0.068461,176.15,-0.0079257,0.048692,7.6434,-0.037259,0.042882,119.26,-0.0070727,0.027921,-132.59,-0.010345,0.036973,-44.352,-0.0032331,0.056387,-130.08,-0.015008,0.072643,-97.426
187,1029.5,7.9557,4.5405,2.0344,15,24,4.529,5.0884,-3.0863,2.0225,2.8199,54.351,104.21,6,trajectory,0.041077,1,0.13753,2.4296,1,running,0.023546,0.036086,0.43683,0.006435,0.068461,176.15,-0.0079257,0.048692,7.6434,-0.037259,0.042882,119.26,-0.0070727,0.027921,-132.59,-0.010345,0.036973,-44.352,-0.0032331,0.056387,-130.08,-0.015008,0.072643,-97.426
188,1029.7,7.9193,4.6081,2.0945,15,24,4.529,5.0884,-3.0863,2.1113,2.6958,51.933,104.21,6,trajectory,0.041077,1,0.13869,3.4242,1,running,0.023546,0.036086,0.43684,0.006435,0.068461,176.15,-0.0079257,0.048692,7.6434,-0.037259,0.042882,119.26,-0.0070727,0.027921,-132.59,-0.010345,0.036973,-44.352,-0.0032331,0.056387,-130.08,-0.015008,0.072643,-97.426
189,1029.9,7.8742,4.6804,2.1632,15,24,4.529,5.0884,-3.0863,2.2063,2.5474,49.104,104.21,6,trajectory,0.041077,1,0.13732,3.37,1,running,0.023546,0.036086,0.43684,0.006435,0.068461,176.15,-0.0079257,0.048692,7.6434,-0.037259,0.042882,119.26,-0.0070727,0.027921,-132.59,-0.010345,0.036973,-44.352,-0.0032331,0.056387,-130.08,-0.015008,0.072643,-97.426
190,1030,7.836,4.734,2.2173,15,24,4.529,5.0884,-3.0863,2.2751,2.4261,46.84,104.21,6,trajectory,0.041077,1,0.13658,3.3259,1,running,0.023546,0.036086,0.43683,0.006435,0.068461,176.15,-0.0079257,0.048692,7.6434,-0.037259,0.042882,119.26,-0.0070727,0.027921,-132.59,-0.010345,0.036973,-44.352,-0.0032331,0.056387,-130.08,-0.015008,0.072643,-97.426
191,1030.2,7.7891,4.7922,2.2796,15,24,4.529,5.0884,-3.0863,2.347,2.2821,44.198,104.21,6,trajectory,0.041077,1,0.1372,3.2736,1,running,0.023546,0.036086,0.43684,0.006435,0.068461,176.15,-0.0079257,0.048692,7.6434,-0.037259,0.042882,119.26,-0.0070727,0.027921,-132.59,-0.010345,0.036973,-44.352,-0.0032331,0.056387,-130.08,-0.015008,0.072643,-97.426
192,1030.3,7.7384,4.8477,2.3426,15,24,4.529,5.0884,-3.0863,2.4109,2.1321,41.489,104.21,6,trajectory,0.041077,1,0.14214,3.2184,1,running,0.023546,0.036086,0.43684,0.006435,0.068461,176.15,-0.0079257,0.048692,7.6434,-0.037259,0.042882,119.26,-0.0070727,0.027921,-132.59,-0.010345,0.036973,-44.352,-0.0032331,0.056387,-130.08,-0.015008,0.072643,-97.426
193,1030.5,7.6847,4.8995,2.4056,15,24,4.529,5.0884,-3.0863,2.4658,1.9785,38.743,104.21,6,trajectory,0.041077,1,0.14785,3.1614,1,running,0.023546,0.036086,0.43683,0.006435,0.068461,176.15,-0.0079257,0.048692,7.6434,-0.037259,0.042882,119.26,-0.0070727,0.027921,-132.59,-0.010345,0.036973,-44.352,-0.0032331,0.056387,-130.08,-0.015008,0.072643,-97.426
194,1030.7,7.6205,4.9537,2.4768,15,24,4.529,5.0884,-3.0863,2.5162,1.8011,35.595,104.21,6,trajectory,0.041077,1,0.14912,3.0944,1,running,0.023546,0.036086,0.43684,0.006435,0.068461,176.15,-0.0079257,0.048692,7.6434,-0.037259,0.042882,119.26,-0.0070727,0.027921,-132.59,-0.010345,0.036973,-44.352,-0.0032331,0.056387,-130.08,-0.015008,0.072643,-97.426
195,1030.8,7.5602,4.998,2.5402,15,24,4.529,5.0884,-3.0863,2.5505,1.6405,32.749,104.21,6,trajectory,0.041077,1,0.13743,3.0325,1,running,0.023546,0.036086,0.43684,0.006435,0.068461,176.15,-0.0079257,0.048692,7.6434,-0.037259,0.042882,119.26,-0.0070727,0.027921,-132.59,-0.010345,0.036973,-44.352,-0.0032331,0.056387,-130.08,-0.015008,0.072643,-97.426
196,1031,7.4973,5.0383,2.6035,15,24,4.529,5.0884,-3.0863,2.5745,1.4782,29.864,104.21,6,trajectory,0.041077,1,0.13598,2.9687,1,running,0.023546,0.036086,0.43684,0.006435,0.068461,176.15,-0.0079257,0.048692,7.6434,-0.037259,0.042882,119.26,-0.0070727,0.027921,-132.59,-0.010345,0.036973,-44.352,-0.0032331,0.056387,-130.08,-0.015008,0.072643,-97.426
197,1031.2,7.4319,5.0745,2.6667,15,24,4.529,5.0884,-3.0863,2.588,1.315,26.935,104.21,6,trajectory,0.041077,1,0.14423,2.9029,1,running,0.023546,0.036086,0.43684,0.006435,0.068461,176.15,-0.0079257,0.048692,7.6434,-0.037259,0.042882,119.26,-0.0070727,0.027921,-132.59,-0.010345,0.036973,-44.352,-0.0032331,0.056387,-130.08,-0.015008,0.072643,-97.426
198,1031.3,7.3642,5.1067,2.7299,15,24,4.529,5.0884,-3.0863,2.591,1.1513,23.958,104.21,6,trajectory,0.041077,1,0.14838,2.8353,1,running,0.023546,0.036086,0.43684,0.006435,0.068461,176.15,-0.0079257,0.048692,7.6434,-0.037259,0.042882,119.26,-0.0070727,0.027921,-132.59,-0.010345,0.036973,-44.352,-0.0032331,0.056387,-130.08,-0.015008,0.072643,-97.426
199,1031.5,7.2947,5.1345,2.7924,15,24,4.529,5.0884,-3.0863,2.583,0.98961,20.963,104.21,6,trajectory,0.041077,1,0.15087,2.7661,1,running,0.023546,0.036086,0.43684,0.006435,0.068461,176.15,-0.0079257,0.048692,7.6434,-0.037259,0.042882,119.26,-0.0070727,0.027921,-132.59,-0.010345,0.036973,-44.352,-0.0032331,0.056387,-130.08,-0.015008,0.072643,-97.426
200,1031.6,7.2226,5.1582,2.8537,15,24,4.529,5.0884,-3.0863,2.563,0.83163,17.977,104.21,6,trajectory,0.041077,1,0.13949,2.6946,1,running,0.023546,0.036086,0.43684,0.006435,0.068461,176.15,-0.0079257,0.048692,7.6434,-0.037259,0.042882,119.26,-0.0070727,0.027921,-132.59,-0.010345,0.036973,-44.352,-0.0032331,0.056387,-130.08,-0.015008,0.072643,-97.426
201,1031.8,7.1481,5.1779,2.9126,15,24,4.529,5.0884,-3.0863,2.5305,0.68161,15.075,104.21,6,trajectory,0.041077,1,0.14164,2.6207,1,running,0.023546,0.036086,0.43684,0.006435,0.068461,176.15,-0.0079257,0.048692,7.6434,-0.037259,0.042882,119.26,-0.0070727,0.027921,-132.59,-0.010345,0.036973,-44.352,-0.0032331,0.056387,-130.08,-0.015008,0.072643,-97.426
202,1032,7.0713,5.1936,2.9669,15,24,4.529,5.0884,-3.0863,2.4853,0.54533,12.376,104.21,6,trajectory,0.041077,1,0.13959,2.5444,1,running,0.023546,0.036086,0.43683,0.006435,0.068461,176.15,-0.0079257,0.048692,7.6434,-0.037259,0.042882,119.26,-0.0070727,0.027921,-132.59,-0.010345,0.036973,-44.352,-0.0032331,0.056387,-130.08,-0.015008,0.072643,-97.426
203,1032.1,6.9918,5.2055,3.017,15,24,4.529,5.0884,-3.0863,2.4292,0.42232,9.8626,104.21,6,trajectory,0.041077,1,0.14139,2.4656,1,running,0.023546,0.036086,0.43683,0.006435,0.068461,176.15,-0.0079257,0.048692,7.6434,-0.037259,0.042882,119.26,-0.0070727,0.027921,-132.59,-0.010345,0.036973,-44.352,-0.0032331,0.056387,-130.08,-0.015008,0.072643,-97.426
204,1032.3,6.9098,5.2138,3.0626,16,24,3.451,5.0262,-3.0817,3.4332,0.45983,7.6285,104.21,6,trajectory,0.041077,1,0.13941,2.3842,1,running,0.023546,0.036086,0.43683,0.006435,0.068461,176.15,-0.0079257,0.048692,7.6434,-0.037259,0.042882,119.26,-0.0070727,0.027921,-132.59,-0.010345,0.036973,-44.352,-0.0032331,0.056387,-130.08,-0.015008,0.072643,-97.426
205,1032.4,6.8256,5.2188,3.1024,16,24,3.451,5.0262,-3.0817,3.3644,0.32445,5.5083,104.21,6,trajectory,0.041077,1,0.14141,3.38,1,running,0.023546,0.036086,0.43683,0.006435,0.068461,176.15,-0.0079257,0.048692,7.6434,-0.037259,0.042882,119.26,-0.0070727,0.027921,-132.59,-0.010345,0.036973,-44.352,-0.0032331,0.056387,-130.08,-0.015008,0.072643,-97.426
206,1032.6,6.7391,5.2207,3.1358,16,24,3.451,5.0262,-3.0817,3.2869,0.21359,3.7179,104.21,6,trajectory,0.041077,1,0.13711,3.2938,1,running,0.023546,0.036086,0.43683,0.006435,0.068461,176.15,-0.0079257,0.048692,7.6434,-0.037259,0.042882,119.26,-0.0070727,0.027921,-132.59,-0.010345,0.036973,-44.352,-0.0032331,0.056387,-130.08,-0.015008,0.072643,-97.426
207,1032.8,6.6506,5.2199,-3.1201,16,24,3.451,5.0262,-3.0817,3.203,0.12478,2.2309,104.21,6,trajectory,0.041077,1,0.14066,3.2055,1,running,0.023546,0.036086,0.43684,0.006435,0.068461,176.15,-0.0079257,0.048692,7.6434,-0.037259,0.042882,119.26,-0.0070727,0.027921,-132.59,-0.010345,0.036973,-44.352,-0.0032331,0.056387,-130.08,-0.015008,0.072643,-97.426
208,1032.9,6.5604,5.217,-3.0991,16,24,3.451,5.0262,-3.0817,3.1146,0.058495,1.0759,104.21,6,trajectory,0.041077,1,0.13808,3.1152,1,running,0.023546,0.036086,0.43683,0.006435,0.068461,176.15,-0.0079257,0.048692,7.6434,-0.037259,0.042882,119.26,-0.0070727,0.027921,-132.59,-0.010345,0.036973,-44.352,-0.0032331,0.056387,-130.08,-0.015008,0.072643,-97.426
209,1033.1,6.4685,5.2123,-3.0842,16,24,3.451,5.0262,-3.0817,3.0232,0.012816,0.24289,104.21,6,trajectory,0.041077,1,0.14219,3.0232,1,running,0.023546,0.036086,0.43684,0.006435,0.068461,176.15,-0.0079257,0.048692,7.6434,-0.037259,0.042882,119.26,-0.0070727,0.027921,-132.59,-0.010345,0.036973,-44.352,-0.0032331,0.056387,-130.08,-0.015008,0.072643,-97.426
210,1033.2,6.3754,5.2065,-3.0739,16,24,3.451,5.0262,-3.0817,2.9298,-0.017824,-0.34857,104.21,6,trajectory,0.041077,1,0.1377,2.9299,1,running,0.023546,0.036086,0.43683,0.006435,0.068461,176.15,-0.0079257,0.048692,7.6434,-0.037259,0.042882,119.26,-0.0070727,0.027921,-132.59,-0.010345,0.036973,-44.352,-0.0032331,0.056387,-130.08,-0.015008,0.072643,-97.426
211,1033.4,6.2813,5.1998,-3.0673,16,24,3.451,5.0262,-3.0817,2.8353,-0.036953,-0.7467,104.21,6,trajectory,0.041077,1,0.13958,2.8356,1,running,0.023546,0.036086,0.43683,0.006435,0.068461,176.15,-0.0079257,0.048692,7.6434,-0.037259,0.042882,119.26,-0.0070727,0.027921,-132.59,-0.010345,0.036973,-44.352,-0.0032331,0.056387,-130.08,-0.015008,0.072643,-97.426
212,1033.6,6.1982,5.1934,-3.0646,16,24,3.451,5.0262,-3.0817,2.7518,-0.0446,-0.92852,104.21,6,trajectory,0.041077,1,0.13988,2.7522,1,running,0.023546,0.036086,0.43684,0.006435,0.068461,176.15,-0.0079257,0.048692,7.6434,-0.037259,0.042882,119.26,-0.0070727,0.027921,-132.59,-0.010345,0.036973,-44.352,-0.0032331,0.056387,-130.08,-0.015008,0.072643,-97.426
213,1033.7,6.1026,5.186,-3.0638,16,24,3.451,5.0262,-3.0817,2.656,-0.046755,-1.0085,104.21,6,trajectory,0.041077,1,0.13855,2.6564,1,running,0.023546,0.036086,0.43683,0.006435,0.068461,176.15,-0.0079257,0.048692,7.6434,-0.037259,0.042882,119.26,-0.0070727,0.027921,-132.59,-0.010345,0.036973,-44.352,-0.0032331,0.056387,-130.08,-0.015008,0.072643,-97.426
214,1033.9,6.0073,5.1786,-3.0648,16,24,3.451,5.0262,-3.0817,2.5604,-0.044162,-0.98814,104.21,6,trajectory,0.041077,1,0.13838,2.5608,1,running,0.023546,0.036086,0.43683,0.006435,0.068461,176.15,-0.0079257,0.048692,7.6434,-0.037259,0.042882,119.26,-0.0070727,0.027921,-132.59,-0.010345,0.036973,-44.352,-0.0032331,0.056387,-130.08,-0.015008,0.072643,-97.426
215,1034,5.9122,5.1714,-3.067,16,24,3.451,5.0262,-3.0817,2.4651,-0.038708,-0.8996,104.21,6,trajectory,0.041077,1,0.13797,2.4654,1,running,0.023546,0.036086,0.43683,0.006435,0.068461,176.15,-0.0079257,0.048692,7.6434,-0.037259,0.042882,119.26,-0.0070727,0.027921,-132.59,-0.010345,0.036973,-44.352,-0.0032331,0.056387,-130.08,-0.015008,0.072643,-97.426
216,1034.2,5.8173,5.1644,-3.0698,17,24,2.3731,4.9596,-3.0781,3.45,-0.042936,-0.71304,104.21,6,trajectory,0.041077,1,0.13719,2.3702,1,running,0.023546,0.036086,0.43683,0.006435,0.068461,176.15,-0.0079257,0.048692,7.6434,-0.037259,0.042882,119.26,-0.0070727,0.027921,-132.59,-0.010345,0.036973,-44.352,-0.0032331,0.056387,-130.08,-0.015008,0.072643,-97.426
217,1034.3,5.7342,5.1586,-3.0724,17,24,2.3731,4.9596,-3.0781,3.3668,-0.033953,-0.57778,104.21,6,trajectory,0.041077,1,0.1359,3.367,1,running,0.023546,0.036086,0.43684,0.006435,0.068461,176.15,-0.0079257,0.048692,7.6434,-0.037259,0.042882,119.26,-0.0070727,0.027921,-132.59,-0.010345,0.036973,-44.352,-0.0032331,0.056387,-130.08,-0.015008,0.072643,-97.426
218,1034.5,5.6274,5.1513,-3.0757,17,24,2.3731,4.9596,-3.0781,3.2599,-0.02286,-0.40178,104.21,6,trajectory,0.041077,1,0.13894,3.26,1,running,0.023546,0.036086,0.43684,0.006435,0.068461,176.15,-0.0079257,0.048692,7.6434,-0.037259,0.042882,119.26,-0.0070727,0.027921,-132.59,-0.010345,0.036973,-44.352,-0.0032331,0.056387,-130.08,-0.015008,0.072643,-97.426
219,1034.7,5.5324,5.1452,-3.0784,17,24,2.3731,4.9596,-3.0781,3.1647,-0.014199,-0.25706,104.21,6,trajectory,0.041077,1,0.13497,3.1648,1,running,0.023546,0.036086,0.43684,0.006435,0.068461,176.15,-0.0079257,0.048692,7.6434,-0.037259,0.042882,119.26,-0.0070727,0.027921,-132.59,-0.010345,0.036973,-44.352,-0.0032331,0.056387,-130.08,-0.015008,0.072643,-97.426
220,1034.8,5.4492,5.14,-3.0805,17,24,2.3731,4.9596,-3.0781,3.0814,-0.0075949,-0.14122,104.21,6,trajectory,0.041077,1,0.1389,3.0814,1,running,0.023546,0.036086,0.43684,0.006435,0.068461,176.15,-0.0079257,0.048692,7.6434,-0.037259,0.042882,119.26,-0.0070727,0.027921,-132.59,-0.010345,0.036973,-44.352,-0.0032331,0.056387,-130.08,-0.015008,0.072643,-97.426
221,1035,5.354,5.1343,-3.0825,17,24,2.3731,4.9596,-3.0781,2.986,-0.0015394,-0.029538,104.21,6,trajectory,0.041077,1,0.13758,2.986,1,running,0.023546,0.036086,0.43684,0.006435,0.068461,176.15,-0.0079257,0.048692,7.6434,-0.037259,0.042882,119.26,-0.0070727,0.027921,-132.59,-0.010345,0.036973,-44.352,-0.0032331,0.056387,-130.08,-0.015008,0.072643,-97.426
222,1035.1,5.2586,5.1288,-3.0841,17,24,2.3731,4.9596,-3.0781,2.8905,0.0031551,0.062541,104.21,6,trajectory,0.041077,1,0.14065,2.8905,1,running,0.023546,0.036086,0.43684,0.006435,0.068461,176.15,-0.0079257,0.048692,7.6434,-0.037259,0.042882,119.26,-0.0070727,0.027921,-132.59,-0.010345,0.036973,-44.352,-0.0032331,0.056387,-130.08,-0.015008,0.072643,-97.426
223,1035.3,5.1632,5.1233,-3.0853,17,24,2.3731,4.9596,-3.0781,2.7949,0.0065586,0.13445,104.21,6,trajectory,0.041077,1,0.13882,2.7949,1,running,0.023546,0.036086,0.43683,0.006435,0.068461,176.15,-0.0079257,0.048692,7.6434,-0.037259,0.042882,119.26,-0.0070727,0.027921,-132.59,-0.010345,0.036973,-44.352,-0.0032331,0.056387,-130.08,-0.015008,0.072643,-97.426
224,1035.4,5.0796,5.1186,-3.0861,17,24,2.3731,4.9596,-3.0781,2.7111,0.0086114,0.18199,104.21,6,trajectory,0.041077,1,0.14031,2.7111,1,running,0.023546,0.036086,0.43684,0.006435,0.068461,176.15,-0.0079257,0.048692,7.6434,-0.037259,0.042882,119.26,-0.0070727,0.027921,-132.59,-0.010345,0.036973,-44.352,-0.0032331,0.056387,-130.08,-0.015008,0.072643,-97.426
225,1035.6,4.984,5.1134,-3.0866,17,24,2.3731,4.9596,-3.0781,2.6154,0.010012,0.21935,104.21,6,trajectory,0.041077,1,0.13704,2.6154,1,running,0.023546,0.036086,0.43683,0.006435,0.068461,176.15,-0.0079257,0.048692,7.6434,-0.037259,0.042882,119.26,-0.0070727,0.027921,-132.59,-0.010345,0.036973,-44.352,-0.0032331,0.056387,-130.08,-0.015008,0.072643,-97.426
226,1035.7,4.8883,5.1081,-3.0869,17,24,2.3731,4.9596,-3.0781,2.5195,0.010733,0.24407,104.21,6,trajectory,0.041077,1,0.13723,2.5195,1,running,0.023546,0.036086,0.43683,0.006435,0.068461,176.15,-0.0079257,0.048692,7.6434,-0.037259,0.042882,119.26,-0.0070727,0.027921,-132.59,-0.010345,0.036973,-44.352,-0.0032331,0.056387,-130.08,-0.015008,0.072643,-97.426
227,1035.9,4.7925,5.1029,-3.0869,17,24,2.3731,4.9596,-3.0781,2.4236,0.01087,0.25696,104.21,6,trajectory,0.041077,1,0.13775,2.4236,1,running,0.023546,0.036086,0.43683,0.006435,0.068461,176.15,-0.0079257,0.048692,7.6434,-0.037259,0.042882,119.26,-0.0070727,0.027921,-132.59,-0.010345,0.036973,-44.352,-0.0032331,0.056387,-130.08,-0.015008,0.072643,-97.426
228,1036.1,4.7087,5.0983,-3.0868,18,24,1.3001,4.8882,-3.0574,3.415,0.02326,0.39025,104.21,6,trajectory,0.041077,1,0.1375,2.3397,1,running,0.023546,0.036086,0.43684,0.006435,0.068461,176.15,-0.0079257,0.048692,7.6434,-0.037259,0.042882,119.26,-0.0070727,0.027921,-132.59,-0.010345,0.036973,-44.352,-0.0032331,0.056387,-130.08,-0.015008,0.072643,-97.426
229,1036.2,4.6128,5.093,-3.0866,18,24,1.3001,4.8882,-3.0574,3.319,0.022507,0.38853,104.21,6,trajectory,0.041077,1,0.13501,3.3191,1,running,0.023546,0.036086,0.43683,0.006435,0.068461,176.15,-0.0079257,0.048692,7.6434,-0.037259,0.042882,119.26,-0.0070727,0.027921,-132.59,-0.010345,0.036973,-44.352,-0.0032331,0.056387,-130.08,-0.015008,0.072643,-97.426
230,1036.4,4.517,5.0877,-3.0863,18,24,1.3001,4.8882,-3.0574,3.223,0.021456,0.38143,104.21,6,trajectory,0.041077,1,0.13694,3.2231,1,running,0.023546,0.036086,0.43684,0.006435,0.068461,176.15,-0.0079257,0.048692,7.6434,-0.037259,0.042882,119.26,-0.0070727,0.027921,-132.59,-0.010345,0.036973,-44.352,-0.0032331,0.056387,-130.08,-0.015008,0.072643,-97.426
231,1036.5,4.4212,5.0824,-3.0859,18,24,1.3001,4.8882,-3.0574,3.127,0.020236,0.37078,104.21,6,trajectory,0.041077,1,0.13635,3.1271,1,running,0.023546,0.036086,0.43684,0.006435,0.068461,176.15,-0.0079257,0.048692,7.6434,-0.037259,0.042882,119.26,-0.0070727,0.027921,-132.59,-0.010345,0.036973,-44.352,-0.0032331,0.056387,-130.08,-0.015008,0.072643,-97.426
232,1036.7,4.3253,5.077,-3.0855,18,24,1.3001,4.8882,-3.0574,3.0311,0.018927,0.35777,104.21,6,trajectory,0.041077,1,0.13701,3.0311,1,running,0.023546,0.036086,0.43683,0.006435,0.068461,176.15,-0.0079257,0.048692,7.6434,-0.037259,0.042882,119.26,-0.0070727,0.027921,-132.59,-0.010345,0.036973,-44.352,-0.0032331,0.056387,-130.08,-0.015008,0.072643,-97.426
233,1036.8,4.2295,5.0716,-3.085,18,24,1.3001,4.8882,-3.0574,2.9351,0.017603,0.34362,104.21,6,trajectory,0.041077,1,0.14532,2.9351,1,running,0.023546,0.036086,0.43684,0.006435,0.068461,176.15,-0.0079257,0.048692,7.6434,-0.037259,0.042882,119.26,-0.0070727,0.027921,-132.59,-0.010345,0.036973,-44.352,-0.0032331,0.056387,-130.08,-0.015008,0.072643,-97.426
234,1037,4.1337,5.0662,-3.0846,18,24,1.3001,4.8882,-3.0574,2.8391,0.016304,0.32902,104.21,6,trajectory,0.041077,1,0.13669,2.8392,1,running,0.023546,0.036086,0.43683,0.006435,0.068461,176.15,-0.0079257,0.048692,7.6434,-0.037259,0.042882,119.26,-0.0070727,0.027921,-132.59,-0.010345,0.036973,-44.352,-0.0032331,0.056387,-130.08,-0.015008,0.072643,-97.426
235,1037.2,4.0499,5.0614,-3.0842,18,24,1.3001,4.8882,-3.0574,2.7552,0.015214,0.31637,104.21,6,trajectory,0.041077,1,0.13841,2.7552,1,running,0.023546,0.036086,0.43683,0.006435,0.068461,176.15,-0.0079257,0.048692,7.6434,-0.037259,0.042882,119.26,-0.0070727,0.027921,-132.59,-0.010345,0.036973,-44.352,-0.0032331,0.056387,-130.08,-0.015008,0.072643,-97.426
236,1037.3,3.9541,5.0559,-3.0838,18,24,1.3001,4.8882,-3.0574,2.6592,0.014034,0.30237,104.21,6,trajectory,0.041077,1,0.13755,2.6592,1,running,0.023546,0.036086,0.43683,0.006435,0.068461,176.15,-0.0079257,0.048692,7.6434,-0.037259,0.042882,119.26,-0.0070727,0.027921,-132.59,-0.010345,0.036973,-44.352,-0.0032331,0.056387,-130.08,-0.015008,0.072643,-97.426
237,1037.5,3.8583,5.0503,-3.0833,18,24,1.3001,4.8882,-3.0574,2.5632,0.012933,0.28908,104.21,6,trajectory,0.041077,1,0.13712,2.5633,1,running,0.023546,0.036086,0.43683,0.006435,0.068461,176.15,-0.0079257,0.048692,7.6434,-0.037259,0.042882,119.26,-0.0070727,0.027921,-132.59,-0.010345,0.036973,-44.352,-0.0032331,0.056387,-130.08,-0.015008,0.072643,-97.426
238,1037.6,3.7624,5.0447,-3.0829,18,24,1.3001,4.8882,-3.0574,2.4673,0.011915,0.27669,104.21,6,trajectory,0.041077,1,0.13567,2.4673,1,running,0.023546,0.036086,0.43684,0.006435,0.068461,176.15,-0.0079257,0.048692,7.6434,-0.037259,0.042882,119.26,-0.0070727,0.027921,-132.59,-0.010345,0.036973,-44.352,-0.0032331,0.056387,-130.08,-0.015008,0.072643,-97.426
239,1037.8,3.6786,5.0398,-3.0826,19,24,0.35803,4.5693,-2.4596,3.3425,0.27387,4.6841,104.21,6,trajectory,0.041077,1,0.14905,2.3833,1,running,0.023546,0.036086,0.43684,0.006435,0.068461,176.15,-0.0079257,0.048692,7.6434,-0.037259,0.042882,119.26,-0.0070727,0.027921,-132.59,-0.010345,0.036973,-44.352,-0.0032331,0.056387,-130.08,-0.015008,0.072643,-97.426
240,1037.9,3.5708,5.0334,-3.0822,19,24,0.35803,4.5693,-2.4596,3.2347,0.27249,4.8152,104.21,6,trajectory,0.041077,1,0.13796,3.2461,1,running,0.023546,0.036086,0.43683,0.006435,0.068461,176.15,-0.0079257,0.048692,7.6434,-0.037259,0.042882,119.26,-0.0070727,0.027921,-132.59,-0.010345,0.036973,-44.352,-0.0032331,0.056387,-130.08,-0.015008,0.072643,-97.426
241,1038.1,3.475,5.0277,-3.0818,19,24,0.35803,4.5693,-2.4596,3.1388,0.27134,4.9408,104.21,6,trajectory,0.041077,1,0.1388,3.1505,1,running,0.023546,0.036086,0.43684,0.006435,0.068461,176.15,-0.0079257,0.048692,7.6434,-0.037259,0.042882,119.26,-0.0070727,0.027921,-132.59,-0.010345,0.036973,-44.352,-0.0032331,0.056387,-130.08,-0.015008,0.072643,-97.426
242,1038.3,3.3792,5.0219,-3.0815,19,24,0.35803,4.5693,-2.4596,3.0429,0.27026,5.0755,104.21,6,trajectory,0.041077,1,0.13824,3.0549,1,running,0.023546,0.036086,0.43683,0.006435,0.068461,176.15,-0.0079257,0.048692,7.6434,-0.037259,0.042882,119.26,-0.0070727,0.027921,-132.59,-0.010345,0.036973,-44.352,-0.0032331,0.056387,-130.08,-0.015008,0.072643,-97.426
243,1038.4,3.2834,5.0161,-3.0811,19,24,0.35803,4.5693,-2.4596,2.947,0.26925,5.2203,104.21,6,trajectory,0.041077,1,0.1397,2.9592,1,running,0.023546,0.036086,0.43684,0.006435,0.068461,176.15,-0.0079257,0.048692,7.6434,-0.037259,0.042882,119.26,-0.0070727,0.027921,-132.59,-0.010345,0.036973,-44.352,-0.0032331,0.056387,-130.08,-0.015008,0.072643,-97.426
244,1038.6,3.1875,5.0103,-3.0808,19,24,0.35803,4.5693,-2.4596,2.8511,0.26829,5.3757,104.21,6,trajectory,0.041077,1,0.13729,2.8637,1,running,0.023546,0.036086,0.43684,0.006435,0.068461,176.15,-0.0079257,0.048692,7.6434,-0.037259,0.042882,119.26,-0.0070727,0.027921,-132.59,-0.010345,0.036973,-44.352,-0.0032331,0.056387,-130.08,-0.015008,0.072643,-97.426
245,1038.7,3.0917,5.0045,-3.0805,19,24,0.35803,4.5693,-2.4596,2.7552,0.26737,5.5429,104.21,6,trajectory,0.041077,1,0.13696,2.7681,1,running,0.023546,0.036086,0.43683,0.006435,0.068461,176.15,-0.0079257,0.048692,7.6434,-0.037259,0.042882,119.26,-0.0070727,0.027921,-132.59,-0.010345,0.036973,-44.352,-0.0032331,0.056387,-130.08,-0.015008,0.072643,-97.426
246,1038.9,2.9959,4.9986,-3.0802,19,24,0.35803,4.5693,-2.4596,2.6592,0.26651,5.723,104.21,6,trajectory,0.041077,1,0.15475,2.6726,1,running,0.023546,0.036086,0.43684,0.006435,0.068461,176.15,-0.0079257,0.048692,7.6434,-0.037259,0.042882,119.26,-0.0070727,0.027921,-132.59,-0.010345,0.036973,-44.352,-0.0032331,0.056387,-130.08,-0.015008,0.072643,-97.426
247,1039.1,2.9001,4.9927,-3.0798,19,24,0.35803,4.5693,-2.4596,2.5633,0.26567,5.9173,104.21,6,trajectory,0.041077,1,0.13652,2.5771,1,running,0.023546,0.036086,0.43683,0.006435,0.068461,176.15,-0.0079257,0.048692,7.6434,-0.037259,0.042882,119.26,-0.0070727,0.027921,-132.59,-0.010345,0.036973,-44.352,-0.0032331,0.056387,-130.08,-0.015008,0.072643,-97.426
248,1039.2,2.8043,4.9867,-3.0795,19,24,0.35803,4.5693,-2.4596,2.4674,0.26488,6.1273,104.21,6,trajectory,0.041077,1,0.13814,2.4816,1,running,0.023546,0.036086,0.43683,0.006435,0.068461,176.15,-0.0079257,0.048692,7.6434,-0.037259,0.042882,119.26,-0.0070727,0.027921,-132.59,-0.010345,0.036973,-44.352,-0.0032331,0.056387,-130.08,-0.015008,0.072643,-97.426
249,1039.4,2.7084,4.9808,-3.0792,20,24,-0.087501,3.6566,-1.6324,2.8731,1.1472,21.767,104.21,6,trajectory,0.041077,1,0.13518,2.3862,1,running,0.023546,0.036086,0.43683,0.006435,0.068461,176.15,-0.0079257,0.048692,7.6434,-0.037259,0.042882,119.26,-0.0070727,0.027921,-132.59,-0.010345,0.036973,-44.352,-0.0032331,0.056387,-130.08,-0.015008,0.072643,-97.426
250,1039.5,2.6246,4.9755,-3.0789,20,24,-0.087501,3.6566,-1.6324,2.7894,1.1464,22.343,104.21,6,trajectory,0.041077,1,0.1323,3.0158,1,running,0.023546,0.036086,0.43683,0.006435,0.068461,176.15,-0.0079257,0.048692,7.6434,-0.037259,0.042882,119.26,-0.0070727,0.027921,-132.59,-0.010345,0.036973,-44.352,-0.0032331,0.056387,-130.08,-0.015008,0.072643,-97.426
251,1039.7,2.5168,4.9687,-3.0786,20,24,-0.087501,3.6566,-1.6324,2.6818,1.1455,23.129,104.21,6,trajectory,0.041077,1,0.13768,2.9162,1,running,0.023546,0.036086,0.43684,0.006435,0.068461,176.15,-0.0079257,0.048692,7.6434,-0.037259,0.042882,119.26,-0.0070727,0.027921,-132.59,-0.010345,0.036973,-44.352,-0.0032331,0.056387,-130.08,-0.015008,0.072643,-97.426
252,1039.9,2.433,4.9634,-3.0783,20,24,-0.087501,3.6566,-1.6324,2.5981,1.1447,23.778,104.21,6,trajectory,0.041077,1,0.13328,2.8391,1,running,0.023546,0.036086,0.43683,0.006435,0.068461,176.15,-0.0079257,0.048692,7.6434,-0.037259,0.042882,119.26,-0.0070727,0.027921,-132.59,-0.010345,0.036973,-44.352,-0.0032331,0.056387,-130.08,-0.015008,0.072643,-97.426
253,1040,2.3372,4.9573,-3.078,20,24,-0.087501,3.6566,-1.6324,2.5025,1.1439,24.566,104.21,6,trajectory,0.041077,1,0.13621,2.7515,1,running,0.023546,0.036086,0.43684,0.006435,0.068461,176.15,-0.0079257,0.048692,7.6434,-0.037259,0.042882,119.26,-0.0070727,0.027921,-132.59,-0.010345,0.036973,-44.352,-0.0032331,0.056387,-130.08,-0.015008,0.072643,-97.426
254,1040.2,2.2414,4.9512,-3.0777,20,24,-0.087501,3.6566,-1.6324,2.4068,1.1432,25.406,104.21,6,trajectory,0.041077,1,0.13335,2.6645,1,running,0.023546,0.036086,0.43684,0.006435,0.068461,176.15,-0.0079257,0.048692,7.6434,-0.037259,0.042882,119.26,-0.0070727,0.027921,-132.59,-0.010345,0.036973,-44.352,-0.0032331,0.056387,-130.08,-0.015008,0.072643,-97.426
255,1040.3,2.1576,4.9458,-3.0774,20,24,-0.087501,3.6566,-1.6324,2.3231,1.1425,26.187,104.21,6,trajectory,0.041077,1,0.15687,2.5889,1,running,0.023546,0.036086,0.43683,0.006435,0.068461,176.15,-0.0079257,0.048692,7.6434,-0.037259,0.042882,119.26,-0.0070727,0.027921,-132.59,-0.010345,0.036973,-44.352,-0.0032331,0.056387,-130.08,-0.015008,0.072643,-97.426
256,1040.5,2.0498,4.9389,-3.077,20,24,-0.087501,3.6566,-1.6324,2.2156,1.1417,27.262,104.21,6,trajectory,0.041077,1,0.1365,2.4924,1,running,0.023546,0.036086,0.43684,0.006435,0.068461,176.15,-0.0079257,0.048692,7.6434,-0.037259,0.042882,119.26,-0.0070727,0.027921,-132.59,-0.010345,0.036973,-44.352,-0.0032331,0.056387,-130.08,-0.015008,0.072643,-97.426
257,1040.6,1.954,4.9327,-3.0767,21,24,-0.017771,2.6279,-1.469,2.117,2.1721,45.735,104.21,6,trajectory,0.041077,1,0.13348,2.4075,1,running,0.023546,0.036086,0.43684,0.006435,0.068461,176.15,-0.0079257,0.048692,7.6434,-0.037259,0.042882,119.26,-0.0070727,0.027921,-132.59,-0.010345,0.036973,-44.352,-0.0032331,0.056387,-130.08,-0.015008,0.072643,-97.426
258,1040.8,1.8702,4.9272,-3.0764,21,24,-0.017771,2.6279,-1.469,2.0336,2.1715,46.878,104.21,6,trajectory,0.041077,1,0.13551,2.9751,1,running,0.023546,0.036086,0.43683,0.006435,0.068461,176.15,-0.0079257,0.048692,7.6434,-0.037259,0.042882,119.26,-0.0070727,0.027921,-132.59,-0.010345,0.036973,-44.352,-0.0032331,0.056387,-130.08,-0.015008,0.072643,-97.426
259,1041,1.7624,4.9202,-3.0761,21,24,-0.017771,2.6279,-1.469,1.9264,2.1708,48.413,104.21,6,trajectory,0.041077,1,0.13569,2.9023,1,running,0.023546,0.036086,0.43684,0.006435,0.068461,176.15,-0.0079257,0.048692,7.6434,-0.037259,0.042882,119.26,-0.0070727,0.027921,-132.59,-0.010345,0.036973,-44.352,-0.0032331,0.056387,-130.08,-0.015008,0.072643,-97.426
260,1041.1,1.6666,4.9139,-3.0758,21,24,-0.017771,2.6279,-1.469,1.8311,2.1702,49.844,104.21,6,trajectory,0.041077,1,0.1351,2.8395,1,running,0.023546,0.036086,0.43684,0.006435,0.068461,176.15,-0.0079257,0.048692,7.6434,-0.037259,0.042882,119.26,-0.0070727,0.027921,-132.59,-0.010345,0.036973,-44.352,-0.0032331,0.056387,-130.08,-0.015008,0.072643,-97.426
261,1041.3,1.5828,4.9083,-3.0755,21,24,-0.017771,2.6279,-1.469,1.7477,2.1697,51.148,104.21,6,trajectory,0.041077,1,0.13601,2.7861,1,running,0.023546,0.036086,0.43684,0.006435,0.068461,176.15,-0.0079257,0.048692,7.6434,-0.037259,0.042882,119.26,-0.0070727,0.027921,-132.59,-0.010345,0.036973,-44.352,-0.0032331,0.056387,-130.08,-0.015008,0.072643,-97.426
262,1041.4,1.4873,4.902,-3.0741,21,24,-0.017771,2.6279,-1.469,1.655,2.1674,52.636,104.21,6,trajectory,0.041077,1,0.13939,2.727,1,running,0.023546,0.036086,0.43683,0.006435,0.068461,176.15,-0.0079257,0.048692,7.6434,-0.037259,0.042882,119.26,-0.0070727,0.027921,-132.59,-0.010345,0.036973,-44.352,-0.0032331,0.056387,-130.08,-0.015008,0.072643,-97.426
263,1041.6,1.3928,4.8954,-3.069,21,24,-0.017771,2.6279,-1.469,1.5713,2.1592,53.955,104.21,6,trajectory,0.041077,1,0.13319,2.6704,1,running,0.023546,0.036086,0.43683,0.006435,0.068461,176.15,-0.0079257,0.048692,7.6434,-0.037259,0.042882,119.26,-0.0070727,0.027921,-132.59,-0.010345,0.036973,-44.352,-0.0032331,0.056387,-130.08,-0.015008,0.072643,-97.426
264,1041.7,1.3001,4.8882,-3.0574,21,24,-0.017771,2.6279,-1.469,1.5033,2.1415,54.932,104.21,6,trajectory,0.041077,1,0.13394,2.6164,1,running,0.023546,0.036086,0.43683,0.006435,0.068461,176.15,-0.0079257,0.048692,7.6434,-0.037259,0.042882,119.26,-0.0070727,0.027921,-132.59,-0.010345,0.036973,-44.352,-0.0032331,0.056387,-130.08,-0.015008,0.072643,-97.426
265,1041.9,1.221,4.8809,-3.0407,21,24,-0.017771,2.6279,-1.469,1.4595,2.1167,55.414,104.21,6,trajectory,0.041077,1,0.13432,2.5711,1,running,0.023546,0.036086,0.43684,0.006435,0.068461,176.15,-0.0079257,0.048692,7.6434,-0.037259,0.042882,119.26,-0.0070727,0.027921,-132.59,-0.010345,0.036973,-44.352,-0.0032331,0.056387,-130.08,-0.015008,0.072643,-97.426
266,1042,1.1328,4.8708,-3.0145,21,24,-0.017771,2.6279,-1.469,1.4256,2.0791,55.563,104.21,6,trajectory,0.041077,1,0.13537,2.5209,1,running,0.023546,0.036086,0.43683,0.006435,0.068461,176.15,-0.0079257,0.048692,7.6434,-0.037259,0.042882,119.26,-0.0070727,0.027921,-132.59,-0.010345,0.036973,-44.352,-0.0032331,0.056387,-130.08,-0.015008,0.072643,-97.426
267,1042.2,1.0474,4.8586,-2.981,21,24,-0.017771,2.6279,-1.469,1.4082,2.0316,55.273,104.21,6,trajectory,0.041077,1,0.13482,2.4719,1,running,0.023546,0.036086,0.43684,0.006435,0.068461,176.15,-0.0079257,0.048692,7.6434,-0.037259,0.042882,119.26,-0.0070727,0.027921,-132.59,-0.010345,0.036973,-44.352,-0.0032331,0.056387,-130.08,-0.015008,0.072643,-97.426
268,1042.4,0.96478,4.8435,-2.9407,22,24,0.077342,1.5583,-1.4888,1.5251,3.0421,63.374,104.21,6,trajectory,0.041077,1,0.13651,2.4237,1,running,0.023546,0.036086,0.43684,0.006435,0.068461,176.15,-0.0079257,0.048692,7.6434,-0.037259,0.042882,119.26,-0.0070727,0.027921,-132.59,-0.010345,0.036973,-44.352,-0.0032331,0.056387,-130.08,-0.015008,0.072643,-97.426
269,1042.5,0.89466,4.8278,-2.9012,22,24,0.077342,1.5583,-1.4888,1.5723,2.9809,62.19,104.21,6,trajectory,0.041077,1,0.13514,3.3702,1,running,0.023546,0.036086,0.43684,0.006435,0.068461,176.15,-0.0079257,0.048692,7.6434,-0.037259,0.042882,119.26,-0.0070727,0.027921,-132.59,-0.010345,0.036973,-44.352,-0.0032331,0.056387,-130.08,-0.015008,0.072643,-97.426
270,1042.7,0.81659,4.8067,-2.8522,22,24,0.077342,1.5583,-1.4888,1.6356,2.9023,60.596,104.21,6,trajectory,0.041077,1,0.13694,3.3314,1,running,0.023546,0.036086,0.43684,0.006435,0.068461,176.15,-0.0079257,0.048692,7.6434,-0.037259,0.042882,119.26,-0.0070727,0.027921,-132.59,-0.010345,0.036973,-44.352,-0.0032331,0.056387,-130.08,-0.015008,0.072643,-97.426
271,1042.8,0.74117,4.782,-2.7996,22,24,0.077342,1.5583,-1.4888,1.7065,2.8145,58.77,104.21,6,trajectory,0.041077,1,0.13964,3.2914,1,running,0.023546,0.036086,0.43684,0.006435,0.068461,176.15,-0.0079257,0.048692,7.6434,-0.037259,0.042882,119.26,-0.0070727,0.027921,-132.59,-0.010345,0.036973,-44.352,-0.0032331,0.056387,-130.08,-0.015008,0.072643,-97.426
272,1043,0.67717,4.7575,-2.7514,22,24,0.077342,1.5583,-1.4888,1.7716,2.7306,57.024,104.21,6,trajectory,0.041077,1,0.13572,3.255,1,running,0.023546,0.036086,0.43684,0.006435,0.068461,176.15,-0.0079257,0.048692,7.6434,-0.037259,0.042882,119.26,-0.0070727,0.027921,-132.59,-0.010345,0.036973,-44.352,-0.0032331,0.056387,-130.08,-0.015008,0.072643,-97.426
273,1043.1,0.60665,4.7261,-2.6942,22,24,0.077342,1.5583,-1.4888,1.8477,2.6271,54.881,104.21,6,trajectory,0.041077,1,0.1396,3.2118,1,running,0.023546,0.036086,0.43683,0.006435,0.068461,176.15,-0.0079257,0.048692,7.6434,-0.037259,0.042882,119.26,-0.0070727,0.027921,-132.59,-0.010345,0.036973,-44.352,-0.0032331,0.056387,-130.08,-0.015008,0.072643,-97.426
274,1043.3,0.53853,4.691,-2.6353,22,24,0.077342,1.5583,-1.4888,1.9224,2.5161,52.618,104.21,6,trajectory,0.041077,1,0.13729,3.1665,1,running,0.023546,0.036086,0.43683,0.006435,0.068461,176.15,-0.0079257,0.048692,7.6434,-0.037259,0.042882,119.26,-0.0070727,0.027921,-132.59,-0.010345,0.036973,-44.352,-0.0032331,0.056387,-130.08,-0.015008,0.072643,-97.426
275,1043.4,0.47284,4.6519,-2.5751,22,24,0.077342,1.5583,-1.4888,1.9941,2.3981,50.255,104.21,6,trajectory,0.041077,1,0.13699,3.1189,1,running,0.023546,0.036086,0.43684,0.006435,0.068461,176.15,-0.0079257,0.048692,7.6434,-0.037259,0.042882,119.26,-0.0070727,0.027921,-132.59,-0.010345,0.036973,-44.352,-0.0032331,0.056387,-130.08,-0.015008,0.072643,-97.426
276,1043.6,0.4101,4.6093,-2.5138,22,24,0.077342,1.5583,-1.4888,2.0615,2.2737,47.803,104.21,6,trajectory,0.041077,1,0.13548,3.0691,1,running,0.023546,0.036086,0.43683,0.006435,0.068461,176.15,-0.0079257,0.048692,7.6434,-0.037259,0.042882,119.26,-0.0070727,0.027921,-132.59,-0.010345,0.036973,-44.352,-0.0032331,0.056387,-130.08,-0.015008,0.072643,-97.426
277,1043.8,0.35803,4.5693,-2.4596,22,24,0.077342,1.5583,-1.4888,2.1159,2.1606,45.6,104.21,6,trajectory,0.041077,1,0.1354,3.0241,1,running,0.023546,0.036086,0.43684,0.006435,0.068461,176.15,-0.0079257,0.048692,7.6434,-0.037259,0.042882,119.26,-0.0070727,0.027921,-132.59,-0.010345,0.036973,-44.352,-0.0032331,0.056387,-130.08,-0.015008,0.072643,-97.426
278,1043.9,0.30148,4.5204,-2.3972,22,24,0.077342,1.5583,-1.4888,2.1717,2.0269,43.024,104.21,6,trajectory,0.041077,1,0.13463,2.9706,1,running,0.023546,0.036086,0.43683,0.006435,0.068461,176.15,-0.0079257,0.048692,7.6434,-0.037259,0.042882,119.26,-0.0070727,0.027921,-132.59,-0.010345,0.036973,-44.352,-0.0032331,0.056387,-130.08,-0.015008,0.072643,-97.426
279,1044.1,0.24779,4.4677,-2.3342,22,24,0.077342,1.5583,-1.4888,2.22,1.8883,40.384,104.21,6,trajectory,0.041077,1,0.13603,2.9144,1,running,0.023546,0.036086,0.43683,0.006435,0.068461,176.15,-0.0079257,0.048692,7.6434,-0.037259,0.042882,119.26,-0.0070727,0.027921,-132.59,-0.010345,0.036973,-44.352,-0.0032331,0.056387,-130.08,-0.015008,0.072643,-97.426
280,1044.2,0.20399,4.4193,-2.279,22,24,0.077342,1.5583,-1.4888,2.2554,1.7649,38.044,104.21,6,trajectory,0.041077,1,0.1473,2.8639,1,running,0.023546,0.036086,0.43684,0.006435,0.068461,176.15,-0.0079257,0.048692,7.6434,-0.037259,0.042882,119.26,-0.0070727,0.027921,-132.59,-0.010345,0.036973,-44.352,-0.0032331,0.056387,-130.08,-0.015008,0.072643,-97.426
281,1044.4,0.15163,4.3536,-2.2079,22,24,0.077342,1.5583,-1.4888,2.2912,1.603,34.978,104.21,6,trajectory,0.041077,1,0.14969,2.7963,1,running,0.023546,0.036086,0.43684,0.006435,0.068461,176.15,-0.0079257,0.048692,7.6434,-0.037259,0.042882,119.26,-0.0070727,0.027921,-132.59,-0.010345,0.036973,-44.352,-0.0032331,0.056387,-130.08,-0.015008,0.072643,-97.426
282,1044.5,0.10904,4.2921,-2.1444,22,24,0.077342,1.5583,-1.4888,2.3134,1.457,32.203,104.21,6,trajectory,0.041077,1,0.14019,2.734,1,running,0.023546,0.036086,0.43684,0.006435,0.068461,176.15,-0.0079257,0.048692,7.6434,-0.037259,0.042882,119.26,-0.0070727,0.027921,-132.59,-0.010345,0.036973,-44.352,-0.0032331,0.056387,-130.08,-0.015008,0.072643,-97.426
283,1044.7,0.070498,4.228,-2.0811,22,24,0.077342,1.5583,-1.4888,2.3262,1.3101,29.387,104.21,6,trajectory,0.041077,1,0.14054,2.6698,1,running,0.023546,0.036086,0.43683,0.006435,0.068461,176.15,-0.0079257,0.048692,7.6434,-0.037259,0.042882,119.26,-0.0070727,0.027921,-132.59,-0.010345,0.036973,-44.352,-0.0032331,0.056387,-130.08,-0.015008,0.072643,-97.426
284,1044.9,0.036054,4.1617,-2.0179,22,24,0.077342,1.5583,-1.4888,2.3297,1.1628,26.526,104.21,6,trajectory,0.041077,1,0.13885,2.6037,1,running,0.023546,0.036086,0.43683,0.006435,0.068461,176.15,-0.0079257,0.048692,7.6434,-0.037259,0.042882,119.26,-0.0070727,0.027921,-132.59,-0.010345,0.036973,-44.352,-0.0032331,0.056387,-130.08,-0.015008,0.072643,-97.426
285,1045,0.0058152,4.0931,-1.9547,22,24,0.077342,1.5583,-1.4888,2.3236,1.0158,23.613,104.21,6,trajectory,0.041077,1,0.1379,2.5359,1,running,0.023546,0.036086,0.43683,0.006435,0.068461,176.15,-0.0079257,0.048692,7.6434,-0.037259,0.042882,119.26,-0.0070727,0.027921,-132.59,-0.010345,0.036973,-44.352,-0.0032331,0.056387,-130.08,-0.015008,0.072643,-97.426
286,1045.2,-0.020053,4.0228,-1.8922,22,24,0.077342,1.5583,-1.4888,2.3076,0.87103,20.68,104.21,6,trajectory,0.041077,1,0.13769,2.4665,1,running,0.023546,0.036086,0.43683,0.006435,0.068461,176.15,-0.0079257,0.048692,7.6434,-0.037259,0.042882,119.26,-0.0070727,0.027921,-132.59,-0.010345,0.036973,-44.352,-0.0032331,0.056387,-130.08,-0.015008,0.072643,-97.426
287,1045.3,-0.041774,3.9502,-1.8309,23,24,0.12418,0.99345,-1.4865,2.8146,0.92078,18.115,104.21,6,trajectory,0.041077,1,0.13858,2.3949,1,running,0.023546,0.036086,0.43683,0.006435,0.068461,176.15,-0.0079257,0.048692,7.6434,-0.037259,0.042882,119.26,-0.0070727,0.027921,-132.59,-0.010345,0.036973,-44.352,-0.0032331,0.056387,-130.08,-0.015008,0.072643,-97.426
288,1045.5,-0.059363,3.8752,-1.7721,23,24,0.12418,0.99345,-1.4865,2.7868,0.75607,15.179,104.21,6,trajectory,0.041077,1,0.1426,2.8876,1,running,0.023546,0.036086,0.43683,0.006435,0.068461,176.15,-0.0079257,0.048692,7.6434,-0.037259,0.042882,119.26,-0.0070727,0.027921,-132.59,-0.010345,0.036973,-44.352,-0.0032331,0.056387,-130.08,-0.015008,0.072643,-97.426
289,1045.7,-0.072926,3.7979,-1.718,23,24,0.12418,0.99345,-1.4865,2.7453,0.60618,12.452,104.21,6,trajectory,0.041077,1,0.13717,2.8114,1,running,0.023546,0.036086,0.43684,0.006435,0.068461,176.15,-0.0079257,0.048692,7.6434,-0.037259,0.042882,119.26,-0.0070727,0.027921,-132.59,-0.010345,0.036973,-44.352,-0.0032331,0.056387,-130.08,-0.015008,0.072643,-97.426
290,1045.8,-0.081647,3.7282,-1.6733,23,24,0.12418,0.99345,-1.4865,2.6993,0.48448,10.175,104.21,6,trajectory,0.041077,1,0.13875,2.7425,1,running,0.023546,0.036086,0.43684,0.006435,0.068461,176.15,-0.0079257,0.048692,7.6434,-0.037259,0.042882,119.26,-0.0070727,0.027921,-132.59,-0.010345,0.036973,-44.352,-0.0032331,0.056387,-130.08,-0.015008,0.072643,-97.426
291,1046,-0.088111,3.6463,-1.627,23,24,0.12418,0.99345,-1.4865,2.6367,0.361,7.796,104.21,6,trajectory,0.041077,1,0.13686,2.6613,1,running,0.023546,0.036086,0.43683,0.006435,0.068461,176.15,-0.0079257,0.048692,7.6434,-0.037259,0.042882,119.26,-0.0070727,0.027921,-132.59,-0.010345,0.036973,-44.352,-0.0032331,0.056387,-130.08,-0.015008,0.072643,-97.426
292,1046.1,-0.091114,3.5621,-1.5871,23,24,0.12418,0.99345,-1.4865,2.5648,0.25708,5.7237,104.21,6,trajectory,0.041077,1,0.13812,2.5777,1,running,0.023546,0.036086,0.43683,0.006435,0.068461,176.15,-0.0079257,0.048692,7.6434,-0.037259,0.042882,119.26,-0.0070727,0.027921,-132.59,-0.010345,0.036973,-44.352,-0.0032331,0.056387,-130.08,-0.015008,0.072643,-97.426
293,1046.3,-0.091004,3.4759,-1.5532,23,24,0.12418,0.99345,-1.4865,2.4858,0.17159,3.9488,104.21,6,trajectory,0.041077,1,0.13684,2.4917,1,running,0.023546,0.036086,0.43684,0.006435,0.068461,176.15,-0.0079257,0.048692,7.6434,-0.037259,0.042882,119.26,-0.0070727,0.027921,-132.59,-0.010345,0.036973,-44.352,-0.0032331,0.056387,-130.08,-0.015008,0.072643,-97.426
294,1046.4,-0.088669,3.3988,-1.5287,23,24,0.12418,0.99345,-1.4865,2.4122,0.11144,2.6451,104.21,6,trajectory,0.041077,1,0.13831,2.4147,1,running,0.023546,0.036086,0.43683,0.006435,0.068461,176.15,-0.0079257,0.048692,7.6434,-0.037259,0.042882,119.26,-0.0070727,0.027921,-132.59,-0.010345,0.036973,-44.352,-0.0032331,0.056387,-130.08,-0.015008,0.072643,-97.426
295,1046.6,-0.083827,3.3091,-1.5062,23,24,0.12418,0.99345,-1.4865,2.3242,0.058019,1.43,104.21,6,trajectory,0.041077,1,0.15026,2.325,1,running,0.023546,0.036086,0.43684,0.006435,0.068461,176.15,-0.0079257,0.048692,7.6434,-0.037259,0.042882,119.26,-0.0070727,0.027921,-132.59,-0.010345,0.036973,-44.352,-0.0032331,0.056387,-130.08,-0.015008,0.072643,-97.426
296,1046.8,-0.076145,3.2064,-1.4873,23,24,0.12418,0.99345,-1.4865,2.2219,0.015034,0.38767,104.21,6,trajectory,0.041077,1,0.14118,2.222,1,running,0.023546,0.036086,0.43684,0.006435,0.068461,176.15,-0.0079257,0.048692,7.6434,-0.037259,0.042882,119.26,-0.0070727,0.027921,-132.59,-0.010345,0.036973,-44.352,-0.0032331,0.056387,-130.08,-0.015008,0.072643,-97.426
297,1046.9,-0.067838,3.1136,-1.4766,23,24,0.12418,0.99345,-1.4865,2.1288,-0.0083267,-0.22411,104.21,6,trajectory,0.041077,1,0.13713,2.1288,1,running,0.023546,0.036086,0.43684,0.006435,0.068461,176.15,-0.0079257,0.048692,7.6434,-0.037259,0.042882,119.26,-0.0070727,0.027921,-132.59,-0.010345,0.036973,-44.352,-0.0032331,0.056387,-130.08,-0.015008,0.072643,-97.426
298,1047.1,-0.058624,3.0197,-1.4699,23,24,0.12418,0.99345,-1.4865,2.0344,-0.022225,-0.62592,104.21,6,trajectory,0.041077,1,0.13676,2.0345,1,running,0.023546,0.036086,0.43684,0.006435,0.068461,176.15,-0.0079257,0.048692,7.6434,-0.037259,0.042882,119.26,-0.0070727,0.027921,-132.59,-0.010345,0.036973,-44.352,-0.0032331,0.056387,-130.08,-0.015008,0.072643,-97.426
299,1047.2,-0.050091,2.9369,-1.4667,23,24,0.12418,0.99345,-1.4865,1.9511,-0.028707,-0.84296,104.21,6,trajectory,0.041077,1,0.13623,1.9513,1,running,0.023546,0.036086,0.43683,0.006435,0.068461,176.15,-0.0079257,0.048692,7.6434,-0.037259,0.042882,119.26,-0.0070727,0.027921,-132.59,-0.010345,0.036973,-44.352,-0.0032331,0.056387,-130.08,-0.015008,0.072643,-97.426
300,1047.4,-0.040068,2.8417,-1.4657,23,24,0.12418,0.99345,-1.4865,1.8553,-0.030607,-0.94516,104.21,6,trajectory,0.041077,1,0.13607,1.8555,1,running,0.023546,0.036086,0.43683,0.006435,0.068461,176.15,-0.0079257,0.048692,7.6434,-0.037259,0.042882,119.26,-0.0070727,0.027921,-132.59,-0.010345,0.036973,-44.352,-0.0032331,0.056387,-130.08,-0.015008,0.072643,-97.426
301,1047.5,-0.03005,2.7465,-1.4664,23,24,0.12418,0.99345,-1.4865,1.7596,-0.029215,-0.95121,104.21,6,trajectory,0.041077,1,0.13434,1.7598,1,running,0.023546,0.036086,0.43684,0.006435,0.068461,176.15,-0.0079257,0.048692,7.6434,-0.037259,0.042882,119.26,-0.0070727,0.027921,-132.59,-0.010345,0.036973,-44.352,-0.0032331,0.056387,-130.08,-0.015008,0.072643,-97.426
302,1047.7,-0.021416,2.6634,-1.4681,23,24,0.12418,0.99345,-1.4865,1.6761,-0.026364,-0.90116,104.21,6,trajectory,0.041077,1,0.14271,1.6763,1,running,0.023546,0.036086,0.43684,0.006435,0.068461,176.15,-0.0079257,0.048692,7.6434,-0.037259,0.042882,119.26,-0.0070727,0.027921,-132.59,-0.010345,0.036973,-44.352,-0.0032331,0.056387,-130.08,-0.015008,0.072643,-97.426
303,1047.9,-0.011777,2.5687,-1.4707,23,24,0.12418,0.99345,-1.4865,1.581,-0.02206,-0.79942,104.21,6,trajectory,0.041077,1,0.14281,1.5811,1,running,0.023546,0.036086,0.43684,0.006435,0.068461,176.15,-0.0079257,0.048692,7.6434,-0.037259,0.042882,119.26,-0.0070727,0.027921,-132.59,-0.010345,0.036973,-44.352,-0.0032331,0.056387,-130.08,-0.015008,0.072643,-97.426
304,1048,-0.002412,2.474,-1.4737,23,24,0.12418,0.99345,-1.4865,1.4859,-0.01752,-0.67554,104.21,6,trajectory,0.041077,1,0.13672,1.486,1,running,0.023546,0.036086,0.43683,0.006435,0.068461,176.15,-0.0079257,0.048692,7.6434,-0.037259,0.042882,119.26,-0.0070727,0.027921,-132.59,-0.010345,0.036973,-44.352,-0.0032331,0.056387,-130.08,-0.015008,0.072643,-97.426
